timestamp,gx,gy,gz,magnitude
20890.5167173,23.542028040430388,7.847342680143463,-10.463123573524618,26.931112608112915
20890.5968624,-418.52494294098466,2328.0449951092273,290.3516791653081,2383.1199560053606
20890.6136511,-498.74222367134007,2094.368568633844,25.28588196935116,2153.082182077818
20890.6308012,-661.792566025432,1840.6378219758722,-54.93139876100424,1956.7663250128894
20890.6424624,-1048.0562112813825,1491.8670361917184,-111.60665145092925,1826.6212306685359
20890.6596701,-1048.0562112813825,1382.0042386697098,152.58721878056733,1741.1606465348677
20890.6712239,-701.9012063906097,1584.291294424519,419.39686990544504,1782.8454626266396
20890.6879961,-524.9000326051516,1621.7841538963157,475.2001956309097,1769.6098756465315
20890.7047141,-571.9840886860125,1397.6989240299968,484.7913922399739,1586.111841559274
20890.7212524,-469.096706879687,1108.219171829149,469.9686338441474,1291.9256828519149
20890.7325626,-136.89253342028042,680.9749592435605,434.2196283012716,819.1539210826535
20890.749723,93.29618519726117,272.91313987610044,464.7370720573851,546.9609732274002
20890.7610417,267.68157808933813,15.694685360286925,589.42262797522,647.5482875941929
20890.7782868,561.5209651124878,-61.03488751222693,674.8714704923378,880.0469041130594
20890.7947627,764.6799478317574,-270.2973589827193,727.1870883599609,1089.310399457588
20890.8107107,929.4741441147702,-599.0138245842843,705.3889142484512,1311.6071313337638
20890.821928,954.7600260841214,-947.7846103684383,636.5066840560809,1488.2886594701552
20890.8386883,993.9967394848386,-1509.305575480926,442.93889794587545,1860.7062383938542
20890.8549074,571.1121617215521,-2432.6762308444736,263.3219432670362,2512.652222490782
20890.8712509,-181.36080860776002,-3650.758200195631,88.06462341049885,3656.32090455569
20890.8825294,-20.05432018258885,-4602.902445386371,199.67127486142812,4607.2748686730865
20890.8991108,-115.09435930877079,-5417.282230192371,451.6581675904793,5437.296071895838
20890.9159182,-205.77476361265082,-6210.735767851321,599.8857515487447,6243.031711141533
20890.9269837,-333.076100423867,-6835.035474404956,869.3111835670036,6898.141166932032
20890.9436332,-962.6073687642647,-7154.160743397457,1041.0807955656994,7293.317359861987
20890.9604471,-1756.0609064232149,-7170.727355722204,995.7405934137594,7449.468440536054
20890.9711686,-1797.9134007173134,-6100.872970329312,1108.219171829149,6456.1051206887405
20890.9877564,-2066.4669057711117,-5539.352005216824,1210.234626671014,6034.846639471497
20891.0049228,-2971.527094880991,-5768.668796869905,908.5478969677209,6552.325712651716
20891.0163401,-3592.339093576785,-5005.732702967069,552.801695467884,6186.1013385901015
20891.0333672,-2938.3938702314967,-3093.596869905445,1177.1014020215193,4426.066859045831
20891.049874,-1204.1311379197914,-916.3952396478644,2516.3812194326706,2936.304901414486
20891.0616313,-148.2275839582654,636.5066840560809,3138.065145092925,3205.3962360902046
20891.0782943,85.44884251711771,1310.5062275839582,2738.7225953700686,3037.322757234472
20891.0956522,-630.4031953048582,1275.6291490055428,2152.78767525269,2580.5295365802463
20891.107081,-1867.6675578741442,1127.4015650472775,1814.4800130420606,2837.5260550937214
20891.1245077,-2023.7424845125531,1484.8916204760353,1741.2381480273884,3054.88904157366
20891.1361847,-1960.9637430714054,2090.008933811542,1852.8447994783176,3412.7042057591984
20891.1526469,-1801.401108575155,2557.3617867623084,2001.072383436583,3713.4129781267893
20891.1696016,-1684.5628953374633,3017.7392239973915,2026.3582654059342,4006.3237502951583
20891.1812056,-1771.7555917835018,3420.5694815780894,1895.5692207368766,4293.31994218047
20891.1983575,-2130.9895011411804,3758.8771437887185,1623.5280078252365,4615.854940123677
20891.2155518,-2141.452624714705,3857.404890772742,1340.1517443756113,4611.008407410244
20891.2265021,-1940.037495924356,3683.0194978806653,1048.9281382458428,4292.857829763931
20891.2436686,-1826.686990544506,3200.843886534072,1201.5153570264101,3876.3160475582213
20891.2605913,-1987.121552005217,2758.7769155526576,1299.1711770459733,3639.6906296410516
20891.2718403,-1678.4594065862407,2806.7328985979784,1419.4970981415063,3565.101338708649
20891.288622,-1361.949918487121,3055.232083469188,1682.8190414085425,3744.493368995827
20891.3052021,-1337.5359634822303,3217.4104988588197,1594.7544179980437,3831.9674353391333
20891.3164525,-2295.783697424193,3168.582588849038,1308.7623736550374,4125.941996491363
20891.3332757,-3044.7689598956636,2995.941049885882,1417.7532442125855,4500.700507144499
20891.3502454,-3018.611150961852,2941.8815780893383,1770.8836648190415,4571.948102782399
20891.3615091,-2613.165112487773,2778.831235735246,2268.753961525921,4438.218052299894
20891.3781168,-1955.732181284643,2300.143332246495,2571.3126181936746,3965.752929050473
20891.3954576,-1651.4296706879688,1873.7710466253668,2682.0473426801436,3664.9168941161156
20891.4069715,-1773.4994457124226,1577.315878708836,2553.874078904467,3486.4736448264507
20891.4236227,-1736.8785132050864,1165.7663514835344,2152.78767525269,3001.7083353658168
20891.4402803,-1125.6577111183567,388.0074991848712,1133.5050537985003,1643.9248185396607
20891.4512021,-1123.913857189436,87.19269644603848,844.8972285621128,1408.7711849437815
20891.4678175,-700.157352461689,-714.9801108575155,435.091555265732,1091.201878018701
20891.4849698,-185.72044343006195,-1357.590283664819,9.591196609064232,1370.2683870181697
20891.4964827,310.40599934789697,-1632.2472774698404,-95.91196609064232,1664.2662540826348
20891.5139011,599.0138245842843,-1727.2873165960223,27.029735898271927,1828.40631226741
20891.5314338,376.6724486468862,-1841.5097489403327,23.542028040430388,1879.785763350756
20891.5427118,22.670101075970003,-1864.1798500163027,-36.62093250733616,1864.6773284907247
20891.5595594,115.96628627323118,-1941.7813498532769,-116.83821323769156,1948.7468173835707
20891.5764937,-356.61812846429734,-2573.0564721225956,32.261297685034236,2597.852361010856
20891.5877681,-675.7433974567982,-3445.8553635474404,-103.75930877078578,3513.0206830947795
20891.6039448,-721.9555265731985,-3728.3597000326054,-681.8468862080209,3858.34174372986
20891.620749,-880.6462341049886,-3612.393413759374,-1722.9276817737202,4097.975568745813
20891.6320045,-896.3409194652755,-3594.0829475057058,-2664.608803390936,4563.003325943082
20891.6485042,-716.7239647864362,-3587.9794587544834,-3471.1412455167915,5043.422586346614
20891.6649517,-336.56380828170853,-3359.5345940658626,-3889.6661884577766,5150.655389695763
20891.6762211,820.4832735572221,-2536.435539615259,-4010.86403651777,4815.986749176345
20891.6931872,872.7988914248451,-1756.0609064232149,-3652.5020541245517,4145.636147483813
20891.7100597,943.4249755461364,-700.157352461689,-3410.978284969025,3607.636880732403
20891.7215103,657.4329312031301,45.340202151940005,-3649.01434626671,3708.0425418570626
20891.7379989,896.3409194652755,558.0332572546463,-3836.4786436256927,3979.1200714612924
20891.7545181,548.442060645582,998.3563743071405,-3410.978284969025,3596.1475226323937
20891.77147,447.2985327681774,1419.4970981415063,-2621.884382132377,3014.8508590506426
20891.7824166,713.2362569285947,1990.6092598630585,-1908.6481252037822,2848.5380196679803
20891.7988525,292.96746005868926,2369.897489403326,-1572.0843169220736,2858.967146094157
20891.8159904,-192.69585914574503,2362.9220736876428,-1398.5708509944573,2752.5502439925754
20891.8271119,-544.0824258232801,2672.4561460710793,-1497.970524942941,3111.585324615197
20891.8433747,-224.08522986631888,2827.6591457450277,-1385.4919465275514,3156.811424309733
20891.8605413,-432.4757743723508,2670.7122921421587,-867.5673296380828,2841.1991331607755
20891.8713216,-593.782262797522,2451.858624062602,-565.0086729703294,2585.2316895270324
20891.8879264,-619.0681447668732,2499.814607107923,-356.61812846429734,2599.902868825029
20891.9042634,-550.1859145745028,2580.0318878382786,-30.517443756113465,2638.219171568568
20891.9210164,-151.71529181610694,2712.564786436257,674.8714704923378,2799.3707778837215
20891.9319355,26.15780893381154,2768.3681121617215,1259.0625366807956,3041.3458709385804
20891.9489707,-186.59237039452233,2571.3126181936746,1487.5074013694164,2976.4313468145456
20891.9654522,-301.6867297032931,2429.188522986632,1448.2706879686991,2844.1975579622404
20891.9764307,-284.24819041408546,2424.82888816433,1394.2112161721552,2811.4795190308932
20891.9935133,-581.5752852950766,2146.684186501467,1544.1826540593413,2707.5787852136946
20892.0100964,-875.4146723182263,1601.7298337137267,1834.5343332246496,2587.9346066890175
20892.0213276,-288.6078252363873,1233.7766547114445,1939.1655689598956,2316.433123217287
20892.0376702,224.95715683077927,1076.829801108575,1946.1409846755787,2235.5386096417465
20892.054143,614.7085099445712,1051.543919139224,1881.6183893055104,2241.450184378323
20892.0711174,959.1196609064232,939.9372676882948,1674.9716987283991,2146.840185637415
20892.0825905,975.6862732311705,731.5467231822628,1413.3936093902837,1866.7634577084827
20892.0992817,600.7576785132051,564.136746005869,1185.8206716661232,1444.0674228848738
20892.1111784,40.980567329638085,414.1653081186828,864.0796217802413,959.0859722275095
20892.1280285,-413.2933811542224,88.93655037495924,451.6581675904793,618.6406301316432
20892.1449675,-406.3179654385393,-672.2556895989567,-47.95598304532116,786.9699978691222
20892.1561187,-198.79934789696773,-1631.3753505053799,-431.60384740789044,1699.1729152908788
20892.1725375,34.87707857841539,-1913.0077600260843,-510.94920117378547,1980.3747591580516
20892.189214,144.73987610042386,-1613.9368112161721,-626.0435604825562,1737.144841961622
20892.206015,310.40599934789697,-1572.0843169220736,-883.2620149983698,1829.7411759815893
20892.2176873,163.92226931855234,-1804.8888164329965,-1273.0133681121617,2214.73636928997
20892.2354466,-156.07492663840887,-2051.6441473752852,-1474.4284969025107,2531.312403213527
20892.246745,-342.66729703293123,-2310.6064558200196,-1443.0391261819368,2745.666583878118
20892.2633944,-382.7759373981089,-2499.814607107923,-1525.000260841213,2953.170547687165
20892.2805286,-413.2933811542224,-2705.5893707205737,-1838.0220410824911,3296.869770762425
20892.2917151,-228.4448646886208,-3169.454515813499,-2184.177045973264,3855.938063839936
20892.3089038,-52.31561786762308,-3737.078969677209,-2362.9220736876428,4421.752692744909
20892.3262566,75.85764590805347,-3979.474665797196,-2391.6956635148354,4643.509571976791
20892.3381548,-164.79419628301272,-3771.9560482556244,-2743.9541571568307,4667.34335288063
20892.3558366,-467.35285295076625,-3307.2189761982395,-3285.42080208673,4685.094011060094
20892.3673138,-385.39171829149006,-3174.686077600261,-2837.250342354092,4275.178121789198
20892.3842922,-734.1625040756439,-3189.5088359960873,-2387.3360286925335,4051.090533570087
20892.3964198,-921.6268014346267,-3031.6900554287577,-2012.407433974568,3753.7080645175847
20892.4146154,-792.5816106944898,-2831.146853602869,-1978.402282360613,3543.677991455513
20892.4264887,-522.2842517117705,-2943.625432018259,-2142.3245516791653,3677.9431763334983
20892.4433029,-141.25216824258234,-3217.4104988588197,-1941.7813498532769,3760.611293903985
20892.4612755,-6.103488751222693,-3103.1880665145095,-1342.7675252689926,3381.24800268333
20892.4727853,-489.15102706227583,-2679.4315617867624,-859.7199869579393,2856.175883511043
20892.4901769,-1151.8155200521683,-2212.078708835996,-520.5403977828497,2547.7310517483006
20892.5024546,-1354.974502771438,-2001.072383436583,-323.48490381480275,2438.2143199295147
20892.5189742,-1355.8464297358983,-2016.76706879687,-163.92226931855234,2435.6804924270436
20892.5360641,-1000.9721552005217,-1980.1461362895338,92.42425823280078,2220.690482723567
20892.5470784,-209.26247147049233,-1634.8630583632214,354.87427453537657,1685.972642807022
20892.5638183,-450.7862406260189,-1392.4673622432344,432.4757743723508,1526.1745919354491
20892.5807404,-1123.913857189436,-1186.6925986305837,675.7433974567982,1768.6296450171528
20892.5925922,-1520.640626018911,-883.2620149983698,968.7108575154874,2007.7102445588498
20892.609558,-1676.71555265732,-686.2065210303228,1132.6331268340398,2136.6123265649608
20892.6264207,-1529.3598956635149,-450.7862406260189,1193.6680143462668,1991.7312202390701
20892.6381327,-1170.9979132702967,-202.28705575480927,1233.7766547114445,1712.9976647737444
20892.6552034,-1138.7366155852626,-70.62608412129117,1205.8749918487122,1660.0733777152795
20892.6667515,-1247.7274861428107,-81.08920769481578,1107.3472448646887,1670.2147346943889
20892.6845649,-1252.0871209651125,-89.80847733941962,1078.5736550374959,1655.0253322622202
20892.6964057,-1178.84525595044,-116.83821323769156,1181.4610368438214,1673.0742622876942
20892.7142667,-1014.9229866318879,-27.029735898271927,1424.7286599282686,1749.4716430504159
20892.7316598,-879.7743071405282,178.74502771437886,1669.7401369416368,1895.780773547165
20892.7428918,-742.8817737202478,410.67760026084125,1849.357091620476,2034.8589812094326
20892.7600474,-602.5015324421258,639.9943919139224,2003.6881643299641,2188.0052966463227
20892.7719274,-491.766807955657,790.837756765569,2179.817411150962,2370.414077094923
20892.7895772,-420.26879686990543,787.3500489077275,2350.715096185197,2514.4397834449046
20892.8012515,-351.38656667753503,716.7239647864362,2439.6516465601567,2566.9175907115323
20892.8182075,-171.7696119986958,607.7330942288881,2475.4006521030324,2554.6922910321937
20892.8357788,10.463123573524618,363.5935441799804,2562.593348549071,2588.28020360088
20892.8469309,113.35050537985002,164.79419628301272,2609.6774046299315,2617.3310108647793
20892.8634961,159.5626344962504,123.81362895337463,2596.5985001630256,2604.441172322935
20892.8812477,214.49403325725464,171.7696119986958,2538.17939354418,2553.0113833904948
20892.8925047,439.4511900880339,235.4202804043039,2429.188522986632,2479.8179241842345
20892.9101805,684.4626671014021,105.50316269970655,2222.541832409521,2327.941635180203
20892.9220473,605.9892402999674,-333.076100423867,1896.4411477013368,2018.5766457401771
20892.940075,290.3516791653081,-1000.1002282360613,1468.3250081512879,1800.1341321341629
20892.9518713,143.86794913596347,-1287.8361265079882,939.0653407238344,1600.3323372588766
20892.9691047,48.82791000978155,-1140.4804695141834,376.6724486468862,1202.0657218758283
20892.9861852,42.724421258558856,-1034.1053798500163,-214.49403325725464,1056.9801337345891
20892.9976858,293.83938702314964,-1286.0922725790674,-746.3694815780893,1515.7316127813908
20893.0147747,562.3928920769482,-1866.7956309096837,-1089.0367786110205,2233.2068416986426
20893.0262179,536.2350831431366,-2291.4240626018914,-1369.7972611672644,2722.9610419111436
20893.0429829,224.95715683077927,-2147.556113465928,-1770.011737854581,2792.0502386306134
20893.0603002,-165.6661232474731,-1502.330159765243,-2167.6104336485164,2642.5321503047066
20893.0717237,-346.1550048907728,-931.217998043691,-2607.0616237365502,2789.9391673029877
20893.0877988,-316.50948809911966,-610.3488751222693,-3096.2126507988264,3171.629988568415
20893.1043648,-266.80965112487775,-322.61297685034236,-3199.971959569612,3227.2414016923804
20893.1161156,-282.5043364851647,143.86794913596347,-2689.894685360287,2708.5125263234486
20893.1327796,-365.3373981089012,714.1081838930551,-2158.0192370394525,2302.2747316930618
20893.1495836,-415.0372350831431,1257.3186827518748,-1903.41656341702,2318.642014281771
20893.1666681,-412.421454189762,1662.7647212259537,-1844.1255298337137,2517.0770635429694
20893.1776171,-332.2041734594066,2028.9740462993154,-1825.8150635800457,2749.671969493065
20893.1946031,-313.0217802412781,2221.6699054450605,-1778.731007499185,2863.159758152651
20893.2113712,-433.3477013368112,2311.47838278448,-1588.650929246821,2838.0511481174262
20893.2226128,-501.3580045647212,2364.6659276165633,-1022.7703293120313,2624.702639251323
20893.2397449,-373.18474078904467,2480.6322138897945,-287.73589827192694,2524.994055141501
20893.2563512,-313.0217802412781,2605.3177698076297,212.75017932833387,2632.665181025696
20893.2677228,-312.14985327681774,2650.6579719595697,497.8702967068797,2715.013820877631
20893.2846707,-258.9623084447343,2684.6631235735244,563.2648190414086,2755.312109478766
20893.3015009,13.950831431366156,2548.6425171177048,626.0435604825562,2624.443530613561
20893.3127208,217.1098141506358,2355.9466579719597,696.6696446038475,2466.367758531201
20893.3295125,245.0114770133681,2192.024388653407,768.167655689599,2335.6119308582215
20893.3462152,165.6661232474731,2130.9895011411804,942.553048581676,2336.015361198722
20893.3577438,17.438539289207696,2144.0684056080863,1255.574828822954,2484.713581351608
20893.3749583,-221.46944897293773,2271.3697424193024,1509.305575480926,2736.0870862938764
20893.3862376,-387.13557222041084,2249.571568307793,1713.336485164656,2854.114241514096
20893.4030873,-335.69188131724815,1949.6286925334202,1838.8939680469514,2700.9761390377644
20893.4198337,-210.13439843495271,1614.8087381806326,1855.4605803716988,2468.7036459695655
20893.436388,-44.46827518747962,1400.314704923378,1865.9237039452235,2333.3516600091507
20893.4473822,217.98174111509618,1293.939615259211,1955.732181284643,2355.1399390076826
20893.4640028,434.2196283012716,1293.0676882947505,2020.2547766547116,2437.6218112558404
20893.4808216,538.8508640365178,1357.590283664819,2031.5898271926965,2502.1528446373686
20893.4919888,558.0332572546463,1334.0482556243887,2030.7179002282362,2492.9703277103163
20893.5088759,588.5507010107597,1135.248907727421,2023.7424845125531,2393.891320377264
20893.5260732,553.6736224323444,892.853211607434,1942.6532768177372,2208.538677855961
20893.5372322,483.04753831105313,689.6942288881644,1802.2730355396152,1989.2715119518468
20893.5542417,500.48607760026084,497.8702967068797,1649.685816759048,1794.3869260086183
20893.5713196,676.6153244212586,442.93889794587545,1355.8464297358983,1578.7091896808524
20893.5827352,922.4987283990871,429.85999347896967,1041.9527225301597,1456.519479402759
20893.6000121,1043.6965764590805,369.6970329312031,712.3643299641343,1316.6022096577958
20893.6114986,1096.884121291164,315.6375611346593,456.01780241278124,1229.1192300412142
20893.6286687,835.3060319530485,230.18871861754158,288.6078252363873,913.2455803252542
20893.6448187,417.6530159765243,-29.645516791653083,65.39452233452886,423.77982723519557
20893.6614497,79.34535376589501,-434.2196283012716,-293.83938702314964,530.2678154786219
20893.6726276,35.74900554287578,-779.502706227584,-578.9595044016954,971.6463184464234
20893.6894893,279.88855559178353,-947.7846103684383,-795.1973915878709,1268.4526647812527
20893.7064961,594.6541897619824,-1007.9475709162048,-956.5038800130421,1511.4468510660113
20893.7174511,701.0292794261494,-1074.214020215194,-1087.2929246820997,1681.5420648629015
20893.7347354,493.51066188457776,-1273.8852950766222,-1361.949918487121,1929.0526428465562
20893.7516059,242.39569611998695,-1680.2032605151614,-1772.6275187479623,2454.393405786006
20893.7629894,129.04519074013695,-2074.3142484512555,-2134.477208999022,2979.165188155452
20893.7794459,217.98174111509618,-2265.2662536680796,-2348.9712422562766,3270.5677085811844
20893.7963516,375.8005216824258,-2347.2273883273556,-2328.0449951092273,3327.2354806752055
20893.8078298,381.03208346918814,-2376.0009781545486,-2185.9208999021844,3250.9715897641154
20893.8245964,341.79537006847085,-2383.848320834692,-2087.393152918161,3186.968319044958
20893.8410473,313.0217802412781,-2566.9529833713727,-2103.087838278448,3333.1979703070933
20893.8521465,12.206977502445387,-2836.3784153896318,-2355.0747310074994,3686.67445188994
20893.8686199,-510.94920117378547,-2768.3681121617215,-2546.8986631887838,3796.2644653878892
20893.8855692,-970.4547114444082,-2301.8871861754155,-2395.183371372677,3460.8337647658554
20893.8967542,-1042.8246494946202,-1872.027192696446,-1974.9145745027715,2914.147668937176
20893.9140436,-692.3100097815455,-1905.1604173459407,-1602.6017606781872,2584.039815636421
20893.9314324,-297.3270948809912,-2045.5406586240626,-1424.7286599282686,2510.4763973906497
20893.9425287,-93.29618519726117,-2041.1810238017606,-1319.225497228562,2432.17599335219
20893.9593669,-295.5832409520704,-1996.712748614281,-1210.234626671014,2353.48658470875
20893.9766448,-711.4924029996739,-1804.016889468536,-1073.3420932507336,2216.4750452368844
20893.9877146,-926.858363221389,-1558.1334854907075,-803.9166612324748,1983.2116332575358
20894.0043258,-864.0796217802413,-1352.3587218780567,-381.9040104336485,1649.6540178476334
20894.0211341,-693.1819367460059,-1187.564525595044,-27.901662862732312,1375.3505744621011
20894.032327,-608.6050211933485,-1078.5736550374959,98.52774698402348,1242.3481468929904
20894.0491137,-580.7033583306162,-884.1339419628301,170.02575806977504,1071.3626725410918
20894.0656041,-626.0435604825562,-734.1625040756439,206.6466905771112,986.7258873358742
20894.076983,-699.2854254972286,-551.9297685034236,356.61812846429734,959.5848400336788
20894.0936703,-673.1276165634171,-254.60267362243235,748.1133355070101,1038.0736353262525
20894.110507,-649.5855885229867,-143.86794913596347,1117.8103684382133,1300.8302900045483
20894.1214184,-707.132768177372,-179.61695467883925,1343.6394522334529,1528.942765389374
20894.1385225,-810.8920769481579,-81.96113465927617,1463.0934463645256,1674.7853656056222
20894.1550451,-846.6410824910336,64.52259537006847,1526.7441147701338,1746.9722035167356
20894.1659978,-763.808020867297,197.92742093250735,1532.8476035213564,1724.0068829095135
20894.1822784,-604.2453863710466,289.4797522008477,1495.35474404956,1638.595991828518
20894.1991162,-462.12129116400394,286.8639713074666,1564.2369742419303,1656.105170986108
20894.216259,-347.89885881969354,306.04636452559504,1649.685816759048,1713.5230629388523
20894.2277185,-303.4305836322139,366.2093250733616,1706.361069448973,1771.3970441956585
20894.2443956,-267.68157808933813,387.13557222041084,1776.9871535702641,1838.2629633652996
20894.2604704,-204.03090968373004,387.13557222041084,1882.4903162699707,1932.6852703518514
20894.2715107,-110.73472448646886,411.54952722530163,1990.6092598630585,2035.721105166181
20894.2883778,6.975415715683078,455.14587544832085,2061.2353439843496,2110.899705730309
20894.3048488,140.38024127812196,503.101858493642,2063.851124877731,2128.9198100962226
20894.3163681,317.38141506358005,484.7913922399739,2085.6492989892404,2164.644694861501
20894.3334966,481.30368438213236,401.9583306162374,2167.6104336485164,2256.4925721600584
20894.3505264,603.3734594065862,231.06064558200197,2264.3943267036193,2354.7675512161663
20894.361381,603.3734594065862,68.8822301923704,2307.9906749266383,2386.550910561278
20894.3942945,384.5197913270297,-201.4151287903489,2234.748809911966,2276.5161469734326
20894.4111534,310.40599934789697,-408.9337463319205,1980.1461362895338,2045.6190785145202
20894.4224633,308.6621454189762,-744.6256276491686,1589.5228562112814,1782.2240475834215
20894.4396089,400.2144766873166,-1001.8440821649821,1035.849233778937,1495.6091827210441
20894.4566762,685.3345940658625,-1155.3032279100098,531.8754483208347,1444.7493023944319
20894.4684425,1012.3072057385067,-1445.6549070753179,266.80965112487775,1784.90094377095
20894.4854673,1052.4158461036843,-1802.2730355396152,175.25731985653735,2094.3930710176182
20894.4965318,750.7291164003913,-2202.487512226932,61.03488751222693,2327.717917880197
20894.5134507,357.4900554287577,-2420.469253342028,-298.19902184545157,2464.831272670435
20894.5306438,380.16015650472775,-2412.6219106618846,-920.7548744701663,2610.183090754377
20894.5416935,622.5558526247147,-2238.2365177698075,-1605.2175415715683,2823.8275186145256
20894.5588049,728.0590153244212,-2038.5652429083796,-2151.9157482882297,3052.3039768542317
20894.5755284,569.3683077926313,-1753.4451255298338,-2239.1084447342682,2900.4063000626816
20894.5868287,-204.90283664819043,-1247.7274861428107,-2230.389175089664,2563.873032055192
20894.6040039,-814.3797848059994,-633.8909031626997,-2457.9621128138247,2665.8225483031106
20894.6206216,-782.1184871209651,-140.38024127812196,-2782.3189435930876,2893.5643493647494
20894.6316957,-466.48092598630586,120.32592109553309,-2922.6991848712096,2962.136611779302
20894.648344,-325.2287577437235,526.6438865340724,-2839.8661232474733,2906.538684768512
20894.6650536,-595.5261167264428,1154.4313009455493,-2670.7122921421587,2969.8597831724874
20894.676111,-905.0601891098794,1552.029996739485,-2414.3657645908056,3009.5004738193547
20894.6928496,-842.2814476687316,1620.9122269318552,-2023.7424845125531,2726.2296543257617
20894.7094361,-674.8714704923378,1636.6069122921422,-1596.4982719269644,2383.8499154335814
20894.7262582,-789.0939028366482,1818.8396478643626,-1233.7766547114445,2335.1770138146476
20894.7373187,-917.2671666123248,1926.08666449299,-770.7834365829801,2268.3244918206483
20894.7536854,-897.2128464297359,1940.037495924356,-277.2727746984024,2155.3692419119157
20894.7699778,-986.1493968046951,1926.9585914574502,177.0011737854581,2171.863131399254
20894.7813642,-1181.4610368438214,1993.2250407564395,514.436909031627,2373.487218851747
20894.7976541,-1331.4324747310075,1986.2496250407564,772.5272905119009,2512.9063695905065
20894.814118,-1284.3484186501466,1911.2639060971635,972.198565373329,2499.53008178595
20894.8307365,-1190.1803064884252,1791.8099119660906,1146.583958265406,2437.573936504158
20894.8420001,-1036.7211607433974,1688.9225301597653,1294.8115422236713,2367.23192946742
20894.8583534,-829.2025432018258,1609.5771763938703,1470.9407890446691,2332.8056818551763
20894.8749193,-671.3837626344963,1593.8824910335834,1605.2175415715683,2359.6484712180636
20894.8861214,-518.7965438539289,1570.3404629931529,1640.0946201499837,2329.169248181259
20894.9032615,-407.1898924029997,1460.4776654711445,1640.0946201499837,2233.5418023534125
20894.9199182,-379.28822954026737,1386.3638734920119,1622.656080860776,2167.6893475648253
20894.9367646,-386.26364525595045,1307.0185197261167,1651.4296706879688,2141.195220380906
20894.9480008,-250.24303880013042,1186.6925986305837,1745.5977828496902,2125.5522862546304
20894.9650559,-61.03488751222693,1073.3420932507336,1822.3273557222042,2115.813200178829
20894.9763132,156.94685360286925,1022.7703293120313,1845.8693837626345,2116.1108768892827
20894.9929245,363.5935441799804,954.7600260841214,1817.0957939354419,2084.61125803239
20895.009701,476.0721225953701,891.1093576785132,1768.2678839256603,2036.5391875870216
20895.0270602,511.82112813824585,807.4043690903163,1703.7452885555917,1953.6147754125466
20895.0380186,456.01780241278124,719.3397456798174,1607.8333224649496,1819.4861633606245
20895.0548595,373.18474078904467,553.6736224323444,1532.8476035213564,1671.957866262277
20895.0711589,368.82510596674274,397.59869579393546,1487.5074013694164,1583.286124115667
20895.082703,468.22477991522663,333.9480273883274,1392.4673622432344,1506.559353107553
20895.099974,576.3437235083143,250.24303880013042,1199.7715030974894,1354.3431344161495
20895.1116358,634.7628301271601,181.36080860776002,918.1390935767852,1130.838179654323
20895.1290788,615.5804369090316,118.58206716661233,592.9103358330616,862.8694265624986
20895.1459774,469.9686338441474,70.62608412129117,257.2184545158135,540.38865078677
20895.1568177,261.57808933811543,6.975415715683078,-29.645516791653083,263.34503965715754
20895.173983,112.47857841538963,-80.2172807303554,-217.1098141506358,257.3381319016737
20895.1906829,-70.62608412129117,-217.1098141506358,-336.56380828170853,406.69388021449004
20895.2021794,-337.4357352461689,-428.9880665145093,-483.04753831105313,728.8542796069377
20895.2194817,-664.4083469188132,-619.9400717313335,-771.6553635474405,1192.1477022941299
20895.23649,-882.3900880339094,-612.9646560156505,-1082.0613628953374,1524.858921361511
20895.2480221,-728.0590153244212,-583.3191392239974,-1266.9098793609392,1573.3377864916804
20895.2648941,-395.8548418650147,-769.9115096185197,-1463.0934463645256,1700.0315353739377
20895.2815536,-156.94685360286925,-1239.0082164982068,-1750.8293446364526,2150.62248417662
20895.2929219,-179.61695467883925,-1656.6612324747312,-2085.6492989892404,2669.592045232212
20895.3094479,-268.5535050537985,-1729.031170524943,-2535.563612650799,3080.7065110981125
20895.3259808,-341.79537006847085,-1679.331333550701,-3117.1388979458757,3557.1804441063496
20895.3371816,-275.5289207694816,-1729.031170524943,-3587.9794587544834,3992.3754296497923
20895.3541408,42.724421258558856,-1919.1112487773069,-3590.595239647864,4071.5092455178556
20895.3716374,190.95200521682426,-2126.6298663188786,-3191.2526899250083,3839.6758961622504
20895.3831584,-347.02693185523316,-2035.9494620149985,-2995.941049885882,3638.843315904566
20895.4001662,-902.4444082164982,-1659.2770133681122,-2961.0639713074665,3512.193895443156
20895.4111985,-1095.1402673622433,-1548.5422888816433,-3002.916465601565,3551.7351710162793
20895.4282584,-761.1922399739159,-1527.616041734594,-3041.281252037822,3487.4655627200277
20895.4453523,-346.1550048907728,-1558.1334854907075,-2665.480730355396,3106.82969760402
20895.4568259,-7.847342680143463,-1567.7246820997718,-1968.8110857515487,2516.7517460071745
20895.4734093,-136.02060645582003,-1557.2615585262472,-1348.8710140202152,2064.707770971023
20895.4900634,-395.8548418650147,-1435.1917835017932,-954.7600260841214,1768.6274957342448
20895.5016801,-390.6232800782524,-1348.8710140202152,-869.3111835670036,1651.5875675475645
20895.5186874,-251.9868927290512,-1204.1311379197914,-926.858363221389,1540.2907572561378
20895.5357423,-279.01662862732314,-1173.6136941636778,-909.4198239321813,1510.7163196113002
20895.5470675,-687.0784479947832,-1193.6680143462668,-549.3139876100424,1482.7899308925473
20895.5635761,-908.5478969677209,-910.2917508966417,157.81878056732964,1295.761212698814
20895.5808765,-1039.3369416367786,-647.8417345940659,726.3151613955005,1423.8869003561035
20895.5917784,-1106.4753179002282,-560.6490381480274,928.6022171503098,1549.4892870862936
20895.6090342,-1113.4507336159113,-404.57411150961855,1088.1648516465602,1608.5880430528473
20895.6255147,-1074.214020215194,-214.49403325725464,1211.9784805999348,1633.6570291732535
20895.6367471,-1023.6422562764917,12.206977502445387,1319.225497228562,1669.834839639094
20895.6534708,-1028.873818063254,74.98571894359308,1437.8075643951745,1769.6030017417831
20895.670353,-984.4055428757744,-130.78904466905772,1680.2032605151614,1951.7282197313673
20895.6819274,-878.9023801760678,-261.57808933811543,1929.5743723508315,2136.387078488831
20895.6983422,-751.6010433648516,-207.51861754157156,2128.373720247799,2266.7030679061068
20895.7154627,-576.3437235083143,-154.3310727094881,2290.5521356374306,2366.9852668963285
20895.7264457,-419.39686990544504,-129.91711770459733,2368.153635474405,2408.510708543725
20895.743108,-252.85881969351158,-97.6558200195631,2359.434365829801,2374.9536350293592
20895.7601375,-94.16811216172155,-64.52259537006847,2355.9466579719597,2358.7105489802343
20895.7712182,22.670101075970003,-74.1137919791327,2355.9466579719597,2357.22112727117
20895.7879488,122.94170198891425,-96.78389305510271,2337.6361917182917,2342.8667800099156
20895.8044983,315.6375611346593,-156.07492663840887,2379.48868601239,2405.4007690165045
20895.8213093,576.3437235083143,-315.6375611346593,2462.3217476361265,2548.495153322504
20895.8324194,789.0939028366482,-522.2842517117705,2483.2479947831757,2657.436853562989
20895.8492692,937.3214867949137,-649.5855885229867,2333.2765568959894,2597.058431646193
20895.8659176,919.0110205412456,-713.2362569285947,2080.417737202478,2383.5740339541485
20895.8767956,901.5724812520378,-772.5272905119009,1741.2381480273884,2107.4965342041405
20895.8933221,926.858363221389,-914.6513857189436,1389.8515813498534,1904.557954238123
20895.909865,1022.7703293120313,-1151.8155200521683,1034.1053798500163,1855.2929890960174
20895.9267044,1128.273492011738,-1360.2060645582003,592.0384088686012,1863.7787122973943
20895.9377703,1220.6977502445386,-1577.315878708836,84.57691555265733,1996.2919709610383
20895.9545587,1389.8515813498534,-1819.711574828823,-406.3179654385393,2325.5390606878223
20895.9717308,1409.9059015324422,-2106.5755461362896,-894.5970655363548,2688.084651275267
20895.9832673,1175.3575480925986,-2316.7099445712424,-1424.7286599282686,2962.8469564853553
20896.0003058,974.8143462667101,-2239.9803716987285,-1947.8848386044995,3124.424814225531
20896.0116866,915.523312683404,-1886.8499510922727,-2301.0152592109553,3113.3674529559416
20896.0286045,827.4586892729052,-1284.3484186501466,-2523.3566351483537,2949.841936628061
20896.0460063,566.7525268992501,-715.8520378219758,-2607.0616237365502,2762.3220081591535
20896.0571342,267.68157808933813,-315.6375611346593,-2564.3372024779915,2597.51915974841
20896.0740058,123.81362895337463,60.162960547766545,-2458.834039778285,2462.6843548674437
20896.0909023,141.25216824258234,536.2350831431366,-2366.4097815454843,2430.5134218145977
20896.1023353,183.97658950114118,941.6811216172156,-2227.773394196283,2425.610235834182
20896.1188639,50.57176393870232,1214.594261493316,-1997.5846755787416,2338.4057089109647
20896.1356041,-100.27160091294425,1435.1917835017932,-1704.6172155200522,2230.5940242070137
20896.1467385,-186.59237039452233,1651.4296706879688,-1393.339289207695,2168.739505972957
20896.1641455,-250.24303880013042,1793.5537658950113,-1152.6874470166285,2146.6590414254924
20896.1812388,-188.3362243234431,1899.056928594718,-1053.2877730681448,2179.7483534414855
20896.1925536,-144.73987610042386,1933.9340071731333,-920.7548744701663,2146.82088556425
20896.2097343,-96.78389305510271,1942.6532768177372,-613.8365829801108,2039.623550190155
20896.2263788,-258.9623084447343,2025.486338441474,-276.400847733942,2060.595499615613
20896.2374256,-634.7628301271601,2043.7968046951419,12.206977502445387,2140.1350984675846
20896.2543386,-1009.6914248451255,2050.772220410825,182.2327355722204,2293.109732073164
20896.2707243,-1291.3238343658297,2071.698467557874,264.1938702314966,2455.453153035262
20896.2820898,-1225.0573850668407,1925.2147375285294,404.57411150961855,2317.5197073612226
20896.2992719,-914.6513857189436,1693.2821649820671,589.42262797522,2012.7619536381233
20896.3159102,-627.787414411477,1527.616041734594,744.6256276491686,1811.6829562620042
20896.3269443,-401.9583306162374,1471.8127160091294,860.5919139223997,1751.6910723259914
20896.3437057,-292.09553309422887,1429.960221715031,890.2374307140528,1709.569746803347
20896.3600251,-374.92859471796544,1445.6549070753179,881.518161069449,1734.2329225866395
20896.3713004,-492.6387349201174,1393.339289207695,871.0550374959244,1715.4661688125839
20896.3876422,-664.4083469188132,1255.574828822954,917.2671666123248,1690.942239455323
20896.403978,-755.9606781871536,1137.864688620802,1049.8000652103033,1722.8734061128382
20896.4204369,-762.0641669383763,1039.3369416367786,1229.4170198891425,1781.1314610593665
20896.4313831,-698.4134985327682,1082.0613628953374,1305.274665797196,1833.6794052330079
20896.4483915,-537.9789370720574,1039.3369416367786,1326.2009129442451,1768.7429085308647
20896.4650271,-238.90798826214544,855.3603521356374,1326.2009129442451,1596.09749713331
20896.4765358,52.31561786762308,673.9995435278774,1347.1271600912944,1507.237172446425
20896.4932492,187.46429735898272,578.087577437235,1386.3638734920119,1513.7149334320923
20896.5100481,217.98174111509618,527.5158134985328,1403.8024127812193,1515.4042982257113
20896.5266532,235.4202804043039,468.22477991522663,1418.625171177046,1512.3341328057786
20896.5378709,310.40599934789697,408.9337463319205,1441.295272253016,1530.00351474731
20896.5553044,476.0721225953701,386.26364525595045,1490.1231822627976,1611.3073474281318
20896.5669129,640.8663188783828,369.6970329312031,1470.0688620802086,1645.7484601507801
20896.5837746,738.5221388979459,328.71646560156506,1366.3095533094229,1587.5362231661286
20896.6012546,712.3643299641343,313.0217802412781,1203.259210955331,1432.9264818055094
20896.6128517,564.136746005869,305.17443756113465,946.0407564395175,1142.9675491366759
20896.630298,378.416302575807,233.67642647538312,593.782262797522,741.8766379650967
20896.6414354,387.13557222041084,126.42940984675579,263.3219432670362,484.9709194978108
20896.6577709,552.801695467884,-4.359634822301924,-5.231561786762309,552.8436398898695
20896.6745571,762.0641669383763,-194.4397130746658,-299.07094880991195,841.4226220955203
20896.6861838,714.9801108575155,-416.7810890120639,-656.5610042386697,1056.397362438395
20896.7034173,608.6050211933485,-639.122464949462,-1035.849233778937,1360.8310814150461
20896.7202138,553.6736224323444,-897.2128464297359,-1396.8269970655365,1750.048865519768
20896.7316552,586.8068470818389,-1161.4067166612324,-1688.9225301597653,2132.0570231983047
20896.7484016,436.83540919465275,-1191.0522334528855,-2028.102119334855,2392.2016645738495
20896.7651017,354.0023475709162,-1055.0316269970656,-2273.113596348223,2530.90000157117
20896.7761926,357.4900554287577,-1040.208868601239,-2500.6865340723834,2731.898016350185
20896.7928844,725.4432344310401,-1309.634300619498,-2666.3526573198565,3057.91536523455
20896.809951,694.9257906749267,-1681.0751874796217,-2901.7729377241603,3424.7951504598227
20896.8263333,271.1692859471797,-1814.4800130420606,-3086.621454189762,3590.6966595404215
20896.8374325,-231.06064558200197,-1485.7635474404956,-2965.4236061297684,3324.8487942508627
20896.8540845,-366.2093250733616,-1274.7572220410825,-2750.9295728725137,3053.969344938016
20896.8709976,-169.15383110531465,-1337.5359634822303,-2540.7951744375614,2876.326753105624
20896.8824148,-88.06462341049885,-1497.970524942941,-2519.868927290512,2932.8161350856108
20896.8988191,-183.1046625366808,-1458.7338115422237,-2569.568764264754,2960.4248486770057
20896.9156992,-89.80847733941962,-1284.3484186501466,-2393.4395174437564,2717.7507514031818
20896.9268686,9.591196609064232,-1176.229475057059,-1958.347962178024,2284.4549700119323
20896.9436433,-36.62093250733616,-930.3460710792306,-1537.2072383436582,1797.1897502173786
20896.9603827,-120.32592109553309,-772.5272905119009,-1224.1854581023802,1452.5518158408263
20896.9713725,-34.87707857841539,-869.3111835670036,-1021.0264753831106,1341.422158724869
20896.988316,94.16811216172155,-877.158526247147,-888.4935767851321,1252.076495069134
20897.0043998,301.6867297032931,-787.3500489077275,-824.842908379524,1179.5341478304308
20897.0208019,355.74620149983696,-714.9801108575155,-757.7045321160743,1100.8487983336433
20897.0318652,57.547179654385396,-651.3294424519074,-408.9337463319205,771.2123763140386
20897.0485481,-340.0515161395501,-521.4123247473101,137.7644603847408,637.5616774652472
20897.0651038,-695.7977176393871,-508.3334202804043,570.2402347570917,1033.3011445759544
20897.0763671,-927.7302901858494,-498.74222367134007,757.7045321160743,1297.5143371039076
20897.0934601,-922.4987283990871,-431.60384740789044,824.842908379524,1310.5920831819556
20897.1102625,-703.6450603195304,-333.076100423867,844.0253015976524,1148.231148037125
20897.1214892,-417.6530159765243,-266.80965112487775,848.3849364199543,982.5367331718219
20897.1382413,-246.75533094228888,-221.46944897293773,829.2025432018258,893.0362634457746
20897.1552369,-299.07094880991195,-167.40997717639388,866.6954026736224,932.0034623840484
20897.1666617,-422.0126507988262,-108.99087055754809,1092.524486468862,1176.2582373072653
20897.1833828,-483.04753831105313,-63.65066840560809,1430.8321486794914,1511.511485087566
20897.2004718,-375.8005216824258,-57.547179654385396,1746.4697098141507,1787.370738621756
20897.2120884,-188.3362243234431,3.487707857841539,1981.8899902184546,1990.821596935953
20897.2290139,40.980567329638085,95.91196609064232,2094.368568633844,2096.964046763656
20897.2455933,277.2727746984024,125.5574828822954,2109.191327029671,2131.0403391568807
20897.2566922,516.1807629605478,180.48888164329964,2080.417737202478,2151.0826989481507
20897.2733511,694.0538637104663,162.17841538963157,2158.0192370394525,2272.676754750235
20897.2899964,734.1625040756439,13.07890446690577,2316.7099445712424,2430.290231105734
20897.3066007,642.6101728073036,-139.50831431366157,2505.918095859146,2590.759716205345
20897.3177067,652.2013694163678,-248.49918487120965,2639.322921421585,2730.044679980826
20897.3343214,773.3992174763613,-293.83938702314964,2670.7122921421587,2795.924191096463
20897.3510334,1078.5736550374959,-372.3128138245843,2583.51959569612,2824.2718463392944
20897.3622431,1375.9007499184872,-613.8365829801108,2431.804303880013,2860.6940410677107
20897.3789939,1443.0391261819368,-937.3214867949137,2147.556113465928,2751.895846463713
20897.3954737,1192.7960873818063,-1127.4015650472775,1763.9082491033585,2409.3918540161276
20897.4064516,1031.489598956635,-1146.583958265406,1499.7143788718618,2151.224949721042
20897.4235553,1259.0625366807956,-1229.4170198891425,1399.4427779589175,2248.3649100729963
20897.4402968,1590.3947831757418,-1499.7143788718618,1321.8412781219433,2554.5573293810967
20897.4511979,1858.0763612650799,-1896.4411477013368,1130.889272905119,2885.8009873445385
20897.468086,1751.701271600913,-2260.9066188457778,764.6799478317574,2960.5559455421344
20897.4852901,1199.7715030974894,-2443.139354417998,384.5197913270297,2748.861043172787
20897.4962996,563.2648190414086,-2454.474404955983,-68.8822301923704,2519.217462346205
20897.5129864,268.5535050537985,-2186.792826866645,-493.51066188457776,2257.8167831128035
20897.5297165,328.71646560156506,-1721.1838278447995,-871.9269644603847,1957.2391053075662
20897.5467728,537.107010107597,-1376.7726768829475,-1335.7921095533095,1992.0661394800725
20897.5580108,413.2933811542224,-1039.3369416367786,-1970.5549396804695,2265.8595427466107
20897.5748996,-189.2081512879035,-466.48092598630586,-2614.908966416694,2662.921906753792
20897.5912025,-643.482099771764,136.02060645582003,-2801.5013368112163,2877.6692927197732
20897.6022729,-594.6541897619824,566.7525268992501,-2436.163938702315,2570.9369436805996
20897.6195319,-408.9337463319205,925.1145092924683,-2048.1564395174437,2284.29605457114
20897.6363297,-456.01780241278124,1429.0882947505706,-1909.5200521682427,2428.273547181842
20897.6476645,-490.0229540267362,1736.8785132050864,-1857.2044343006196,2589.6095798194146
20897.6646074,-424.62843169220736,1858.0763612650799,-1690.666384088686,2547.7656665362642
20897.6817234,-360.97776328659927,2003.6881643299641,-1587.7790022823606,2581.881748948264
20897.6928527,-357.4900554287577,2097.8562764916855,-1469.1969351157484,2585.9891203753205
20897.7094326,-322.61297685034236,2054.2599282686665,-1162.278643625693,2382.2163275301023
20897.7261408,-326.9726116726443,1957.4760352135638,-826.5867623084448,2149.8532956560084
20897.7370365,-470.8405608086078,1917.367394848386,-574.5998695793935,2056.2474487889117
20897.7538469,-480.431757417672,1861.5640691229214,-326.1006847081839,1950.0197726054134
20897.7701263,-372.3128138245843,1732.5188783827846,-47.084056080860776,1772.697211490938
20897.7815195,-217.98174111509618,1667.996283012716,196.18356700358657,1693.580713035566
20897.7982668,-61.906814476687316,1583.4193674600588,286.8639713074666,1610.385135599728
20897.8147549,-44.46827518747962,1456.989957613303,304.30251059667427,1489.0927378909626
20897.8315286,-347.89885881969354,1363.6937724160418,299.07094880991195,1438.7973287841485
20897.8428532,-751.6010433648516,1312.250081512879,336.56380828170853,1549.2513036505013
20897.8598157,-856.2322791000978,1300.915030974894,492.6387349201174,1633.4645869234664
20897.8767858,-707.132768177372,1300.0431040104336,682.7188131724813,1629.8017676929048
20897.8881432,-464.7370720573851,1280.860710792305,790.837756765569,1575.4393241638465
20897.9050371,-365.3373981089012,1225.0573850668407,773.3992174763613,1494.116247404075
20897.9169125,-373.18474078904467,1164.894424519074,700.157352461689,1409.4205154032536
20897.9342603,-357.4900554287577,1113.4507336159113,673.1276165634171,1349.3229650830872
20897.9512478,-341.79537006847085,1020.1545484186502,712.3643299641343,1290.3496875904427
20897.962724,-355.74620149983696,994.868666449299,819.6113465927617,1337.1917524527921
20897.9796269,-345.2830779263124,934.7057059015325,973.0704923377893,1392.753152430702
20897.9963018,-216.2378871861754,875.4146723182263,1041.0807955656994,1377.3013088138987
20898.0076342,43.59634822301924,912.9075317900229,1038.4650146723181,1383.369216758748
20898.0251167,231.93257254646235,888.4935767851321,963.4792957287251,1330.9793039316492
20898.0362277,333.9480273883274,831.818324095207,817.867492663841,1213.4044028490055
20898.0535789,321.741049885882,797.8131724812521,683.5907401369417,1098.7808977986656
20898.0705674,224.95715683077927,725.4432344310401,626.0435604825562,984.2784912883309
20898.0826338,173.51346592761658,631.2751222693186,579.8314313661558,874.539702731947
20898.09992,218.85366807955657,507.4614933159439,604.2453863710466,818.8568752724861
20898.1114493,348.77078578415393,428.1161395500489,619.0681447668732,829.5600387101775
20898.1292291,422.8845777632866,418.52494294098466,534.4912292142159,799.7970793149417
20898.1466256,420.26879686990543,384.5197913270297,333.076100423867,659.8643953254564
20898.1583423,358.3619823932181,275.5289207694816,84.57691555265733,459.8834104961754
20898.1757932,230.18871861754158,98.52774698402348,-156.94685360286925,295.5112146101633
20898.1869555,139.50831431366157,-86.3207694815781,-373.18474078904467,407.65266559206697
20898.2041696,204.03090968373004,-239.7799152266058,-534.4912292142159,620.3256354201171
20898.2209011,405.44603847407893,-393.23906097163353,-650.457515487447,861.4629583692376
20898.2323448,648.7136615585263,-547.5701336811217,-739.3940658624063,1125.7735343419529
20898.2491934,646.9698076296055,-748.1133355070101,-900.7005542875775,1337.7238067858636
20898.266421,340.92344310401046,-994.868666449299,-1190.1803064884252,1588.244823537411
20898.2782742,-10.463123573524618,-1154.4313009455493,-1503.2020867297033,1895.3726860716029
20898.2953937,-248.49918487120965,-1140.4804695141834,-1711.5926312357353,2071.7135133809925
20898.3066074,-112.47857841538963,-1180.5891098793609,-1726.4153896315618,2094.5052338260666
20898.3241805,149.09951092272578,-1346.2552331268341,-1675.8436256928594,2154.7820480629057
20898.3407141,387.13557222041084,-1559.8773394196282,-1736.0065862406261,2365.7578347717913
20898.3518549,406.3179654385393,-1773.4994457124226,-2016.76706879687,2716.200283993046
20898.3689047,211.8782523638735,-1971.42686664493,-2387.3360286925335,3103.3513494684507
20898.386223,-10.463123573524618,-1974.042647538311,-2550.3863710466253,3225.1239500018214
20898.3975889,-347.89885881969354,-1768.2678839256603,-2347.2273883273556,2959.2704063341416
20898.4148566,-674.8714704923378,-1531.1037495924356,-2217.3102706227583,2777.803994148917
20898.4265499,-707.132768177372,-1560.7492663840887,-2239.9803716987285,2820.1927398573735
20898.4440586,-472.58441473752856,-1749.0854907075318,-2280.9609390283667,2912.974234048353
20898.4615236,-197.05549396804696,-1839.7658950114119,-2391.6956635148354,3023.8679804227236
20898.4725305,-275.5289207694816,-1763.9082491033585,-2341.123899576133,2944.172143506869
20898.4892712,-612.0927290511901,-1511.9213563743072,-1930.4462993152918,2527.288391014797
20898.5065159,-796.0693185523313,-1256.4467557874145,-1341.0236713400718,2002.6805279833068
20898.5179137,-516.1807629605478,-1256.4467557874145,-855.3603521356374,1605.2234617600297
20898.5346301,-72.36993805021193,-1248.599413107271,-616.452363873492,1394.3641630759266
20898.5516804,299.94287577437234,-1049.8000652103033,-468.22477991522663,1187.973211048978
20898.5632098,460.37743723508316,-823.0990544506033,-390.6232800782524,1020.7967403414418
20898.5803234,455.14587544832085,-638.2505379850016,-300.8148027388327,839.64936891691
20898.5916055,395.8548418650147,-521.4123247473101,91.5523312683404,661.0247329616632
20898.6086645,252.85881969351158,-427.2442125855885,621.6839256602543,795.5916687026203
20898.6256636,-1.7438539289207695,-383.6478643625693,1025.3861102054125,1094.8083849965126
20898.6365889,-356.61812846429734,-295.5832409520704,1261.6783175741768,1344.015669148955
20898.6537066,-554.5455493968047,-181.36080860776002,1276.5010759700033,1403.5196850088141
20898.6698937,-609.4769481578089,-82.83306162373655,1215.4661884577763,1362.234018705227
20898.6812784,-488.27910009781544,-21.79817411150962,1205.0030648842517,1300.3553461909435
20898.6979727,-221.46944897293773,-17.438539289207696,1239.0082164982068,1258.766928398973
20898.7146366,4.359634822301924,-42.724421258558856,1324.4570590153244,1325.153154832748
20898.7311266,-13.950831431366156,13.950831431366156,1494.4828170850994,1494.613040876423
20898.7422916,-170.02575806977504,99.39967394848387,1670.612063906097,1682.1812392417341
20898.7586312,-273.78506684056083,165.6661232474731,1787.4502771437888,1815.869494340974
20898.7757652,-204.90283664819043,224.08522986631888,1854.5886534072383,1879.281361600117
20898.7867621,-22.670101075970003,266.80965112487775,1846.741310727095,1866.053266164233
20898.8031933,205.77476361265082,326.1006847081839,1794.4256928594718,1835.387827436257
20898.8199572,469.096706879687,299.07094880991195,1813.6080860776003,1897.0159310647564
20898.8367138,699.2854254972286,222.3413759373981,1935.677861102054,2070.0928906035106
20898.8483436,733.2905771111836,126.42940984675579,2067.3388327355724,2197.177579416541
20898.8651912,678.3591783501794,56.67525268992501,2109.191327029671,2216.3193166005167
20898.876166,641.7382458428432,-3.487707857841539,2088.2650798826216,2184.648984194194
20898.8925842,754.2168242582328,-106.37508966416694,2062.97919791327,2199.1002361689
20898.9089541,1055.9035539615259,-232.80449951092274,1994.0969677209,2268.381133525581
20898.9255642,1429.0882947505706,-415.0372350831431,1938.2936419954353,2443.6717257640157
20898.9365406,1540.6949462014998,-578.9595044016954,1898.1850016302576,2512.377623965386
20898.9533882,1245.98363221389,-642.6101728073036,1811.8642321486795,2290.9113997883187
20898.9704429,730.6747962178024,-798.6850994457125,1510.1775024453864,1858.068791728853
20898.9813228,313.0217802412781,-980.0459080534724,1134.3769807629606,1531.4319283868494
20898.9984258,332.2041734594066,-1175.3575480925986,769.0395826540594,1443.345716871333
20899.0151411,614.7085099445712,-1400.314704923378,464.7370720573851,1598.3517670298343
20899.0264207,866.6954026736224,-1547.6703619171828,202.28705575480927,1785.3191656111258
20899.0430061,939.0653407238344,-1577.315878708836,-36.62093250733616,1836.0583291588275
20899.0591989,725.4432344310401,-1542.4388001304205,-288.6078252363873,1728.779863174377
20899.0757392,369.6970329312031,-1504.0740136941638,-549.3139876100424,1643.3686110584722
20899.087111,187.46429735898272,-1541.5668731659603,-818.7394196283013,1755.5356802071158
20899.1043456,228.4448646886208,-1553.7738506684057,-1155.3032279100098,1949.6476049898904
20899.120886,401.9583306162374,-1350.614867949136,-1498.8424519074015,2057.2456627045894
20899.1326252,547.5701336811217,-914.6513857189436,-1731.646951418324,2033.4751960753101
20899.1496842,394.1109879360939,-296.4551679165308,-1849.357091620476,1913.9829648466907
20899.1611387,-102.88738180632541,228.4448646886208,-1931.3182262797523,1947.501722899862
20899.1781795,-417.6530159765243,650.457515487447,-1967.067231822628,2113.500062862248
20899.1950478,-364.4654711444408,1035.849233778937,-1840.6378219758722,2143.3073289813183
20899.2069384,-136.89253342028042,1276.5010759700033,-1553.7738506684057,2015.5415504721611
20899.224201,-84.57691555265733,1483.1477665471145,-1334.0482556243887,1996.638500177879
20899.2407522,-248.49918487120965,1724.671535702641,-1218.9538963156178,2126.521185478195
20899.251715,-326.9726116726443,1848.4851646560157,-1160.5347896967721,2206.954800360428
20899.2684893,-188.3362243234431,1885.9780241278122,-1029.7457450277143,2157.025716186096
20899.2851627,7.847342680143463,1861.5640691229214,-775.1430714052821,2016.5141074101718
20899.296289,169.15383110531465,1790.9379850016303,-469.9686338441474,1859.2854545487735
20899.3136088,99.39967394848387,1759.5486142810564,-285.9920443430062,1785.4083764301497
20899.3305859,-211.0063253994131,1742.1100749918487,-240.65184219106618,1771.26635261234
20899.3415443,-623.4277795891751,1742.9820019563092,-189.2081512879035,1860.765482273599
20899.3581527,-864.0796217802413,1739.4942940984677,-1.7438539289207695,1942.286547604018
20899.3751699,-912.9075317900229,1741.2381480273884,208.39054450603194,1977.0526216528283
20899.3867135,-858.848059993479,1749.0854907075318,333.076100423867,1976.8307293827006
20899.4036602,-744.6256276491686,1669.7401369416368,405.44603847407893,1872.668134075047
20899.4207229,-613.8365829801108,1571.2123899576134,459.5055102706228,1748.3274976188184
20899.4317881,-540.5947179654386,1473.5565699380502,528.3877404629932,1656.141666093608
20899.448505,-546.6982067166613,1400.314704923378,566.7525268992501,1606.5393331003588
20899.465226,-510.0772742093251,1359.3341375937398,650.457515487447,1590.9315204453753
20899.4764476,-391.49520704271276,1293.0676882947505,763.808020867297,1551.9971766696497
20899.4933275,-265.065797195957,1207.618845777633,846.6410824910336,1498.4673089800856
20899.5101865,-113.35050537985002,1128.273492011738,905.0601891098794,1450.8560768587074
20899.5214565,-3.487707857841539,1048.0562112813825,913.7794587544832,1390.4772149708976
20899.5382998,64.52259537006847,928.6022171503098,938.193413759374,1321.6172383225141
20899.5554496,55.803325725464624,853.6164982067166,957.3758069775024,1283.8783326151056
20899.5665736,31.38937072057385,857.1042060645582,1014.0510596674275,1328.1236630150156
20899.5833476,25.28588196935116,839.6656667753505,1070.7263123573525,1360.9308005048003
20899.5999738,56.67525268992501,816.1236387349202,1092.524486468862,1364.8734855302318
20899.6168395,205.77476361265082,680.9749592435605,1102.9876100423867,1312.4983109945808
20899.6279566,411.54952722530163,539.7227910009782,1031.489598956635,1234.7649562734498
20899.6446466,639.9943919139224,388.0074991848712,911.1636778611021,1179.1360773711997
20899.6613298,743.7537006847082,250.24303880013042,756.832605151614,1090.2232514355494
20899.6727325,682.7188131724813,242.39569611998695,544.0824258232801,906.0277796220597
20899.6894659,539.7227910009782,321.741049885882,274.6569938050212,685.7510179019545
20899.7178631,527.5158134985328,254.60267362243235,-140.38024127812196,602.3305297326489
20899.7346303,578.087577437235,-169.15383110531465,-349.6427127486143,696.4540848778665
20899.7633434,408.9337463319205,-985.2774698402347,-832.6902510596674,1353.2817724604313
20899.7802903,210.13439843495271,-1031.489598956635,-1087.2929246820997,1513.38467093634
20899.79175,78.47342680143463,-1043.6965764590805,-1327.0728399087056,1690.1428770520326
20899.8086136,179.61695467883925,-1037.5930877078579,-1493.6108901206392,1827.4942290344436
20899.8257683,269.4254320182589,-1144.8401043364852,-1736.0065862406261,2096.8947983592866
20899.8363656,341.79537006847085,-1613.9368112161721,-1942.6532768177372,2548.6305851436296
20899.8533164,579.8314313661558,-2226.0295402673623,-2066.4669057711117,3092.19945598441
20899.8702605,479.5598304532116,-2438.779719595696,-2302.7591131398763,3388.262635163385
20899.8818351,154.3310727094881,-2309.7345288555593,-2580.0318878382786,3466.302960800401
20899.8991482,-266.80965112487775,-2119.6544506031955,-2736.1068144766873,3471.369021023417
20899.9163565,-461.24936419954355,-2157.1473100749918,-2714.308640365178,3497.6430476106784
20899.9275337,-277.2727746984024,-2554.746005868927,-2463.1936746005867,3559.625039900204
20899.9442472,-393.23906097163353,-2791.0382132376917,-2253.9312031300947,3608.9800685609744
20899.9614191,-1057.6474078904466,-2580.0318878382786,-2386.4641017280733,3670.203467182237
20899.9726006,-1300.915030974894,-2248.699641343332,-2403.0307140528203,3538.8679839003953
20899.989832,-892.853211607434,-2091.752787740463,-2008.0477991522662,3033.9532867494795
20900.0015532,-473.45634170198895,-1964.451450929247,-1452.630322791001,2488.6472761819305
20900.0188157,-401.086403651777,-1784.8344962504077,-1032.3615259210956,2100.541549791838
20900.0359373,-628.6593413759374,-1528.4879686990546,-721.9555265731985,1803.5264955931682
20900.047047,-740.2659928268666,-1348.8710140202152,-474.32826866644933,1610.1037417060993
20900.0638562,-671.3837626344963,-1342.7675252689926,-298.19902184545157,1530.589246099636
20900.0805267,-553.6736224323444,-1232.904727746984,-101.14352787740464,1355.3001738027285
20900.0917259,-351.38656667753503,-1033.2334528855558,209.26247147049233,1111.2311502874516
20900.108828,-97.6558200195631,-789.9658298011086,578.087577437235,983.7519599087458
20900.1257105,-9.591196609064232,-606.8611672644278,839.6656667753505,1036.0554518688812
20900.1370208,-177.0011737854581,-499.61415063580046,1007.0756439517444,1138.0444049674788
20900.154215,-474.32826866644933,-398.47062275839585,1117.8103684382133,1277.9930216732598
20900.1712466,-551.0578415389632,-330.46031953048583,1284.3484186501466,1436.112679421397
20900.1823507,-433.3477013368112,-201.4151287903489,1473.5565699380502,1549.1053060289746
20900.1990247,-177.0011737854581,-52.31561786762308,1676.71555265732,1686.8436157264973
20900.2164288,74.1137919791327,67.13837626344963,1851.9728725138573,1854.6708431029067
20900.2279704,265.065797195957,219.72559504401696,1975.7865014672318,2005.5601495195049
20900.2444323,347.02693185523316,354.87427453537657,2066.4669057711117,2125.240907475456
20900.2616011,292.96746005868926,484.7913922399739,2105.7036191718294,2180.5596434027098
20900.2728809,156.07492663840887,625.1716335180959,2149.2999673948484,2243.811334298043
20900.2898521,96.78389305510271,728.0590153244212,2282.7047929572873,2397.9529235454643
20900.3064826,135.14867949135964,770.7834365829801,2460.577893707206,2582.017785120683
20900.3175423,258.0903814802739,715.8520378219758,2607.933550701011,2716.684043082392
20900.3342951,343.5392239973916,449.04238669709815,2584.3915226605804,2645.5127680423752
20900.3511079,496.1264427779589,34.87707857841539,2436.163938702315,2486.413600764614
20900.3622442,654.817150309749,-149.09951092272578,2348.0993152918163,2442.2503063713743
20900.3784678,818.7394196283013,-112.47857841538963,2239.1084447342682,2386.753505315525
20900.3955378,1082.0613628953374,-170.02575806977504,2169.3542875774374,2430.1982586835848
20900.4065415,1293.939615259211,-339.1795891750897,2180.6893381154223,2558.266700526045
20900.42346,1341.0236713400718,-576.3437235083143,2205.9752200847734,2645.1546734264703
20900.439847,1162.278643625693,-828.3306162373656,2055.1318552331268,2502.1171430647505
20900.4562369,839.6656667753505,-1081.1894359308772,1670.612063906097,2159.8503875033593
20900.4674664,580.7033583306162,-1305.274665797196,1159.6628627323116,1840.0479066450791
20900.4845737,592.0384088686012,-1388.1077274209326,678.3591783501794,1654.5463775165995
20900.5010082,864.0796217802413,-1559.8773394196282,428.9880665145093,1834.0887841166796
20900.511931,958.2477339419628,-1920.8551027062276,286.8639713074666,2165.690186345164
20900.5283765,483.9194652755135,-2198.9998043690903,49.69983697424193,2252.165238672132
20900.5450935,-126.42940984675579,-2107.44747310075,-329.58839256602545,2136.8078425696567
20900.556424,-190.95200521682426,-1763.036322138898,-780.3746331920444,1937.4582084801198
20900.5727857,261.57808933811543,-1489.2512552983371,-1279.9887838278448,1981.0763955371679
20900.5896239,848.3849364199543,-1390.7235083143137,-1647.9419628301273,2317.2357648238503
20900.606566,900.7005542875775,-1252.0871209651125,-1919.9831757417671,2462.78684463599
20900.618306,240.65184219106618,-703.6450603195304,-2164.9946527551356,2289.15519930833
20900.6346978,-326.1006847081839,61.03488751222693,-2166.738506684056,2191.9905726093416
20900.6515915,-212.75017932833387,502.2299315291816,-1793.5537658950113,1874.655342745493
20900.6631575,114.2224323443104,667.8960547766548,-1248.599413107271,1420.609868489126
20900.6802186,273.78506684056083,933.8337789370721,-941.6811216172156,1354.1665792357453
20900.6919844,170.89768503423542,1318.3535702641018,-1023.6422562764917,1677.8276502111269
20900.7093722,20.926247147049235,1652.301597652429,-1136.9927616563418,2005.8143028414531
20900.7257215,58.41910661884578,1764.7801760678187,-1007.9475709162048,2033.1798168327323
20900.7377657,177.0011737854581,1726.4153896315618,-755.9606781871536,1892.9648861094354
20900.7556596,134.27675252689926,1713.336485164656,-462.9932181284643,1779.8637244740114
20900.7669523,-8.719269644603848,1785.706423214868,-186.59237039452233,1795.449851224873
20900.7843319,-226.70101075970004,1866.7956309096837,-108.99087055754809,1883.6661821373357
20900.801903,-304.30251059667427,1860.6921421584611,-46.21212911640039,1885.9774194626914
20900.8134023,-219.72559504401696,1829.3027714378873,27.029735898271927,1842.649878118606
20900.8307864,-172.6415389631562,1765.6521030322792,71.49801108575156,1775.5124374408351
20900.8429338,-242.39569611998695,1806.6326703619172,129.91711770459733,1827.445139146233
20900.8598282,-371.4408868601239,1919.1112487773069,212.75017932833387,1966.2703162127195
20900.8715488,-437.70733615911314,1968.8110857515487,356.61812846429734,2048.1653480749733
20900.8888556,-373.18474078904467,1851.1009455493968,517.0526899250082,1957.852151090665
20900.9057766,-324.35683077926313,1722.9276817737202,596.3980436909031,1851.8579256556563
20900.917274,-278.14470166286276,1638.350766221063,612.0927290511901,1770.9362544139187
20900.9343709,-173.51346592761658,1582.5474404955983,592.9103358330616,1698.8543170663743
20900.9509422,-13.950831431366156,1446.5268340397784,547.5701336811217,1546.7603429731228
20900.9620914,135.14867949135964,1345.3833061623736,501.3580045647212,1442.110000939518
20900.9787238,214.49403325725464,1273.0133681121617,517.0526899250082,1390.6524403509027
20900.9955166,182.2327355722204,1188.4364525595045,524.9000326051516,1311.9108262055174
20901.0066333,121.19784805999348,1018.4106944897294,519.6684708183893,1149.741092850103
20901.0235039,121.19784805999348,867.5673296380828,537.107010107597,1027.5436390423763
20901.0401422,163.92226931855234,813.507857841539,562.3928920769482,1002.472598232564
20901.0565647,231.06064558200197,761.1922399739159,578.087577437235,983.3554267509436
20901.067788,291.2236061297685,687.9503749592436,559.7771111835671,933.5080724765106
20901.0844374,369.6970329312031,604.2453863710466,542.3385718943593,892.1432114146493
20901.1017153,442.93889794587545,516.1807629605478,511.82112813824585,851.2334078105409
20901.1128922,493.51066188457776,397.59869579393546,503.101858493642,809.1656049972398
20901.129419,461.24936419954355,307.7902184545158,456.01780241278124,717.9401302811706
20901.1462059,357.4900554287577,297.3270948809912,311.27792631235735,559.5502555536433
20901.1573103,182.2327355722204,339.1795891750897,54.05947179654385,388.81099536669325
20901.1737727,65.39452233452886,415.9091620476035,-268.5535050537985,499.37747216227274
20901.1911732,49.69983697424193,521.4123247473101,-641.7382458428432,828.3531024696593
20901.202308,177.87310074991848,505.71763938702315,-956.5038800130421,1096.4893265497744
20901.2203524,464.7370720573851,269.4254320182589,-1136.9927616563418,1257.506719513503
20901.2316829,795.1973915878709,-20.05432018258885,-1192.7960873818063,1433.7027493241008
20901.2482874,1053.2877730681448,-276.400847733942,-1233.7766547114445,1645.605479826151
20901.2665624,1075.0859471796543,-445.5546788392566,-1333.1763286599282,1769.6575626255756
20901.2783628,933.8337789370721,-521.4123247473101,-1613.0648842517119,1935.4313885767885
20901.2956112,605.117313335507,-558.0332572546463,-2038.5652429083796,2198.4804590204376
20901.3069947,430.73192044343006,-737.6502119334855,-2371.6413433322464,2520.7817207876574
20901.3241063,511.82112813824585,-1372.4130420606457,-2239.9803716987285,2676.376373162496
20901.3407118,415.0372350831431,-2224.2856863384413,-1841.5097489403327,2917.3379777457767
20901.3523409,285.12011737854584,-2575.6722530159764,-1629.631496576459,3061.2219538812246
20901.3693447,99.39967394848387,-2487.6076296054775,-1506.6897945875448,2910.0148025683143
20901.3865044,-45.340202151940005,-2361.1782197587218,-1511.0494294098469,2803.6563087357854
20901.3987129,-211.8782523638735,-2323.6853602869255,-1708.1049233778938,2891.7172193532942
20901.4159815,-322.61297685034236,-2328.0449951092273,-1857.2044343006196,2995.510130657422
20901.4279703,-275.5289207694816,-2341.9958265405935,-1744.72585588523,2933.4159183294146
20901.4451292,-136.89253342028042,-2276.6013042060645,-1381.1323117052495,2666.304469946233
20901.4564406,2.6157808933811544,-2068.2107597000327,-999.2283012716009,2296.94575184326
20901.4736248,49.69983697424193,-1840.6378219758722,-877.158526247147,2039.5648422277277
20901.4908621,31.38937072057385,-1644.4542549722858,-916.3952396478644,1882.815796762911
20901.5018678,0.0,-1463.965373328986,-831.818324095207,1683.7803712500145
20901.5194776,-23.542028040430388,-1252.0871209651125,-584.1910661884577,1381.8667039137197
20901.5324075,33.13322464949462,-1008.8194978806652,-155.20299967394848,1021.226008769686
20901.5496801,77.60149983697424,-807.4043690903163,375.8005216824258,893.9518108376217
20901.5617738,38.36478643625693,-662.6644929898924,668.7679817411151,942.2561756284409
20901.5790294,-67.13837626344963,-514.436909031627,748.9852624714705,911.1156997553958
20901.5963651,-229.3167916530812,-426.3722856211281,743.7537006847082,887.4396228262776
20901.6079657,-420.26879686990543,-356.61812846429734,694.9257906749267,886.9747491992249
20901.6247698,-597.2699706553635,-292.96746005868926,669.6399087055755,943.9168172201987
20901.6362776,-695.7977176393871,-202.28705575480927,702.7731333550701,1009.4278546601697
20901.6534738,-729.802869253342,-88.93655037495924,831.818324095207,1110.154792028376
20901.6703119,-715.8520378219758,17.438539289207696,1041.9527225301597,1264.2838758342325
20901.68124,-674.8714704923378,103.75930877078578,1266.0379523964787,1438.4260817815248
20901.6981826,-699.2854254972286,173.51346592761658,1363.6937724160418,1542.3254306719284
20901.7149853,-795.1973915878709,264.1938702314966,1379.3884577763288,1613.9547112922994
20901.7265341,-785.6061949788067,317.38141506358005,1385.4919465275514,1624.0369423475386
20901.7436322,-658.3048581675905,381.03208346918814,1415.1374633192045,1606.600378130615
20901.7610355,-456.8897293772416,448.17045973263777,1519.7686990544507,1649.0305892896683
20901.7731646,-231.06064558200197,464.7370720573851,1695.8979458754484,1773.5386691318033
20901.7908053,-40.980567329638085,524.9000326051516,1851.9728725138573,1925.3578814482196
20901.8021801,0.8719269644603848,598.1418976198239,1950.5006194978807,2040.1537090637294
20901.8199136,-43.59634822301924,634.7628301271601,1985.3776980762962,2084.837906434972
20901.8317022,-73.24186501467231,619.0681447668732,1972.2987936093903,2068.470998087472
20901.848985,-14.822758395826542,509.2053472448647,1931.3182262797523,1997.3732477906058
20901.8669698,142.9960221715031,326.9726116726443,1940.9094228888164,1973.4458034107502
20901.878438,328.71646560156506,172.6415389631562,2008.0477991522662,2042.0860852112507
20901.8957663,433.3477013368112,108.99087055754809,2059.4914900554286,2107.4094138846203
20901.9075724,483.04753831105313,59.29103358330617,2070.826540593414,2127.245381275473
20901.9245086,508.3334202804043,-163.05034235409195,1968.8110857515487,2039.9032750829028
20901.9417457,447.2985327681774,-508.3334202804043,1763.036322138898,1888.5909871572485
20901.9535575,386.26364525595045,-814.3797848059994,1500.5863058363223,1750.478020087822
20901.9709835,342.66729703293123,-999.2283012716009,1184.948744701663,1587.444991830593
20901.9823008,346.1550048907728,-1097.7560482556244,868.4392566025432,1441.9009575213943
20901.9993903,330.46031953048583,-1259.934463645256,670.5118356700359,1464.9999990576284
20902.0166017,92.42425823280078,-1504.945940658624,659.1767851320509,1645.5754500696041
20902.0278837,-190.08007825236388,-1780.4748614281057,656.5610042386697,1907.1689806130832
20902.0456115,-272.91313987610044,-1986.2496250407564,593.782262797522,2090.991757636678
20902.0573,-5.231561786762309,-2291.4240626018914,352.2584936419954,2318.3480433818845
20902.0745501,431.60384740789044,-2509.4058037169875,-38.36478643625693,2546.541031608188
20902.0865995,569.3683077926313,-2488.4795565699383,-538.8508640365178,2609.036417349912
20902.1039365,313.0217802412781,-2121.398304532116,-1093.3964134333226,2407.0374152235377
20902.121075,-216.2378871861754,-1452.630322791001,-1669.7401369416368,2223.7189128710725
20902.1333111,-449.91431366155854,-886.7497228562113,-2125.757939354418,2346.8265332894675
20902.1508643,-282.5043364851647,-524.0281056406913,-2338.508118682752,2413.096429233494
20902.1627618,68.8822301923704,-275.5289207694816,-2183.3051190088036,2201.699841146998
20902.1806404,321.741049885882,129.91711770459733,-1723.7996087381807,1758.3744913243722
20902.1926397,137.7644603847408,653.9452233452886,-1463.965373328986,1609.291153268263
20902.2100644,-92.42425823280078,1103.8595370068472,-1301.7869579393544,1709.2973424222753
20902.2213378,-186.59237039452233,1410.7778284969024,-1111.7068796869905,1805.8247369031324
20902.2384803,-121.19784805999348,1577.315878708836,-897.2128464297359,1818.68226785218
20902.2562758,-20.05432018258885,1657.5331594391914,-727.1870883599609,1810.143478256873
20902.2675255,67.13837626344963,1627.015715683078,-524.0281056406913,1710.6411535293962
20902.2849937,232.80449951092274,1530.2318226279754,-291.2236061297685,1574.997953885367
20902.2965674,297.3270948809912,1517.1529181610695,-112.47857841538963,1550.0992900576937
20902.3137803,123.81362895337463,1632.2472774698404,-71.49801108575156,1638.4971635958143
20902.3315311,-147.355656993805,1729.031170524943,-6.103488751222693,1735.3096930720658
20902.3431238,-284.24819041408546,1731.646951418324,121.19784805999348,1759.0017386246186
20902.360286,-249.37111183567004,1702.001434626671,234.5483534398435,1736.08979174199
20902.3722543,-154.3310727094881,1694.1540919465276,366.2093250733616,1740.1394878093859
20902.3892167,-81.96113465927617,1675.8436256928594,464.7370720573851,1741.019825135399
20902.4012169,-97.6558200195631,1614.8087381806326,488.27910009781544,1689.8403473939638
20902.4184821,-142.9960221715031,1488.3793283338769,525.771959569612,1584.9785616336094
20902.4360926,-216.2378871861754,1407.290120639061,593.782262797522,1542.660585843817
20902.447986,-231.93257254646235,1378.5165308118683,615.5804369090316,1527.4291532620173
20902.4645772,-242.39569611998695,1391.5954352787742,555.4174763612651,1517.821498738811
20902.4815082,-190.95200521682426,1365.4376263449626,454.27394848386047,1451.636111429448
20902.4925489,-33.13322464949462,1268.65373328986,428.1161395500489,1339.351908390476
20902.5100406,55.803325725464624,1179.7171829149006,434.2196283012716,1258.3295786195229
20902.5216852,20.05432018258885,1119.5542223671341,447.2985327681774,1205.7693850793478
20902.538809,-109.86279752200848,1096.884121291164,458.6335833061624,1193.9720991532013
20902.5563437,-214.49403325725464,1075.9578741441148,465.6089990218455,1191.8409194207977
20902.5677469,-106.37508966416694,1064.6228236061297,490.0229540267362,1176.8007102807328
20902.584583,97.6558200195631,1044.568503423541,539.7227910009782,1179.8138449154064
20902.6016105,284.24819041408546,1035.849233778937,610.3488751222693,1235.437743569911
20902.6133812,332.2041734594066,1110.8349527225303,662.6644929898924,1335.454280506624
20902.6305326,251.1149657645908,1270.3975872187807,651.3294424519074,1449.5512402971356
20902.6421107,95.04003912618194,1329.6886208020867,578.087577437235,1453.0277645368353
20902.6593815,-69.75415715683079,1306.1465927616564,517.9246168894686,1406.8157210536308
20902.671278,-122.06977502445386,1264.294098467558,574.5998695793935,1394.0966994850362
20902.6883078,38.36478643625693,1229.4170198891425,568.4963808281709,1355.0373428972828
20902.7055965,254.60267362243235,1184.948744701663,486.5352461688947,1306.0025247871324
20902.7174793,405.44603847407893,1065.4947505705902,283.37626344962507,1174.720247673666
20902.7343448,383.6478643625693,907.6759700032605,-7.847342680143463,985.4556971972205
20902.7465951,308.6621454189762,688.822301923704,-289.4797522008477,808.4225445745435
20902.7636605,274.6569938050212,415.0372350831431,-508.3334202804043,711.4037088218236
20902.780324,313.0217802412781,122.06977502445386,-673.9995435278774,753.0996279083711
20902.7915085,328.71646560156506,-134.27675252689926,-841.4095207042712,913.2659758025296
20902.8093229,327.8445386371047,-494.38258884903814,-1043.6965764590805,1200.4993666735766
20902.8265804,361.84969025105966,-889.3655037495924,-1285.2203456146071,1604.2747689770242
20902.8381567,493.51066188457776,-1321.8412781219433,-1486.635474404956,2049.6102487302446
20902.8559752,558.9051842191067,-1804.8888164329965,-1738.6223671340072,2567.6460776615136
20902.8676949,456.01780241278124,-2331.532702967069,-2031.5898271926965,3125.916538725108
20902.8849785,350.5146397130747,-2701.229735898272,-2185.048972937724,3491.9824760285433
20902.9021731,254.60267362243235,-2850.329246820998,-2252.1873492011737,3641.6407281060356
20902.914038,41.85249429409847,-2867.7677861102056,-2322.813433322465,3690.705346184299
20902.931199,-164.79419628301272,-2833.7626344962505,-2450.9866970981416,3750.2937998439206
20902.9428379,-238.90798826214544,-2829.4029996739487,-2501.5584610368437,3784.2295246726812
20902.9593109,-146.48373002934463,-2933.162308444734,-2373.3851972611674,3775.9576143572617
20902.9761814,-59.29103358330617,-3103.1880665145095,-2413.493837626345,3931.6973570052132
20902.9878516,-292.09553309422887,-3043.025105966743,-2497.198826214542,3947.3185295393623
20903.0056321,-722.8274535376589,-2441.395500489077,-2194.6401695467885,3361.4486447340532
20903.0169556,-708.0046951418324,-1677.5874796217802,-1351.4867949135964,2267.617021666679
20903.0336465,-55.803325725464624,-1351.4867949135964,-355.74620149983696,1398.6371680566087
20903.0509322,464.7370720573851,-1500.5863058363223,229.3167916530812,1587.5534631444807
20903.0625539,406.3179654385393,-1415.1374633192045,465.6089990218455,1544.1826540593415
20903.0797586,15.694685360286925,-1109.0910987936095,496.9983697424193,1215.4574316274498
20903.0917053,-201.4151287903489,-835.3060319530485,496.1264427779589,992.1923545090899
20903.1088293,-173.51346592761658,-672.2556895989567,516.1807629605478,865.1457767954
20903.1261894,-71.49801108575156,-470.8405608086078,684.4626671014021,833.8416767872347
20903.1373447,-88.93655037495924,-285.9920443430062,897.2128464297359,945.8816264304104
20903.1543131,-218.85366807955657,-197.05549396804696,1063.7508966416694,1103.7634555650152
20903.1721366,-487.40717313335506,-73.24186501467231,1120.4261493315944,1224.0444760378195
20903.1836928,-695.7977176393871,74.1137919791327,1081.1894359308772,1287.865642993179
20903.2007784,-658.3048581675905,171.7696119986958,1022.7703293120313,1228.3848063266962
20903.2123969,-558.0332572546463,235.4202804043039,964.3512226931855,1138.769996679625
20903.2294236,-444.6827518747962,329.58839256602545,981.7897619823932,1127.06805254281
20903.2467276,-409.80567329638086,463.8651450929247,1071.5982393218128,1237.5113531663415
20903.2580982,-406.3179654385393,616.452363873492,1205.0030648842517,1413.2021059791025
20903.2750439,-350.5146397130747,646.0978806651451,1365.4376263449626,1550.7168972742072
20903.2866606,-279.88855559178353,616.452363873492,1503.2020867297033,1648.6259836679167
20903.3040176,-142.9960221715031,534.4912292142159,1662.7647212259537,1752.4027090304955
20903.3206757,-12.206977502445387,481.30368438213236,1706.361069448973,1772.9834590967291
20903.3323912,147.355656993805,469.9686338441474,1675.8436256928594,1746.721518794796
20903.349809,357.4900554287577,421.1407238343658,1717.696119986958,1804.3388289399636
20903.3614299,530.131594391914,326.1006847081839,1835.4062601891098,1938.0653507766535
20903.378483,558.0332572546463,245.8834039778285,1986.2496250407564,2077.7505474739983
20903.3961685,419.39686990544504,165.6661232474731,2073.4423214867948,2121.910002665259
20903.4079764,343.5392239973916,6.975415715683078,2075.1861754157158,2103.4413510924524
20903.4258876,396.7267688294751,-246.75533094228888,2002.8162373655039,2056.587757210771
20903.4376058,565.8805999347898,-481.30368438213236,1901.6727094880991,2041.625133072715
20903.4546652,814.3797848059994,-717.5958917508966,1768.2678839256603,2074.832428674991
20903.4664434,973.0704923377893,-947.7846103684383,1609.5771763938703,2106.157766521261
20903.4834962,889.3655037495924,-1091.6525595044018,1387.2358004564721,1976.638428241338
20903.5004162,671.3837626344963,-1225.0573850668407,1136.1208346918813,1800.6366386522952
20903.5123839,532.7473752852951,-1435.1917835017932,939.0653407238344,1795.9507051846385
20903.5297886,518.7965438539289,-1719.4399739158787,781.2465601565048,1958.5632145966058
20903.5410124,582.447212259537,-2120.526377567656,581.5752852950766,2274.666280027723
20903.5575986,604.2453863710466,-2446.6270622758398,294.71131398761,2537.3118112292595
20903.5748094,407.1898924029997,-2472.784871209651,-86.3207694815781,2507.572512012841
20903.5865848,47.95598304532116,-2209.462927942615,-507.4614933159439,2267.497160629103
20903.6034741,-172.6415389631562,-1882.4903162699707,-953.0161721552006,2117.029691859595
20903.619796,56.67525268992501,-1562.4931203130095,-1285.2203456146071,2023.9535992889466
20903.6363786,609.4769481578089,-1406.4181936746006,-1455.2461036843822,2113.578838870994
20903.6473183,838.7937398108901,-1350.614867949136,-1533.7195304858167,2209.079232998408
20903.663251,275.5289207694816,-942.553048581676,-1595.6263449625042,1873.5917026688091
20903.6800301,-520.5403977828497,-201.4151287903489,-1612.1929572872514,1706.0763439413176
20903.6966791,-621.6839256602543,640.8663188783828,-1542.4388001304205,1782.2227678505415
20903.7076785,-164.79419628301272,1129.1454189761982,-1532.8476035213564,1910.9548084516975
20903.7250034,-40.980567329638085,1362.8218454515813,-1540.6949462014998,2057.3535686871023
20903.7366607,-179.61695467883925,1545.0545810238018,-1381.1323117052495,2080.139988363048
20903.7540607,-247.62725790674926,1676.71555265732,-1161.4067166612324,2054.643488512589
20903.7712231,-266.80965112487775,1779.6029344636454,-1017.538767525269,2067.2588463232755
20903.782236,-244.13955004890772,1871.1552657319858,-911.1636778611021,2095.482139324502
20903.7995619,-205.77476361265082,1886.8499510922727,-770.7834365829801,2048.5734298256
20903.81641,-196.18356700358657,1846.741310727095,-624.2997065536355,1959.2579167407325
20903.8280632,-182.2327355722204,1776.1152266058039,-496.1264427779589,1853.0881024167827
20903.8447913,-226.70101075970004,1768.2678839256603,-426.3722856211281,1833.018817019669
20903.8619013,-284.24819041408546,1871.1552657319858,-319.1252689925008,1919.3384275681442
20903.8738118,-361.84969025105966,2016.76706879687,-130.78904466905772,2053.1415884745384
20903.8904997,-530.131594391914,2085.6492989892404,54.05947179654385,2152.648353131032
20903.90224,-671.3837626344963,2077.801956309097,198.79934789696773,2192.6099304471427
20903.9203744,-672.2556895989567,2012.407433974568,316.50948809911966,2145.2015403152777
20903.9319604,-583.3191392239974,1913.8796869905445,409.80567329638086,2042.3362515330207
20903.9501509,-452.5300945549397,1817.0957939354419,460.37743723508316,1928.358886600448
20903.9615873,-305.17443756113465,1736.8785132050864,477.8159765242909,1827.0704732976578
20903.9789189,-196.18356700358657,1696.7698728399087,448.17045973263777,1765.8914899609133
20903.9957926,-146.48373002934463,1654.9173785458104,474.32826866644933,1727.7720681364074
20904.0069046,-135.14867949135964,1551.1580697750244,524.0281056406913,1642.851782266985
20904.023558,-164.79419628301272,1417.7532442125855,591.1664819041408,1544.8816129175705
20904.0409934,-234.5483534398435,1300.0431040104336,624.2997065536355,1461.1211879886557
20904.0523221,-207.51861754157156,1208.4907727420932,626.9154874470166,1377.1481230536085
20904.0705748,-61.03488751222693,1177.9733289859798,576.3437235083143,1312.8284384958188
20904.0825538,140.38024127812196,1144.8401043364852,538.8508640365178,1273.0772680051198
20904.099998,319.9971959569612,1136.1208346918813,526.6438865340724,1292.4869591856655
20904.1115725,432.4757743723508,1162.278643625693,560.6490381480274,1360.975490162719
20904.1289379,429.85999347896967,1176.229475057059,599.8857515487447,1388.5814008901123
20904.146203,240.65184219106618,1062.0070427127487,516.1807629605478,1205.0787725173673
20904.157372,3.487707857841539,770.7834365829801,331.3322464949462,838.9876803530302
20904.174688,-81.08920769481578,487.40717313335506,75.85764590805347,499.8955835663413
20904.1920098,6.975415715683078,366.2093250733616,-253.73074665797196,445.57515414877605
20904.2032968,251.9868927290512,275.5289207694816,-476.9440495598305,605.7137993294916
20904.2202742,545.8262797522009,162.17841538963157,-578.9595044016954,812.0481967367926
20904.2318635,595.5261167264428,93.29618519726117,-735.0344310401043,950.5951549898033
20904.2496146,312.14985327681774,-110.73472448646886,-1006.203716987284,1059.313754364994
20904.2615986,76.72957287251386,-584.1910661884577,-1358.4622106292795,1480.738399203382
20904.2792661,85.44884251711771,-1056.7754809259864,-1661.020867297033,1970.549731260303
20904.2956883,83.70498858819694,-1260.8063906097163,-1878.1306814476688,2263.628533198841
20904.3074274,90.68040430388001,-1257.3186827518748,-2123.142158461037,2469.171081710665
20904.3250079,62.7787414411477,-1293.0676882947505,-2387.3360286925335,2715.7574506539245
20904.34145,5.231561786762309,-1621.7841538963157,-2541.6671014020217,3015.009596239666
20904.3523966,118.58206716661233,-2130.11757417672,-2622.7563090968374,3380.8746269829776
20904.3695604,284.24819041408546,-2448.3709162047603,-2688.150831431366,3647.1183240465566
20904.3813503,326.1006847081839,-2551.2582980110856,-2794.5259210955332,3797.977841353528
20904.398334,184.84851646560156,-2444.0112813824585,-2993.3252689925007,3868.76676520481
20904.4153775,-190.08007825236388,-2152.78767525269,-3171.1983697424193,3837.5935573123534
20904.4267285,-405.44603847407893,-1939.1655689598956,-2876.4870557548093,3492.696290243234
20904.4434589,-330.46031953048583,-2058.6195630909683,-2253.9312031300947,3070.394827504847
20904.4610616,-478.6879034887512,-2171.970068470818,-1773.4994457124226,2844.6258754398364
20904.4729845,-694.0538637104663,-2000.2004564721226,-1572.9562438865341,2637.556440530581
20904.4899234,-622.5558526247147,-1736.8785132050864,-1471.8127160091294,2360.2024129885485
20904.5015208,-345.2830779263124,-1342.7675252689926,-1181.4610368438214,1821.5639468323257
20904.5186825,-11.335050537985001,-1037.5930877078579,-636.5066840560809,1217.320277444639
20904.5350442,121.19784805999348,-817.867492663841,-27.901662862732312,827.2693979116577
20904.551657,1.7438539289207695,-657.4329312031301,473.45634170198895,810.1740600356787
20904.5626622,-164.79419628301272,-585.0629931529181,781.2465601565048,989.849494035324
20904.5796767,-336.56380828170853,-519.6684708183893,967.838930551027,1148.9311172119787
20904.5913192,-387.13557222041084,-394.1109879360939,951.2723182262798,1100.0529285057103
20904.6084412,-389.751353113792,-281.6324095207043,810.0201499836975,941.9955279756275
20904.6257198,-362.72161721552004,-201.4151287903489,714.9801108575155,826.6387267863151
20904.6374477,-388.0074991848712,-159.5626344962504,729.802869253342,841.7970549494055
20904.6540648,-457.761656341702,-111.60665145092925,896.3409194652755,1012.6345947935233
20904.6713316,-601.6296054776655,-85.44884251711771,1092.524486468862,1250.1477674294256
20904.6837213,-752.472970329312,-44.46827518747962,1213.7223345288555,1428.745919997164
20904.7009112,-764.6799478317574,70.62608412129117,1281.7326377567656,1494.1760341623751
20904.7124555,-607.7330942288881,195.3116400391262,1239.0082164982068,1393.7817300803806
20904.7295217,-347.89885881969354,279.88855559178353,1161.4067166612324,1244.2816325193924
20904.7462749,-89.80847733941962,284.24819041408546,1200.6434300619499,1237.0962947590747
20904.7572543,66.26644929898924,272.04121291164006,1327.0728399087056,1356.2890496676912
20904.774564,-61.906814476687316,285.9920443430062,1477.9162047603522,1506.6055261412612
20904.791562,-202.28705575480927,332.2041734594066,1618.2964460384742,1664.380681530086
20904.8027205,-155.20299967394848,365.3373981089012,1719.4399739158787,1764.6623499878415
20904.819635,65.39452233452886,354.87427453537657,1792.681838930551,1828.638939186682
20904.8311353,334.81995435278776,279.88855559178353,1821.4554287577437,1873.0034394883298
20904.8475085,614.7085099445712,169.15383110531465,1816.2238669709814,1924.8762832272898
20904.8641322,664.4083469188132,74.1137919791327,1777.8590805347246,1899.3983826087388
20904.880739,401.9583306162374,20.926247147049235,1740.366221062928,1786.3042828108285
20904.8920132,129.91711770459733,-41.85249429409847,1707.2329964134333,1712.6805285265834
20904.9096614,51.443690903162704,-184.84851646560156,1652.301597652429,1663.4049407699988
20904.9272501,256.3465275513531,-350.5146397130747,1572.0843169220736,1630.957741436965
20904.9389876,517.0526899250082,-538.8508640365178,1414.265536354744,1599.3282168311669
20904.9566668,722.8274535376589,-679.2311053146398,1243.3678513205086,1590.533883861662
20904.969225,776.0149983697424,-806.5324421258559,1116.9384414737528,1581.2164114813963
20904.9858788,748.1133355070101,-932.0899250081513,1134.3769807629606,1647.8095537864851
20904.9969753,690.5661558526248,-1065.4947505705902,1169.254059341376,1726.0694465718468
20905.0136359,655.6890772742094,-1304.4027388327356,1075.9578741441148,1813.5820957606988
20905.0302926,669.6399087055755,-1556.3896315617867,792.5816106944898,1870.5485564869246
20905.0421356,707.132768177372,-1796.1695467883926,346.1550048907728,1961.1438193184974
20905.0588403,708.0046951418324,-2050.772220410825,-142.9960221715031,2174.2550932925274
20905.0757708,686.2065210303228,-2164.122725790675,-536.2350831431366,2332.778306265241
20905.0871093,620.8119986957939,-2191.152461688947,-835.3060319530485,2425.756132653764
20905.1051008,493.51066188457776,-2012.407433974568,-1000.1002282360613,2300.7687672227476
20905.1173704,432.4757743723508,-1640.0946201499837,-1194.539941310727,2074.5773858428415
20905.1345105,376.6724486468862,-1164.0224975546137,-1752.5731985653733,2137.3683175139904
20905.1463648,193.56778611020542,-720.2116726442778,-2486.7357026410173,2596.156350457766
20905.1646779,-105.50316269970655,-227.57293772416043,-2931.4184545158137,2942.130947935514
20905.1819244,-381.9040104336485,418.52494294098466,-2765.7523312683406,2823.1896427561005
20905.1941897,-421.1407238343658,1069.854385392892,-2171.098141506358,2456.7488791629676
20905.2111555,-335.69188131724815,1436.0637104662537,-1606.961395500489,2181.1219466892026
20905.2234826,-340.0515161395501,1659.2770133681122,-1196.2837952396478,2073.627295218112
20905.2405715,-451.6581675904793,1851.9728725138573,-939.0653407238344,2125.004078826012
20905.2522411,-434.2196283012716,2028.102119334855,-721.9555265731985,2196.1249223125283
20905.270976,-282.5043364851647,2113.5509618519727,-490.8948809911966,2188.1234317701737
20905.283147,-34.87707857841539,2152.78767525269,-362.72161721552004,2183.4097547014594
20905.300224,196.18356700358657,2103.087838278448,-277.2727746984024,2130.3395595692996
20905.3118287,231.06064558200197,2066.4669057711117,-144.73987610042386,2084.3761959678895
20905.3290624,-14.822758395826542,2032.461754157157,3.487707857841539,2032.5187970555526
20905.346048,-456.01780241278124,1990.6092598630585,116.83821323769156,2045.5142702123865
20905.3573335,-877.158526247147,1963.5795239647864,270.2973589827193,2167.512927152887
20905.3744773,-1137.864688620802,1919.1112487773069,426.3722856211281,2271.4571007922414
20905.3861649,-1147.4558852298665,1880.74646234105,536.2350831431366,2267.467823046351
20905.4039397,-940.8091946527552,1858.0763612650799,660.0487120965113,2184.773216463326
20905.421041,-615.5804369090316,1764.7801760678187,776.0149983697424,2023.7558207061113
20905.4327193,-442.93889794587545,1646.1981089012065,786.4781219432671,1877.4213478489116
20905.4503005,-441.1950440169547,1575.5720247799152,803.0447342680144,1822.6247878731897
20905.4622053,-531.0035213563743,1520.640626018911,842.2814476687316,1817.6222628145235
20905.479375,-607.7330942288881,1458.7338115422237,894.5970655363548,1815.9151291907283
20905.4967862,-614.7085099445712,1345.3833061623736,965.2231496576459,1766.2328615824417
20905.5085186,-470.8405608086078,1237.264362569286,1063.7508966416694,1698.257903468287
20905.5258944,-250.24303880013042,1139.6085425497229,1157.0470818389306,1643.1941937312863
20905.5377638,-91.5523312683404,1072.4701662862733,1230.288946853603,1634.6819200336565
20905.5549589,-4.359634822301924,1058.5193348549071,1260.8063906097163,1646.2426744802115
20905.5667656,81.08920769481578,1079.4455820019564,1279.1168568633843,1675.6843848470328
20905.5833801,113.35050537985002,1044.568503423541,1334.0482556243887,1698.1332232038915
20905.6001919,178.74502771437886,862.3357678513205,1416.8813172481252,1668.270190531235
20905.6111336,321.741049885882,636.5066840560809,1506.6897945875448,1666.9649663817158
20905.6278384,568.4963808281709,496.1264427779589,1610.4491033583306,1778.4476086592742
20905.6442393,716.7239647864362,381.03208346918814,1643.5823280078253,1833.096167491406
20905.6605005,645.2259537006847,333.076100423867,1446.5268340397784,1618.547528372174
20905.671567,453.4020215194001,354.87427453537657,1036.7211607433974,1185.8751658492665
20905.6879665,310.40599934789697,275.5289207694816,560.6490381480274,697.5639143389444
20905.7046114,300.8148027388327,34.00515161395501,200.5432018258885,363.1301029681648
20905.7212231,530.131594391914,-361.84969025105966,14.822758395826542,642.0236910533455
20905.7320652,828.3306162373656,-758.5764590805347,-74.1137919791327,1125.6388000725908
20905.74883,1003.5879360939028,-986.1493968046951,-263.3219432670362,1431.4390745321339
20905.765189,862.3357678513205,-1035.849233778937,-735.9063580045647,1535.631719973145
20905.7815139,437.70733615911314,-1059.3912618193674,-1394.2112161721552,1804.916195574459
20905.7922142,-55.803325725464624,-1250.3432670361917,-1985.3776980762962,2346.9548143506067
20905.8088146,-163.92226931855234,-1723.7996087381807,-2226.9014672318226,2820.8944939901057
20905.8259193,178.74502771437886,-2148.428040430388,-2100.472057385067,3009.929516399948
20905.8376735,460.37743723508316,-2277.473231170525,-2092.6247147049235,3126.9649662264073
20905.8550152,451.6581675904793,-2307.118747962178,-2357.69051190088,3329.48893487532
20905.8663217,408.9337463319205,-2600.958134985328,-2744.8260841212914,3803.4563571714657
20905.8832644,567.6244538637105,-2805.860971633518,-2956.7043364851647,4115.477353375965
20905.9004157,391.49520704271276,-2748.313791979133,-2605.3177698076297,3807.1219941046725
20905.9118317,-127.30133681121617,-2511.149657645908,-2171.098141506358,3322.0092374196443
20905.9287539,-556.2894033257255,-2356.81858493642,-2158.8911640039128,3244.2044942587036
20905.9461355,-529.2596674274536,-2366.4097815454843,-2212.9506358004564,3282.8587490553427
20905.9571368,-65.39452233452886,-2457.9621128138247,-2191.152461688947,3293.478905647506
20905.9737284,423.756504727747,-2442.2674274535375,-2078.6738832735573,3234.984524770276
20905.9907985,552.801695467884,-2325.429214215846,-1810.992305184219,2998.817079162573
20906.0025965,106.37508966416694,-1974.042647538311,-1265.1660254320184,2347.084384062187
20906.0209625,-326.9726116726443,-1650.5577437235083,-718.467818715357,1829.6032249313705
20906.0322919,-459.5055102706228,-1608.7052494294098,-354.87427453537657,1710.2671265734527
20906.0494927,-297.3270948809912,-1565.1089012063906,-194.4397130746658,1604.922451711111
20906.0672204,-37.49285947179654,-1421.240952070427,-211.0063253994131,1437.3083272951524
20906.0789379,217.1098141506358,-1052.4158461036843,-176.1292468209977,1088.9156515159425
20906.0968373,333.076100423867,-607.7330942288881,152.58721878056733,709.6210691839534
20906.1086599,16.56661232474731,-258.0903814802739,621.6839256602543,673.3320140026734
20906.1266892,-763.808020867297,-186.59237039452233,866.6954026736224,1170.2052497088946
20906.1382346,-1368.9253342028042,-211.0063253994131,1056.7754809259864,1742.1982255378323
20906.155041,-1411.649755461363,-148.2275839582654,1201.5153570264101,1859.6681429519979
20906.1716388,-1119.5542223671341,-79.34535376589501,1311.3781545484187,1726.0967545914482
20906.1828516,-726.3151613955005,0.0,1336.6640365177698,1521.2509524049442
20906.1994784,-457.761656341702,48.82791000978155,1273.8852950766222,1354.5160182977072
20906.2165088,-329.58839256602545,126.42940984675579,1265.1660254320184,1313.490759806062
20906.2277363,-394.9829149005543,202.28705575480927,1293.939615259211,1367.9222506876781
20906.2454573,-517.9246168894686,257.2184545158135,1377.644603847408,1494.092332030885
20906.2568474,-535.3631561786763,292.09553309422887,1547.6703619171828,1663.4954338993718
20906.2738084,-382.7759373981089,295.5832409520704,1791.8099119660906,1855.928239777244
20906.2921451,-76.72957287251386,306.04636452559504,2015.0232148679493,2039.5760248270465
20906.3038934,234.5483534398435,365.3373981089012,2133.6052820345617,2177.327684131193
20906.3211869,469.096706879687,394.1109879360939,2165.866579719596,2250.856110986127
20906.3324338,582.447212259537,373.18474078904467,2154.531529181611,2262.8560970738604
20906.349435,571.9840886860125,334.81995435278776,2141.452624714705,2241.67114970958
20906.3664483,554.5455493968047,294.71131398761,2120.526377567656,2211.562262950856
20906.3785543,606.8611672644278,248.49918487120965,2096.112422562765,2196.296794433107
20906.3956979,734.1625040756439,180.48888164329964,2035.9494620149985,2171.787519686636
20906.4082809,994.868666449299,29.645516791653083,1920.8551027062276,2163.4063062081063
20906.4256442,1198.899576133029,-144.73987610042386,1739.4942940984677,2117.5812203045834
20906.4370826,1132.6331268340398,-244.13955004890772,1421.240952070427,1833.681478267693
20906.4541591,782.9904140854255,-345.2830779263124,922.4987283990871,1258.291816849282
20906.4710467,620.8119986957939,-493.51066188457776,451.6581675904793,912.6639093716865
20906.4832305,937.3214867949137,-738.5221388979459,256.3465275513531,1220.532695767492
20906.5007835,1496.2266710140202,-1184.948744701663,237.16413433322467,1923.2900470906025
20906.5117767,1776.1152266058039,-1673.2278447994784,234.5483534398435,2451.385251015155
20906.5287425,1314.8658624062602,-1933.9340071731333,55.803325725464624,2339.2492366962765
20906.5461214,558.0332572546463,-1996.712748614281,-228.4448646886208,2085.773231414103
20906.5576877,131.6609716335181,-1820.5835017932834,-575.4717965438539,1913.903520836614
20906.5747583,186.59237039452233,-1531.1037495924356,-936.4495598304533,1804.4481657315935
20906.5917265,505.71763938702315,-1443.0391261819368,-1301.7869579393544,2008.1736813184534
20906.6028683,611.2208020867297,-1381.1323117052495,-1545.0545810238018,2160.6274527744176
20906.6195963,268.5535050537985,-1098.6279752200849,-1593.8824910335834,1954.370949496611
20906.6313026,-115.96628627323118,-654.817150309749,-1538.951092272579,1676.4856528759049
20906.6485958,-306.9182914900554,-142.12409520704273,-1531.975676556896,1568.8682448349682
20906.6659818,-340.92344310401046,281.6324095207043,-1536.335311379198,1598.709416104424
20906.676834,-405.44603847407893,566.7525268992501,-1502.330159765243,1656.0769383700958
20906.6941384,-450.7862406260189,827.4586892729052,-1386.3638734920119,1676.2759041741153
20906.7112326,-624.2997065536355,1201.5153570264101,-1401.1866318878383,1948.5156540696412
20906.7229588,-837.9218128464297,1532.8476035213564,-1558.1334854907075,2340.8363246225554
20906.7405505,-775.1430714052821,1584.291294424519,-1379.3884577763288,2239.093165588134
20906.7524769,-435.96348223019237,1502.330159765243,-833.5621780241278,1772.5365924039097
20906.769593,-377.5443756113466,1568.596609064232,-415.0372350831431,1665.9204614953949
20906.7813778,-680.9749592435605,1825.8150635800457,-408.0618193674601,1990.9399764779591
20906.7983577,-978.3020541245517,1926.9585914574502,-565.8805999347898,2233.9349085590106
20906.815379,-846.6410824910336,1803.1449625040757,-606.8611672644278,2082.4056652580825
20906.8265963,-596.3980436909031,1620.9122269318552,-468.22477991522663,1789.491972170366
20906.843561,-540.5947179654386,1631.3753505053799,-228.4448646886208,1733.7287098999327
20906.8601778,-580.7033583306162,1806.6326703619172,-32.261297685034236,1897.9406701274438
20906.8718059,-565.8805999347898,1899.056928594718,129.91711770459733,1985.82892740005
20906.8898785,-550.1859145745028,1851.9728725138573,259.83423540919466,1949.3644838803468
20906.9012483,-547.5701336811217,1737.750440169547,335.69188131724815,1852.6463998268339
20906.9179341,-599.8857515487447,1633.1192044343006,316.50948809911966,1768.3663384208862
20906.9356848,-653.0732963808282,1536.335311379198,285.9920443430062,1693.7007908316718
20906.9468214,-551.0578415389632,1430.8321486794914,303.4305836322139,1563.014875648897
20906.9643996,-340.0515161395501,1335.7921095533095,327.8445386371047,1416.847781198765
20906.9814793,-154.3310727094881,1252.0871209651125,401.086403651777,1323.7864411167996
20906.9933882,-76.72957287251386,1259.934463645256,477.8159765242909,1349.6778828506153
20907.010379,-155.20299967394848,1212.8504075643953,494.38258884903814,1318.904176350196
20907.0219437,-301.6867297032931,1154.4313009455493,504.84571242256277,1295.6063078085667
20907.0387227,-348.77078578415393,1084.6771437887187,549.3139876100424,1264.876050946572
20907.0556313,-231.06064558200197,1033.2334528855558,626.9154874470166,1230.4403352050479
20907.0672796,-34.00515161395501,1034.9773068144766,764.6799478317574,1287.2722317261469
20907.0842844,128.17326377567656,1088.1648516465602,898.9567003586567,1417.2700092168793
20907.1010568,207.51861754157156,1159.6628627323116,1018.4106944897294,1557.254723697417
20907.1129207,219.72559504401696,1204.1311379197914,1060.263188783828,1619.3730774332116
20907.1302142,189.2081512879035,1130.889272905119,1028.0018910987935,1539.9669347711174
20907.1412694,103.75930877078578,994.868666449299,876.2865992826867,1329.8149727392956
20907.1589645,74.98571894359308,865.823475709162,721.0835996087382,1129.2629041809867
20907.1755093,167.40997717639388,795.1973915878709,638.2505379850016,1033.3096057254565
20907.186718,279.01662862732314,868.4392566025432,552.801695467884,1066.5958634699005
20907.2042465,340.0515161395501,1015.7949135963482,486.5352461688947,1176.5164197246233
20907.2214902,503.101858493642,1025.3861102054125,432.4757743723508,1221.2958079191574
20907.2334437,551.9297685034236,681.8468862080209,273.78506684056083,918.9667613231215
20907.2509457,468.22477991522663,-79.34535376589501,-83.70498858819694,482.22054581430643
20907.2628834,530.131594391914,-889.3655037495924,-461.24936419954355,1133.4731944809116
20907.2808638,469.096706879687,-1205.0030648842517,-818.7394196283013,1530.4961104292604
20907.2920783,293.83938702314964,-1157.0470818389306,-1105.603390935768,1627.1012239583604
20907.3085324,429.85999347896967,-1134.3769807629606,-1189.3083795239647,1698.836416517067
20907.3263411,773.3992174763613,-1441.295272253016,-1188.4364525595045,2021.8455957822703
20907.3384127,1015.7949135963482,-1976.6584284316923,-1308.7623736550374,2579.1232618611753
20907.3556696,1039.3369416367786,-2450.1147701336813,-1581.675513531138,3095.9620629429724
20907.3676936,708.8766221062928,-2668.0965112487775,-1944.397130746658,3376.6736977034902
20907.3850087,281.6324095207043,-2614.908966416694,-2297.5275513531137,3492.2340365395753
20907.4018652,-41.85249429409847,-2410.0061297685033,-2445.755135311379,3433.889829144549
20907.413353,-72.36993805021193,-2321.9415063580045,-2466.6813824584283,3388.387051304572
20907.4314804,-73.24186501467231,-2480.6322138897945,-2471.0410172807306,3502.13424363807
20907.4429363,-387.13557222041084,-2382.9763938702317,-2478.0164329964136,3459.626553144352
20907.4603062,-645.2259537006847,-2146.684186501467,-2449.2428431692206,3320.1445800928714
20907.4724816,-453.4020215194001,-1988.8654059341377,-2267.0101075970006,3049.6711009527576
20907.48989,-117.71014020215195,-1929.5743723508315,-2028.9740462993154,2802.471876057944
20907.5016637,-16.56661232474731,-1844.1255298337137,-1872.027192696446,2627.8430761031623
20907.5189978,-320.8691229214216,-1655.7893055102707,-1847.6132376915552,2501.653432108376
20907.536702,-517.9246168894686,-1492.7389631561787,-1613.9368112161721,2258.60743634287
20907.5487201,-476.0721225953701,-1336.6640365177698,-1175.3575480925986,1842.493087718563
20907.566379,-346.1550048907728,-1164.0224975546137,-694.0538637104663,1398.7431601104036
20907.5776205,-144.73987610042386,-967.838930551027,-170.02575806977504,993.2625965125856
20907.595115,-46.21212911640039,-791.7096837300294,195.3116400391262,816.7535864164585
20907.6065776,-340.0515161395501,-636.5066840560809,360.97776328659927,806.895741756189
20907.6242185,-758.5764590805347,-519.6684708183893,427.2442125855885,1013.9187250572725
20907.6410799,-939.9372676882948,-530.131594391914,472.58441473752856,1178.073683440328
20907.6528788,-907.6759700032605,-524.9000326051516,486.5352461688947,1155.9032210850855
20907.6700125,-816.9955656993806,-451.6581675904793,585.0629931529181,1101.7148272945644
20907.6819484,-619.0681447668732,-331.3322464949462,767.2957287251386,1040.0813241051526
20907.6991114,-510.0772742093251,-231.93257254646235,982.6616889468536,1131.1920874885564
20907.7163018,-531.0035213563743,-87.19269644603848,1174.4856211281383,1291.8915512701326
20907.7280387,-692.3100097815455,20.926247147049235,1324.4570590153244,1494.6295723820351
20907.7449258,-704.5169872839908,41.85249429409847,1515.4090642321487,1671.693886035151
20907.7614133,-562.3928920769482,44.46827518747962,1734.2627323117053,1823.7133593967242
20907.7725367,-360.97776328659927,112.47857841538963,1961.8356700358656,1997.9378299673933
20907.7897119,-153.4591457450277,244.13955004890772,2225.157613302902,2243.764745545028
20907.80645,68.8822301923704,329.58839256602545,2504.174241930225,2526.709699213059
20907.8181739,175.25731985653735,358.3619823932181,2714.308640365178,2743.4667546280116
20907.8358916,170.02575806977504,288.6078252363873,2811.964460384741,2831.845222052527
20907.8469956,156.94685360286925,217.1098141506358,2844.225758069775,2856.814510801139
20907.8647853,186.59237039452233,155.20299967394848,2791.910140202152,2802.439457822566
20907.8766006,284.24819041408546,103.75930877078578,2756.1611346592763,2772.721988969789
20907.8939813,548.442060645582,38.36478643625693,2770.1119660906425,2824.142499131734
20907.9113599,761.1922399739159,-90.68040430388001,2761.3926964460384,2865.820333849759
20907.9226256,792.5816106944898,-277.2727746984024,2646.298337137268,2776.3214313792078
20907.9401349,788.2219758721878,-565.0086729703294,2470.16909031627,2653.72644003361
20907.9526685,694.0538637104663,-885.8777958917509,2195.5120965112487,2467.136721163355
20907.9695342,452.5300945549397,-1176.229475057059,1820.5835017932834,2214.2320455347044
20907.9815535,207.51861754157156,-1555.5177045973264,1390.7235083143137,2096.8574540297614
20907.99903,151.71529181610694,-2032.461754157157,993.9967394848386,2267.586344549844
20908.0161263,272.04121291164006,-2355.0747310074994,647.8417345940659,2457.65789385633
20908.027869,430.73192044343006,-2593.982719269645,376.6724486468862,2656.343063071498
20908.0452168,627.787414411477,-2743.0822301923704,61.906814476687316,2814.6846382799704
20908.0564748,631.2751222693186,-2743.0822301923704,-422.8845777632866,2846.3730900399064
20908.0738376,427.2442125855885,-2697.7420280404303,-1055.0316269970656,2928.0439547601823
20908.0909731,185.72044343006195,-2349.843169220737,-1704.6172155200522,2908.947379119903
20908.1024212,-6.103488751222693,-1664.5085751548745,-2173.713922399739,2737.8199841796586
20908.119854,69.75415715683079,-891.1093576785132,-2428.3165960221713,2587.5979247749406
20908.1370072,95.91196609064232,-374.92859471796544,-2459.705966742745,2489.964658224374
20908.1483819,-52.31561786762308,-191.82393218128465,-2269.6258884903814,2278.3184629318425
20908.1655125,-269.4254320182589,-6.103488751222693,-2026.3582654059342,2044.2003658575418
20908.177081,-340.92344310401046,342.66729703293123,-1925.2147375285294,1984.9688803885044
20908.1944798,-272.91313987610044,722.8274535376589,-1989.737332898598,2134.4825516820683
20908.2116552,-144.73987610042386,1090.7806325399413,-1950.5006194978807,2239.465268031504
20908.2225519,7.847342680143463,1380.260384740789,-1693.2821649820671,2184.5788611808653
20908.2401511,61.03488751222693,1484.8916204760353,-1355.8464297358983,2011.7027422263852
20908.2522696,-181.36080860776002,1543.310727094881,-1167.5102054124552,1943.6511577459635
20908.2694549,-511.82112813824585,1601.7298337137267,-982.6616889468536,1947.5942396559897
20908.2813587,-668.7679817411151,1688.9225301597653,-747.2414085425497,1964.1994931584727
20908.2988852,-714.1081838930551,1765.6521030322792,-532.7473752852951,1977.7000816905274
20908.3168577,-649.5855885229867,1832.7904792957288,-293.83938702314964,1966.5767117455557
20908.3288581,-547.5701336811217,1864.1798500163027,-77.60149983697424,1944.4849079597698
20908.3461206,-430.73192044343006,1912.1358330616238,84.57691555265733,1961.8732594159992
20908.3579413,-427.2442125855885,1915.6235409194653,220.59752200847734,1975.04795750103
20908.3745392,-464.7370720573851,1841.5097489403327,335.69188131724815,1928.6854955562535
20908.3917355,-599.0138245842843,1751.701271600913,437.70733615911314,1902.3308384975664
20908.4030581,-693.1819367460059,1704.6172155200522,533.6193022497555,1915.9777161052255
20908.4205228,-668.7679817411151,1687.1786762308445,578.087577437235,1904.7329855172352
20908.4323403,-583.3191392239974,1680.2032605151614,571.9840886860125,1868.2906659673629
20908.4490474,-492.6387349201174,1682.8190414085425,530.131594391914,1831.833059163245
20908.4664832,-418.52494294098466,1599.1140528203457,539.7227910009782,1738.8586983757914
20908.4779357,-369.6970329312031,1521.5125529833715,603.3734594065862,1678.0154577835042
20908.4945512,-511.82112813824585,1426.4725138571894,711.4924029996739,1674.2180680917902
20908.5068104,-724.5713074665797,1358.4622106292795,863.2076948157809,1765.0922586938032
20908.5239009,-691.4380828170852,1307.8904466905772,1065.4947505705902,1823.1684251345864
20908.5418244,-323.48490381480275,1303.5308118682751,1227.6731659602217,1819.619867693478
20908.5538624,49.69983697424193,1272.1414411477015,1293.939615259211,1815.2392812017297
20908.5709444,252.85881969351158,1276.5010759700033,1303.5308118682751,1841.8971624765961
20908.5834198,255.47460058689273,1262.5502445386371,1384.620019563091,1891.1565218417272
20908.6006835,122.94170198891425,1259.0625366807956,1581.675513531138,2025.3519603923166
20908.6121811,-27.901662862732312,1199.7715030974894,1812.7361591131398,2173.9923056422194
20908.6295293,-111.60665145092925,1151.8155200521683,1922.5989566351484,2243.996832648321
20908.646871,-48.82791000978155,1049.8000652103033,1895.5692207368766,2167.405594787577
20908.6582488,168.28190414085427,953.888099119661,1752.5731985653733,2002.4320515895304
20908.6754925,477.8159765242909,959.9915878708836,1491.8670361917184,1837.26949843516
20908.6869891,680.1030322791001,919.0110205412456,1143.0962504075644,1616.7221245740784
20908.7040724,605.9892402999674,748.1133355070101,748.1133355070101,1219.2498041362076
20908.7213633,148.2275839582654,313.0217802412781,326.1006847081839,475.7054846421996
20908.7335884,-302.5586566677535,-287.73589827192694,-101.14352787740464,429.6087768079646
20908.7505587,-707.132768177372,-591.1664819041408,-524.9000326051516,1060.6764847897784
20908.7622749,-793.4535376589502,-650.457515487447,-906.8040430388002,1369.2907172507669
20908.7795508,-419.39686990544504,-814.3797848059994,-1228.5450929246822,1532.4592045912566
20908.7973107,134.27675252689926,-1077.7017280730356,-1477.9162047603522,1834.0413215775757
20908.8089996,510.94920117378547,-1297.4273231170525,-1710.7207042712748,2207.023351252364
20908.8258621,452.5300945549397,-1499.7143788718618,-2025.486338441474,2560.570563738864
20908.8370271,-48.82791000978155,-1619.1683730029345,-2584.3915226605804,3050.1098221750585
20908.8551223,-610.3488751222693,-1727.2873165960223,-3222.642060645582,3706.9487553078625
20908.8675305,-605.117313335507,-1828.4308444734268,-3760.6209977176395,4225.114981204062
20908.8850237,-135.14867949135964,-1827.5589175089665,-3893.153896315618,4302.8925181710365
20908.8966989,254.60267362243235,-1596.4982719269644,-3692.6106944897297,4031.0052089697674
20908.9143377,242.39569611998695,-1535.4633844147374,-3497.2990544506033,3827.2057894287495
20908.9314047,-153.4591457450277,-1706.361069448973,-3460.678121943267,3861.542550903798
20908.9429775,-572.8560156504728,-1790.0660580371698,-3505.1463971307467,3977.2543006604847
20908.9600441,-725.4432344310401,-1709.8487773068146,-3493.8113465927618,3956.838188910396
20908.9716848,-493.51066188457776,-1615.680665145093,-3129.345875448321,3556.2314875866646
20908.9886843,-194.4397130746658,-1474.4284969025107,-2206.8471470492336,2661.187803394961
20909.0059805,142.9960221715031,-1435.1917835017932,-1293.0676882947505,1937.0718531587465
20909.0179974,404.57411150961855,-1538.0791653081187,-782.9904140854255,1772.693351656846
20909.0354408,408.0618193674601,-1457.8618845777632,-600.7576785132051,1628.7373978707203
20909.0468008,401.086403651777,-1321.8412781219433,-429.85999347896967,1446.6908037777487
20909.0635675,615.5804369090316,-1259.0625366807956,-332.2041734594066,1440.3254349076954
20909.0810491,728.0590153244212,-1283.4764916856864,-330.46031953048583,1512.146109768879
20909.0927069,557.1613302901859,-1044.568503423541,-169.15383110531465,1195.8951145032875
20909.109962,313.0217802412781,-599.0138245842843,265.065797195957,725.9890314540839
20909.1268814,313.0217802412781,-479.5598304532116,708.8766221062928,911.2992545034589
20909.1383074,196.18356700358657,-489.15102706227583,939.9372676882948,1077.6079001323567
20909.1559077,-178.74502771437886,-397.59869579393546,946.9126834039779,1042.4385534989458
20909.1675825,-519.6684708183893,-264.1938702314966,844.0253015976524,1025.7838126855133
20909.1840513,-573.7279426149332,-218.85366807955657,844.8972285621128,1044.4673317059658
20909.2009784,-369.6970329312031,-172.6415389631562,907.6759700032605,995.1666511972063
20909.2131977,-177.87310074991848,-84.57691555265733,1047.184284316922,1065.5454096072751
20909.2301821,-58.41910661884578,-5.231561786762309,1266.9098793609392,1268.266850343106
20909.241291,-74.98571894359308,140.38024127812196,1606.961395500489,1614.8233330044716
20909.2582206,-243.26762308444734,178.74502771437886,1831.9185523312683,1856.624491853229
20909.2755361,-378.416302575807,124.68555591783502,1953.9883273557223,1994.1955193390886
20909.2871337,-360.1058363221389,115.09435930877079,2035.9494620149985,2070.751828872095
20909.3038717,-127.30133681121617,214.49403325725464,2117.0386697098143,2131.68150756711
20909.3212705,267.68157808933813,370.5689598956635,2260.0346918813175,2305.8038923103663
20909.3331927,680.9749592435605,533.6193022497555,2418.7253994131074,2568.795245366275
20909.3500037,1000.9721552005217,586.8068470818389,2641.9387023149657,2885.503013004594
20909.3611598,970.4547114444082,476.9440495598305,2791.910140202152,2993.9973621128624
20909.3778488,739.3940658624063,247.62725790674926,2818.0679491359633,2923.9579014476817
20909.3947944,505.71763938702315,105.50316269970655,2791.910140202152,2839.3033439719725
20909.4064167,407.1898924029997,87.19269644603848,2715.180567329638,2746.9276816096185
20909.4234863,489.15102706227583,126.42940984675579,2595.7265731985653,2644.437476243189
20909.4406704,813.507857841539,-49.69983697424193,2471.912944245191,2602.8097726288265
20909.4520265,1128.273492011738,-397.59869579393546,2435.2920117378544,2713.251366554084
20909.4703238,1238.1362895337463,-872.7988914248451,2309.7345288555593,2762.179025718725
20909.4823175,1089.0367786110205,-1303.5308118682751,2051.6441473752852,2663.538509223528
20909.4996239,828.3306162373656,-1763.9082491033585,1545.926507988262,2487.4470223809453
20909.5165269,735.9063580045647,-2263.522399739159,950.4003912618194,2562.8797719719673
20909.5279313,1087.2929246820997,-2793.653994131073,474.32826866644933,3035.077568933678
20909.5444441,1341.895598304532,-3277.573459406586,136.89253342028042,3544.278649353315
20909.5562765,1190.1803064884252,-3532.1761330290187,-180.48888164329964,3731.671694172675
20909.5738886,652.2013694163678,-3266.2384088686013,-537.107010107597,3373.746272342335
20909.5908513,82.83306162373655,-2661.1210955330944,-1014.9229866318879,2849.297364260706
20909.6028644,-65.39452233452886,-1926.08666449299,-1525.000260841213,2457.5825679425016
20909.620462,-15.694685360286925,-1350.614867949136,-1937.4217150309748,2361.7810538971185
20909.6317102,225.82908379523965,-973.0704923377893,-2110.063253994131,2334.5731716959754
20909.6492673,259.83423540919466,-398.47062275839585,-2000.2004564721226,2055.9899156278543
20909.6670222,33.13322464949462,243.26762308444734,-1770.8836648190415,1787.8215518724876
20909.6782196,-71.49801108575156,682.7188131724813,-1638.350766221063,1776.3474256535526
20909.6948686,68.8822301923704,881.518161069449,-1511.9213563743072,1751.492283109538
20909.7064751,122.06977502445386,1062.878969677209,-1347.999087055755,1720.9631817269524
20909.7238751,-92.42425823280078,1361.0779915226606,-1329.6886208020867,1905.0321180515039
20909.7407889,-269.4254320182589,1607.8333224649496,-1373.284969025106,2131.5791475798383
20909.7520406,-84.57691555265733,1647.0700358656668,-1242.4959243560484,2064.8944476007296
20909.7690763,278.14470166286276,1647.0700358656668,-1015.7949135963482,1955.0047275129195
20909.7862522,275.5289207694816,1708.976850342354,-849.2568633844147,1928.1481481442245
20909.7984986,-129.04519074013695,1808.376524290838,-671.3837626344963,1933.2962710326174
20909.8155823,-424.62843169220736,1887.721878056733,-490.0229540267362,1995.9773769681137
20909.8270829,-490.8948809911966,1891.2095859145745,-310.40599934789697,1978.3840290675882
20909.8444618,-385.39171829149006,1882.4903162699707,-180.48888164329964,1929.9929543329247
20909.861502,-323.48490381480275,1891.2095859145745,-106.37508966416694,1921.6221898573892
20909.8725629,-314.7656341701989,1881.6183893055104,-75.85764590805347,1909.2719947325322
20909.8894169,-289.4797522008477,1833.662406260189,-8.719269644603848,1856.392300331292
20909.9068065,-373.18474078904467,1796.1695467883926,69.75415715683079,1835.853353078199
20909.9185832,-613.8365829801108,1778.731007499185,161.30648842517118,1888.5706581570687
20909.9357929,-772.5272905119009,1700.2575806977502,273.78506684056083,1887.493713401641
20909.9474197,-754.2168242582328,1627.015715683078,352.2584936419954,1827.5965647310734
20909.9649474,-522.2842517117705,1584.291294424519,399.34254972285623,1715.2942071827192
20909.977321,-258.0903814802739,1565.980828170851,400.2144766873166,1636.7889987904368
20909.9947062,-155.20299967394848,1560.7492663840887,335.69188131724815,1603.9686040594986
20910.0114001,-210.13439843495271,1527.616041734594,268.5535050537985,1565.2118774936412
20910.0228193,-330.46031953048583,1448.2706879686991,245.8834039778285,1505.706032652205
20910.0397358,-380.16015650472775,1355.8464297358983,319.1252689925008,1443.8428664265432
20910.0512958,-279.01662862732314,1282.6045647212259,434.2196283012716,1382.55973979296
20910.0683685,-74.98571894359308,1184.0768177372024,605.117313335507,1331.8512421612745
20910.0849337,123.81362895337463,1145.7120313009457,705.3889142484512,1351.1326336547984
20910.0960857,236.29220736876428,1123.0419302249757,723.6993805021193,1356.7601032038765
20910.1134844,325.2287577437235,1159.6628627323116,688.822301923704,1387.4681487124294
20910.1311987,319.1252689925008,1267.7818063253994,639.122464949462,1455.1938602682135
20910.1425593,231.93257254646235,1303.5308118682751,707.132768177372,1501.0070111522389
20910.1600751,147.355656993805,1177.1014020215193,861.4638408868601,1466.083677504338
20910.1718788,33.13322464949462,935.5776328659929,966.9670035865666,1345.8931992249577
20910.1892445,-59.29103358330617,805.6605151613956,942.553048581676,1241.3744566987486
20910.2062597,-64.52259537006847,822.2271274861429,847.513009455494,1182.5814625993896
20910.217997,117.71014020215195,854.488425171177,834.4341049885882,1200.1193363270315
20910.2363169,408.9337463319205,807.4043690903163,748.1133355070101,1174.2240786487966
20910.2477977,560.6490381480274,431.60384740789044,502.2299315291816,867.6659087444939
20910.2652961,612.0927290511901,-367.95317900228235,115.96628627323118,723.5297025328153
20910.2768113,695.7977176393871,-1143.968177372025,-279.01662862732314,1367.7163206464309
20910.2941629,630.4031953048582,-1441.295272253016,-707.132768177372,1724.7541860507727
20910.3064894,477.8159765242909,-1563.3650472774698,-1267.7818063253994,2068.740942438284
20910.3235604,402.8302575806978,-1756.9328333876754,-1779.6029344636454,2532.9966051713914
20910.341307,357.4900554287577,-2025.486338441474,-2072.5703945223345,2919.9215892201573
20910.3528044,551.0578415389632,-2488.4795565699383,-2212.078708835996,3374.831471684716
20910.3700127,667.8960547766548,-2999.4287577437235,-2339.3800456472122,3862.0405242227366
20910.38173,537.107010107597,-3322.041734594066,-2693.3823932181285,4310.307870998183
20910.3984685,181.36080860776002,-3117.1388979458757,-2977.630583632214,4314.595061482365
20910.4150127,-292.09553309422887,-2576.544179980437,-3150.27212259537,4080.21006300487
20910.4268637,-383.6478643625693,-2344.6116074339748,-3046.5128138245846,3863.3702383206137
20910.4440865,64.52259537006847,-2550.3863710466253,-2655.0176067818716,3682.0853193883763
20910.4612072,596.3980436909031,-3040.4093250733617,-2350.715096185197,3889.169699813107
20910.4728823,660.9206390609717,-3384.8204760352137,-2448.3709162047603,4229.461654802104
20910.4897868,254.60267362243235,-2931.4184545158137,-2573.0564721225956,3908.7921773386147
20910.5062958,-177.0011737854581,-1816.2238669709814,-2032.461754157157,2731.464686315392
20910.5177538,-44.46827518747962,-1219.8258232800783,-795.1973915878709,1456.8086210025062
20910.534724,278.14470166286276,-1455.2461036843822,166.5380502119335,1490.9193873312167
20910.546519,-136.89253342028042,-1554.645777632866,453.4020215194001,1625.1881284133847
20910.564177,-747.2414085425497,-1341.0236713400718,503.101858493642,1615.4954935730448
20910.5763465,-825.7148353439844,-1189.3083795239647,491.766807955657,1529.0827329873157
20910.5932755,-640.8663188783828,-1090.7806325399413,499.61415063580046,1360.1934886303845
20910.6101898,-453.4020215194001,-735.0344310401043,655.6890772742094,1084.3325938055318
20910.621638,-418.52494294098466,-320.8691229214216,937.3214867949137,1075.4960211528187
20910.6381537,-596.3980436909031,-48.82791000978155,1187.564525595044,1329.8061113433198
20910.6556862,-874.5427453537659,99.39967394848387,1383.7480925986306,1639.9585642333514
20910.6678902,-1104.7314639713074,224.95715683077927,1474.4284969025107,1856.0648486450502
20910.6855223,-1132.6331268340398,394.1109879360939,1500.5863058363223,1920.921792285495
20910.6972779,-992.2528855559178,510.94920117378547,1528.4879686990546,1892.5935500080138
20910.7144163,-727.1870883599609,570.2402347570917,1575.5720247799152,1826.5821065811253
20910.7316364,-486.5352461688947,574.5998695793935,1667.996283012716,1830.0527741104954
20910.7432292,-338.3076622106293,616.452363873492,1791.8099119660906,1924.8502154338053
20910.7611983,-397.59869579393546,727.1870883599609,1882.4903162699707,2056.8557497366437
20910.7727629,-519.6684708183893,817.867492663841,1962.7075970003261,2188.8772616210704
20910.7900889,-565.8805999347898,878.0304532116074,1983.6338441473754,2241.865642226677
20910.8014691,-430.73192044343006,901.5724812520378,1968.8110857515487,2207.8451072523258
20910.8192496,-161.30648842517118,867.5673296380828,1982.7619171829149,2170.2621212411836
20910.8365424,152.58721878056733,833.5621780241278,2035.9494620149985,2205.2661916074167
20910.8481771,434.2196283012716,803.0447342680144,2168.4823606129767,2352.8160317218403
20910.8658955,574.5998695793935,757.7045321160743,2268.753961525921,2459.9848995572015
20910.8766844,390.6232800782524,646.0978806651451,2311.47838278448,2431.658144645139
20910.8936865,21.79817411150962,427.2442125855885,2261.778545810238,2301.880745796782
20910.910832,-245.0114770133681,146.48373002934463,2136.2210629279425,2155.2096270962993
20910.9225501,-203.15898271926966,-129.04519074013695,1937.4217150309748,1952.3137901951752
20910.9394159,68.01030322791001,-500.48607760026084,1768.2678839256603,1838.9896749410473
20910.9519931,381.9040104336485,-826.5867623084448,1662.7647212259537,1895.7539046412342
20910.9693035,554.5455493968047,-1080.3175089664167,1429.960221715031,1876.004510181814
20910.9869665,455.14587544832085,-1429.960221715031,1075.0859471796543,1846.0102376336088
20911.0001502,294.71131398761,-1838.0220410824911,544.0824258232801,1939.382754431702
20911.0117051,238.03606129768505,-2318.453798500163,-26.15780893381154,2330.788152798569
20911.0287645,357.4900554287577,-2749.185718943593,-641.7382458428432,2845.6368765447405
20911.0454718,463.8651450929247,-3106.675774372351,-1161.4067166612324,3348.950701549659
20911.0570136,640.8663188783828,-3298.4997065536354,-1491.8670361917184,3676.476194195008
20911.0741622,639.9943919139224,-2978.5025105966743,-1590.3947831757418,3436.629976250655
20911.0912373,382.7759373981089,-2333.2765568959894,-1770.8836648190415,2954.10322492873
20911.1028793,125.5574828822954,-1706.361069448973,-2182.433192044343,2773.165595231493
20911.1197162,32.261297685034236,-1196.2837952396478,-2577.4161069448974,2841.691309488117
20911.1311987,59.29103358330617,-663.5364199543528,-2688.150831431366,2769.467620282707
20911.1480119,-239.7799152266058,84.57691555265733,-2674.2000000000003,2686.260095819182
20911.1648167,-663.5364199543528,885.8777958917509,-2474.528725138572,2710.784473431223
20911.1814052,-759.4483860449951,1244.2397782849691,-2088.2650798826216,2546.7126890935597
20911.1929622,-651.3294424519074,1384.620019563091,-1786.5783501793283,2352.2892769617215
20911.209957,-574.5998695793935,1579.0597326377567,-1664.5085751548745,2365.2026226356993
20911.2215532,-597.2699706553635,1713.336485164656,-1705.4891424845125,2490.1699830283865
20911.2392769,-587.6787740462993,1659.2770133681122,-1711.5926312357353,2455.222165885774
20911.2564059,-579.8314313661558,1708.976850342354,-1490.995109227258,2340.9128090438994
20911.2680496,-621.6839256602543,1887.721878056733,-1109.9630257580698,2276.401263149446
20911.2859187,-794.3254646234105,1995.8408216498208,-682.7188131724813,2253.9828098219095
20911.2971345,-856.2322791000978,2008.9197261167265,-299.94287577437234,2204.2817221221185
20911.3144089,-877.158526247147,1989.737332898598,-101.14352787740464,2176.853634797246
20911.3316962,-891.9812846429736,1981.8899902184546,-15.694685360286925,2173.422386152769
20911.3428121,-846.6410824910336,1946.1409846755787,48.82791000978155,2122.88718955849
20911.3598483,-737.6502119334855,1830.1746984023475,121.19784805999348,1976.9562919326297
20911.3766102,-691.4380828170852,1766.5240299967395,206.6466905771112,1908.2443831050991
20911.3877912,-729.802869253342,1701.1295076622107,340.0515161395501,1882.0437995536374
20911.4045656,-797.8131724812521,1688.9225301597653,486.5352461688947,1930.202506689516
20911.4211897,-907.6759700032605,1662.7647212259537,548.442060645582,1972.1690796075666
20911.4325834,-951.2723182262798,1574.700097815455,569.3683077926313,1925.819226044399
20911.4491315,-957.3758069775024,1461.3495924356048,601.6296054776655,1847.7200137696034
20911.4663047,-816.1236387349202,1359.3341375937398,648.7136615585263,1713.0897542225605
20911.477595,-622.5558526247147,1333.1763286599282,737.6502119334855,1645.9230687070299
20911.4944942,-427.2442125855885,1311.3781545484187,822.2271274861429,1605.7109735530892
20911.5113486,-253.73074665797196,1324.4570590153244,933.8337789370721,1640.3083001859823
20911.5225598,-157.81878056732964,1331.4324747310075,1059.3912618193674,1708.7799881457313
20911.53961,-97.6558200195631,1335.7921095533095,1128.273492011738,1751.2504937629385
20911.5561818,-23.542028040430388,1293.939615259211,1168.3821323769155,1743.545457474235
20911.5679694,30.517443756113465,1244.2397782849691,1234.6485816759048,1753.117526144314
20911.5844442,154.3310727094881,1181.4610368438214,1350.614867949136,1801.0632368434487
20911.6010448,347.02693185523316,1214.594261493316,1471.8127160091294,1939.5616985524127
20911.61263,524.0281056406913,1285.2203456146071,1602.6017606781872,2120.077639052855
20911.6290095,636.5066840560809,1370.669188131725,1683.690968373003,2262.452222506051
20911.6453625,661.792566025432,1434.319856537333,1688.0506031953048,2311.8731994319746
20911.6566668,618.1962178024128,1501.4582328007825,1599.1140528203457,2278.971071005064
20911.6731016,535.3631561786763,1550.2861428105641,1425.600586892729,2173.094076871258
20911.6894598,351.38656667753503,1429.0882947505706,1194.539941310727,1895.4396705833597
20911.705994,87.19269644603848,967.838930551027,870.183110531464,1304.428383491367
20911.7175326,-127.30133681121617,136.89253342028042,389.751353113792,432.2630140483651
20911.7341334,-61.906814476687316,-627.787414411477,-148.2275839582654,648.0130461790127
20911.7507438,34.00515161395501,-1003.5879360939028,-553.6736224323444,1146.6907063314247
20911.7617965,99.39967394848387,-1076.829801108575,-1007.9475709162048,1478.3101912157936
20911.7786436,125.5574828822954,-1102.1156830779264,-1514.5371372676884,1877.2976323846647
20911.7950951,182.2327355722204,-1368.0534072383437,-1824.071209651125,2287.359760258253
20911.8117227,717.5958917508966,-2001.9443104010434,-1857.2044343006196,2823.461208621567
20911.8226042,1191.0522334528855,-2493.7111183567004,-1838.0220410824911,3318.964535534235
20911.8391048,1097.7560482556244,-2600.958134985328,-2014.1512879034888,3467.975918600278
20911.8557336,517.0526899250082,-2408.262275839583,-2312.35030974894,3378.4663130460176
20911.8671681,236.29220736876428,-2102.215911313988,-2413.493837626345,3209.3766138154065
20911.8840028,-31.38937072057385,-2178.073557222041,-2393.4395174437564,3236.2852836122947
20911.9004778,81.96113465927617,-2501.5584610368437,-2354.2028040430387,3436.0999991478366
20911.9115202,73.24186501467231,-2505.0461688946853,-2172.841995435279,3316.9056387259393
20911.9284506,-101.14352787740464,-2183.3051190088036,-1975.7865014672318,2946.3169475298573
20911.9454472,-301.6867297032931,-1950.5006194978807,-1897.3130746657973,2737.7480623385463
20911.9566165,-496.9983697424193,-1920.8551027062276,-1703.7452885555917,2615.232248461798
20911.9742401,-719.3397456798174,-1763.9082491033585,-1416.8813172481252,2374.1050204522044
20911.9915188,-803.9166612324748,-1442.1671992174763,-1050.6719921747635,1957.048763788587
20912.0032173,-673.1276165634171,-1116.0665145092926,-706.2608412129116,1482.3999557541943
20912.0207855,-504.84571242256277,-925.9864362569286,-436.83540919465275,1141.553874422715
20912.0322365,-301.6867297032931,-786.4781219432671,-320.8691229214216,901.3987537260291
20912.0494955,-129.91711770459733,-660.0487120965113,-260.70616237365505,721.4641106198783
20912.0613319,-132.5328985979785,-665.2802738832736,-222.3413759373981,713.8616809177538
20912.0783364,-259.83423540919466,-653.0732963808282,-263.3219432670362,750.5711199762019
20912.095877,-471.7124877730682,-573.7279426149332,-226.70101075970004,776.5756701942772
20912.1071277,-687.0784479947832,-375.8005216824258,11.335050537985001,783.2185577260042
20912.1242505,-732.4186501467232,-195.3116400391262,290.3516791653081,811.7190483237629
20912.1419831,-714.1081838930551,-170.02575806977504,517.0526899250082,897.8879333574572
20912.1539229,-646.0978806651451,-183.97658950114118,684.4626671014021,959.0510932896267
20912.1713819,-582.447212259537,-154.3310727094881,817.867492663841,1015.8592769812192
20912.182587,-605.9892402999674,-178.74502771437886,948.6565373328987,1139.7903184868658
20912.1999261,-721.0835996087382,-211.0063253994131,1100.3718291490056,1332.4051145833937
20912.211484,-829.2025432018258,-170.89768503423542,1361.0779915226606,1602.9086609691135
20912.2285767,-701.9012063906097,-79.34535376589501,1663.636648190414,1807.387032679792
20912.245277,-467.35285295076625,2.6157808933811544,1904.2884903814804,1960.800904240479
20912.25643,-297.3270948809912,22.670101075970003,2096.9843495272253,2118.0794831628214
20912.2737412,-184.84851646560156,-15.694685360286925,2195.5120965112487,2203.3358035295732
20912.2913858,-25.28588196935116,-39.23671340071731,2214.6944897293774,2215.186352960655
20912.303182,83.70498858819694,-40.980567329638085,2234.748809911966,2236.691345585295
20912.3198194,146.48373002934463,-99.39967394848387,2303.6310401043365,2310.4228503190843
20912.3319309,68.8822301923704,-238.90798826214544,2375.129051190088,2388.107995526766
20912.3487305,-146.48373002934463,-528.3877404629932,2472.784871209651,2532.8474306041862
20912.3654171,-243.26762308444734,-747.2414085425497,2518.9970003260514,2638.729760080303
20912.3767276,-185.72044343006195,-917.2671666123248,2473.6567981741114,2644.7777020395984
20912.3939709,129.91711770459733,-977.4301271600913,2312.35030974894,2513.8043014421155
20912.4112307,602.5015324421258,-1125.6577111183567,2100.472057385067,2458.0675830926175
20912.4230273,823.9709814150636,-1473.5565699380502,1914.7516139550048,2552.7575063379973
20912.440565,761.1922399739159,-1847.6132376915552,1640.0946201499837,2585.1496408011853
20912.4521815,517.0526899250082,-2199.8717313335505,1267.7818063253994,2591.1483606557254
20912.4692145,172.6415389631562,-2525.9724160417345,853.6164982067166,2671.891254072662
20912.4861479,-95.91196609064232,-2822.4275839582656,407.1898924029997,2853.2613235389135
20912.4975126,34.87707857841539,-3027.330420606456,-131.6609716335181,3030.392795924467
20912.5149222,285.9920443430062,-2940.1377241604173,-803.0447342680144,3061.22232640726
20912.5265498,452.5300945549397,-2716.0524942940983,-1652.301597652429,3211.2030779512943
20912.5439906,321.741049885882,-2207.7190740136944,-2367.2817085099446,3252.931524085823
20912.5606155,11.335050537985001,-1480.5319856537333,-2793.653994131073,3161.740989208158
20912.5722674,-309.5340723834366,-869.3111835670036,-2902.644864688621,3045.793900831795
20912.5891424,-521.4123247473101,-394.1109879360939,-2888.694033257255,2961.7136088734887
20912.6059639,-561.5209651124878,50.57176393870232,-2886.950179328334,2941.4868069553922
20912.6176874,-449.91431366155854,441.1950440169547,-2829.4029996739487,2898.723389885039
20912.6353973,-401.086403651777,911.1636778611021,-2644.554483208347,2825.731403673225
20912.6473933,-512.6930551027062,1364.565699380502,-2342.8677535050538,2759.333801316934
20912.6649435,-692.3100097815455,1720.3119008803392,-2195.5120965112487,2873.854476462138
20912.6821591,-800.4289533746332,1812.7361591131398,-2083.033518095859,2875.01783115644
20912.6936443,-805.6605151613956,1759.5486142810564,-1965.3233778937072,2758.187116822215
20912.7108002,-784.7342680143463,1708.976850342354,-1804.016889468536,2605.932977628131
20912.7221967,-699.2854254972286,1832.7904792957288,-1552.029996739485,2501.3832489422875
20912.7400546,-474.32826866644933,1906.0323443104012,-1170.1259863058362,2286.2942566174024
20912.7516341,-150.84336485164656,1882.4903162699707,-726.3151613955005,2023.377677361039
20912.7687047,-251.9868927290512,1872.027192696446,-477.8159765242909,1948.4073782769456
20912.7858426,-658.3048581675905,1899.056928594718,-320.8691229214216,2035.372078607501
20912.7977521,-951.2723182262798,1828.4308444734268,-219.72559504401696,2072.765716033256
20912.815085,-973.0704923377893,1695.8979458754484,-36.62093250733616,1955.5759045817629
20912.8321455,-758.5764590805347,1578.1878056732965,198.79934789696773,1762.2815254582101
20912.8433759,-628.6593413759374,1659.2770133681122,277.2727746984024,1795.9100662839385
20912.8599824,-587.6787740462993,1737.750440169547,260.70616237365505,1852.8655204503143
20912.8765599,-600.7576785132051,1705.4891424845125,248.49918487120965,1825.199947487066
20912.888423,-687.9503749592436,1654.0454515813499,323.48490381480275,1820.3803331445843
20912.9059874,-748.9852624714705,1601.7298337137267,482.17561134659275,1832.7604054500744
20912.917394,-692.3100097815455,1518.02484512553,677.487251385719,1800.74472256683
20912.9346763,-628.6593413759374,1491.8670361917184,829.2025432018258,1818.916347396731
20912.946382,-558.0332572546463,1504.945940658624,931.217998043691,1855.6482318552728
20912.9636701,-380.16015650472775,1395.0831431366157,1002.7160091294425,1759.6073754738907
20912.9809086,-188.3362243234431,1334.0482556243887,1083.8052168242582,1729.100641877841
20912.9922346,-105.50316269970655,1270.3975872187807,1180.5891098793609,1737.47851592953
20913.0095076,-146.48373002934463,1223.3135311379199,1269.5256602543202,1769.081366323382
20913.0267447,-248.49918487120965,1192.7960873818063,1376.7726768829475,1838.4823509532089
20913.0380664,-190.08007825236388,1178.84525595044,1552.9019237039452,1958.905551135301
20913.0553947,-27.901662862732312,1227.6731659602217,1763.036322138898,2148.5476439656513
20913.067443,129.91711770459733,1300.0431040104336,1979.2742093250733,2371.6064018839947
20913.0851706,256.3465275513531,1276.5010759700033,2212.9506358004564,2567.551178775188
20913.096602,430.73192044343006,1354.974502771438,2388.207955656994,2779.3925829060113
20913.1144416,578.087577437235,1538.0791653081187,2478.0164329964136,2973.2874412243495
20913.1315441,737.6502119334855,1679.331333550701,2446.6270622758398,3057.820391205343
20913.1431746,956.5038800130421,1709.8487773068146,2330.6607760026086,3044.743366284701
20913.160278,1134.3769807629606,1626.1437887186175,2197.2559504401697,2959.5757242918726
20913.1722585,1265.1660254320184,1415.1374633192045,2244.3400065210303,2939.442324126769
20913.1886911,1101.243756113466,1132.6331268340398,2103.087838278448,2630.318244223589
20913.2063453,959.9915878708836,796.0693185523313,1770.011737854581,2165.237114236274
20913.2176401,643.482099771764,415.9091620476035,1217.210042386697,1438.2801990880785
20913.2342944,261.57808933811543,98.52774698402348,439.4511900880339,520.8149020691671
20913.2510669,56.67525268992501,-111.60665145092925,-363.5935441799804,384.5365968083083
20913.262233,-74.1137919791327,-360.97776328659927,-991.3809585914574,1057.6549554588394
20913.2793052,190.08007825236388,-906.8040430388002,-1363.6937724160418,1648.6614914973402
20913.295656,530.131594391914,-1440.4233452885555,-1644.4542549722858,2249.464095672843
20913.3067252,653.9452233452886,-1717.696119986958,-2066.4669057711117,2765.5758511387103
20913.3237712,824.842908379524,-1794.4256928594718,-2522.484708183893,3203.632078394735
20913.3407355,788.2219758721878,-1909.5200521682427,-3063.951353113792,3695.3157655508007
20913.3520943,716.7239647864362,-2287.93635474405,-3478.1166612324746,4224.410197199322
20913.3686379,873.6708183893055,-2563.465275513531,-3311.5786110205413,4277.991095670658
20913.3856976,717.5958917508966,-2577.4161069448974,-2870.3835670035864,3923.9163438994196
20913.3971933,592.0384088686012,-2504.174241930225,-2561.72142158461,3630.9523204426628
20913.4134384,559.7771111835671,-2500.6865340723834,-2367.2817085099446,3488.6682621512946
20913.429997,528.3877404629932,-2353.3308770785784,-2157.1473100749918,3235.8375018914026
20913.4464634,142.12409520704273,-2131.8614281056407,-2181.5612650798826,3053.5621756204637
20913.4576931,-348.77078578415393,-1906.0323443104012,-2522.484708183893,3180.8064168690744
20913.4744992,-483.9194652755135,-1754.317052494294,-2592.238865340724,3167.2557055797956
20913.4862386,-325.2287577437235,-1590.3947831757418,-2294.039843495272,2810.2932435530556
20913.5035189,-1.7438539289207695,-1452.630322791001,-1655.7893055102707,2202.674764907565
20913.5211283,334.81995435278776,-1303.5308118682751,-1162.278643625693,1778.2543757154508
20913.5323214,548.442060645582,-1232.904727746984,-1014.9229866318879,1688.4642224162847
20913.5495061,490.8948809911966,-1277.3730029344636,-1087.2929246820997,1747.8173465419447
20913.5664682,-13.950831431366156,-1244.2397782849691,-1205.8749918487122,1732.7613071425583
20913.5782339,-714.1081838930551,-878.0304532116074,-1241.6239973915879,1680.0351561704547
20913.5946704,-1198.0276491685686,-343.5392239973916,-904.188262145419,1539.7551298822323
20913.6061221,-1177.9733289859798,-88.06462341049885,-212.75017932833387,1200.2662956623346
20913.6233605,-915.523312683404,-214.49403325725464,468.22477991522663,1050.4404175851291
20913.6400561,-614.7085099445712,-326.9726116726443,875.4146723182263,1118.5385507403544
20913.651438,-671.3837626344963,-241.52376915552657,1078.5736550374959,1293.2173124178662
20913.6679863,-816.9955656993806,-44.46827518747962,1130.889272905119,1395.8401518234346
20913.6839392,-794.3254646234105,97.6558200195631,1123.0419302249757,1379.0260258516985
20913.7004842,-682.7188131724813,203.15898271926966,1175.3575480925986,1374.352180475374
20913.7118648,-551.0578415389632,309.5340723834366,1334.920182588849,1476.986113872064
20913.7282837,-350.5146397130747,408.0618193674601,1604.345614607108,1692.128781206598
20913.7453425,-147.355656993805,549.3139876100424,1889.4657319856537,1973.2055896383945
20913.7574411,-41.85249429409847,587.6787740462993,2127.501793283339,2207.5737480698176
20913.7752898,53.18754483208347,555.4174763612651,2343.739680469514,2409.2391283930538
20913.7874202,155.20299967394848,547.5701336811217,2490.223410498859,2554.434116708419
20913.8042531,268.5535050537985,513.5649820671666,2549.514444082165,2614.5542404903213
20913.8162346,353.1304206064558,463.8651450929247,2512.893511574829,2579.632874520064
20913.8329803,428.9880665145093,443.81082491033584,2475.4006521030324,2551.197208753484
20913.8499195,477.8159765242909,405.44603847407893,2614.908966416694,2688.9484004314045
20913.8617144,597.2699706553635,340.0515161395501,2852.0731007499185,2933.715634395522
20913.8788255,647.8417345940659,181.36080860776002,2963.679752200848,3039.076887738444
20913.8961525,618.1962178024128,-116.83821323769156,2888.694033257255,2956.4118369323737
20913.9079172,584.1910661884577,-424.62843169220736,2676.815780893381,2772.5315564760726
20913.9253133,702.7731333550701,-650.457515487447,2497.198826214542,2674.5068768031038
20913.936856,786.4781219432671,-785.6061949788067,2416.9815454841864,2660.3617650792557
20913.9543684,809.1482230192371,-1095.1402673622433,2360.3062927942615,2724.903456604954
20913.9714922,790.837756765569,-1564.2369742419303,2111.8071079230517,2744.4472904732334
20913.9831072,814.3797848059994,-2243.46807955657,1723.7996087381807,2944.1210146622398
20914.0005018,673.9995435278774,-2884.3343984349526,1360.2060645582003,3259.4203234213005
20914.012003,341.79537006847085,-3151.1440495598304,957.3758069775024,3311.0574340929807
20914.0292796,-13.950831431366156,-2806.7328985979784,628.6593413759374,2876.3095725719554
20914.0416614,178.74502771437886,-2322.813433322465,270.2973589827193,2345.308656281502
20914.0591398,567.6244538637105,-1997.5846755787416,-368.82510596674274,2109.1642931555807
20914.0764898,693.1819367460059,-1764.7801760678187,-1113.4507336159113,2198.8003100469846
20914.0881627,168.28190414085427,-1333.1763286599282,-1603.4736876426475,2092.0816880616176
20914.1055228,-615.5804369090316,-614.7085099445712,-1667.1243560482555,1880.454584676987
20914.1172777,-843.153374633192,39.23671340071731,-1507.5617215520053,1727.7700880391105
20914.1341206,-473.45634170198895,313.8937072057385,-1347.1271600912944,1461.9992313188227
20914.1514356,-142.9960221715031,367.95317900228235,-1300.0431040104336,1358.657232925156
20914.1630399,-120.32592109553309,510.0772742093251,-1400.314704923378,1495.1717044463326
20914.1797676,-316.50948809911966,729.802869253342,-1593.8824910335834,1781.362366070025
20914.1912682,-516.1807629605478,902.4444082164982,-1648.8138897945876,1949.2141321956697
20914.2089276,-605.117313335507,1062.878969677209,-1436.0637104662537,1886.3079408194656
20914.227302,-543.2104988588197,1213.7223345288555,-1050.6719921747635,1694.730417070842
20914.2389705,-520.5403977828497,1239.880143462667,-788.2219758721878,1558.7042564658593
20914.2560141,-602.5015324421258,1272.1414411477015,-782.1184871209651,1610.2985036249795
20914.2671613,-657.4329312031301,1287.8361265079882,-932.9618519726117,1720.8014891339456
20914.2839802,-599.0138245842843,1240.7520704271276,-1088.1648516465602,1755.6725226166968
20914.3020259,-498.74222367134007,1148.3278121943267,-1138.7366155852626,1692.3716050578903
20914.3135952,-488.27910009781544,1232.904727746984,-966.9670035865666,1641.187293796287
20914.3300695,-536.2350831431366,1422.1128790348876,-601.6296054776655,1634.5982036260882
20914.3466948,-816.1236387349202,1586.9070753179003,-324.35683077926313,1813.7086902446893
20914.3577999,-1209.3626997065537,1764.7801760678187,-161.30648842517118,2145.4666141638154
20914.3753247,-1467.4530811868276,1902.5446364525596,-81.08920769481578,2404.0944446472336
20914.387472,-1437.8075643951745,2008.9197261167265,1.7438539289207695,2470.435609207294
20914.40514,-1202.3872839908706,1857.2044343006196,173.51346592761658,2219.2454605894864
20914.416489,-831.818324095207,1703.7452885555917,304.30251059667427,1920.2264841761178
20914.4336621,-612.9646560156505,1447.3987610042386,464.7370720573851,1639.1062775260978
20914.4509512,-575.4717965438539,1206.7469188131724,583.3191392239974,1458.652505865438
20914.4629271,-653.9452233452886,1175.3575480925986,663.5364199543528,1499.7967534303452
20914.4804197,-669.6399087055755,1281.7326377567656,744.6256276491686,1626.5680088376403
20914.4915181,-597.2699706553635,1367.1814802738834,810.8920769481579,1698.0761403152223
20914.5083525,-490.0229540267362,1456.989957613303,905.9321160743398,1784.2800315516715
20914.5267402,-294.71131398761,1409.0339745679817,1052.4158461036843,1783.2023478027616
20914.5383559,-23.542028040430388,1187.564525595044,1253.8309748940333,1727.1235749475948
20914.5554379,291.2236061297685,1062.0070427127487,1429.0882947505706,1804.1517402180443
20914.56697,567.6244538637105,1018.4106944897294,1518.8967720899902,1914.785958675413
20914.5848099,584.1910661884577,1027.1299641343332,1472.68464297359,1888.140678733249
20914.6023495,500.48607760026084,1077.7017280730356,1329.6886208020867,1783.2552136062457
20914.6136613,333.9480273883274,1084.6771437887187,1102.1156830779264,1581.9939222830574
20914.6300925,136.89253342028042,985.2774698402347,787.3500489077275,1268.63365783665
20914.6412728,52.31561786762308,773.3992174763613,393.23906097163353,869.206668485563
20914.6577534,134.27675252689926,433.3477013368112,-35.74900554287578,455.0807268170921
20914.6750079,284.24819041408546,67.13837626344963,-362.72161721552004,465.69471428868184
20914.6865359,319.1252689925008,-191.82393218128465,-634.7628301271601,735.908424179305
20914.7033346,114.2224323443104,-367.08125203782197,-959.1196609064232,1033.2985694297452
20914.7204504,-23.542028040430388,-543.2104988588197,-1270.3975872187807,1381.8617524072383
20914.732745,38.36478643625693,-919.0110205412456,-1506.6897945875448,1765.2669061161316
20914.7506433,473.45634170198895,-1386.3638734920119,-1602.6017606781872,2171.289501782393
20914.7628287,908.5478969677209,-1788.322204108249,-1581.675513531138,2554.4574799544116
20914.7802006,914.6513857189436,-1936.5497880665146,-1623.5280078252365,2687.4998476746055
20914.791699,738.5221388979459,-1969.6830127160092,-1708.1049233778938,2709.739572263765
20914.8089959,733.2905771111836,-2102.215911313988,-1752.5731985653733,2833.467773699115
20914.826042,757.7045321160743,-2316.7099445712424,-1813.6080860776003,3038.1631646688406
20914.837222,630.4031953048582,-2395.183371372677,-1900.8007825236389,3122.0754612906517
20914.8542913,414.1653081186828,-2164.9946527551356,-2137.9649168568635,3070.7700556404657
20914.8715995,106.37508966416694,-1889.4657319856537,-2396.927225301598,3053.957520241753
20914.883515,-82.83306162373655,-1776.1152266058039,-2530.332050864037,3092.576094764485
20914.9007128,-43.59634822301924,-1789.1941310727095,-2401.2868601238997,2994.878105173416
20914.9128434,66.26644929898924,-1872.027192696446,-2238.2365177698075,2918.660610961121
20914.9297003,-121.19784805999348,-1763.9082491033585,-2174.5858493641995,2802.656747781338
20914.9413688,-514.436909031627,-1420.3690251059668,-1935.677861102054,2455.390454248593
20914.9583408,-676.6153244212586,-1062.878969677209,-1385.4919465275514,1872.727405501525
20914.9758309,-531.0035213563743,-957.3758069775024,-881.518161069449,1405.563034436363
20914.9877856,-479.5598304532116,-1000.1002282360613,-592.0384088686012,1257.2539819295862
20915.005119,-505.71763938702315,-938.193413759374,-459.5055102706228,1160.6474599884828
20915.0167755,-585.9349201173785,-923.3706553635475,-320.8691229214216,1139.6885942413517
20915.0339325,-595.5261167264428,-863.2076948157809,-46.21212911640039,1049.7211253327816
20915.0502953,-621.6839256602543,-631.2751222693186,324.35683077926313,943.5075712964126
20915.0612353,-596.3980436909031,-405.44603847407893,592.9103358330616,933.6057963457246
20915.0776453,-592.9103358330616,-294.71131398761,823.9709814150636,1057.0362354924646
20915.0941029,-762.0641669383763,-309.5340723834366,856.2322791000978,1187.3023424009168
20915.1105699,-986.1493968046951,-218.85366807955657,769.9115096185197,1270.0989305928924
20915.1214602,-1021.0264753831106,-105.50316269970655,757.7045321160743,1275.8299803508842
20915.1380097,-827.4586892729052,-63.65066840560809,868.4392566025432,1201.2185614825025
20915.1545239,-554.5455493968047,-59.29103358330617,1007.0756439517444,1151.1896219389755
20915.1711951,-413.2933811542224,-68.8822301923704,1104.7314639713074,1181.5192711210225
20915.1824574,-410.67760026084125,-57.547179654385396,1162.278643625693,1234.0419015051953
20915.1992041,-473.45634170198895,-37.49285947179654,1203.259210955331,1293.5993779984774
20915.2156272,-517.0526899250082,-87.19269644603848,1270.3975872187807,1374.3566058645467
20915.2267532,-407.1898924029997,-93.29618519726117,1355.8464297358983,1418.7414590668416
20915.2431258,-141.25216824258234,-24.413955004890774,1483.1477665471145,1490.0588960326052
20915.2601296,170.02575806977504,34.00515161395501,1620.040299967395,1629.293000740486
20915.2712142,489.15102706227583,25.28588196935116,1798.7853276817737,1864.2791524303095
20915.2878649,643.482099771764,-63.65066840560809,2037.6933159439193,2137.8294296219433
20915.3050064,602.5015324421258,-128.17326377567656,2240.852298663189,2323.9740761389994
20915.316091,383.6478643625693,-142.9960221715031,2329.788849038148,2365.491413488819
20915.3331563,237.16413433322467,-125.5574828822954,2255.675057059015,2271.5812710884807
20915.349825,355.74620149983696,-125.5574828822954,2089.137006847082,2122.925687528248
20915.3662393,720.2116726442778,-292.09553309422887,2003.6881643299641,2149.137248698336
20915.3771808,1162.278643625693,-639.122464949462,2073.4423214867948,2461.408586798219
20915.3938553,1334.920182588849,-878.9023801760678,2158.8911640039128,2686.129621923777
20915.4101711,1252.0871209651125,-917.2671666123248,2146.684186501467,2649.0289183033037
20915.4214426,1063.7508966416694,-1005.3317900228236,2031.5898271926965,2503.9199675886807
20915.4377773,1014.0510596674275,-1366.3095533094229,1852.8447994783176,2515.5785016633995
20915.4545646,1050.6719921747635,-1776.1152266058039,1605.2175415715683,2614.425422361583
20915.4714459,1199.7715030974894,-2144.9403325725466,1279.9887838278448,2771.0272421371683
20915.4827148,1212.8504075643953,-2271.3697424193024,891.9812846429736,2725.024262288389
20915.4996261,986.1493968046951,-2189.408607760026,563.2648190414086,2466.4281746934594
20915.5111544,633.0189761982393,-1997.5846755787416,296.4551679165308,2116.351394952764
20915.5278161,336.56380828170853,-1820.5835017932834,22.670101075970003,1851.5705272902178
20915.5447458,172.6415389631562,-1662.7647212259537,-441.1950440169547,1728.9432281004235
20915.5561015,95.04003912618194,-1379.3884577763288,-1091.6525595044018,1761.6612719692105
20915.5723426,143.86794913596347,-946.0407564395175,-1854.5886534072383,2086.909239277098
20915.5889046,238.90798826214544,-599.8857515487447,-2423.9569611998695,2508.4870522918736
20915.6055204,212.75017932833387,-279.88855559178353,-2509.4058037169875,2533.913520640354
20915.6168055,-101.14352787740464,6.103488751222693,-2078.6738832735573,2081.1420852046585
20915.6336724,-361.84969025105966,329.58839256602545,-1594.7544179980437,1668.1742596543452
20915.6501783,-424.62843169220736,840.5375937398109,-1397.6989240299968,1685.3412217488499
20915.6613992,-375.8005216824258,1233.7766547114445,-1456.1180306488425,1945.176234943356
20915.6779169,-382.7759373981089,1383.7480925986306,-1565.980828170851,2124.5169230250945
20915.6946551,-512.6930551027062,1497.970524942941,-1586.0351483534398,2241.043809067751
20915.7113779,-541.466644929899,1504.945940658624,-1467.4530811868276,2170.5913842455993
20915.7226056,-495.25451581349853,1502.330159765243,-1222.4416041734594,1999.1589281465606
20915.7390556,-362.72161721552004,1556.3896315617867,-966.9670035865666,1867.8706708050372
20915.7554125,-246.75533094228888,1654.0454515813499,-779.502706227584,1845.0959374139647
20915.7665092,18.31046625366808,1725.5434626671015,-584.1910661884577,1821.8437684230787
20915.7829706,214.49403325725464,1722.05575480926,-385.39171829149006,1777.6418338637066
20915.7998753,-91.5523312683404,1662.7647212259537,-225.82908379523965,1680.5258470496933
20915.8112042,-789.9658298011086,1665.3805021193348,-116.83821323769156,1846.9405505227226
20915.8275853,-1247.7274861428107,1653.1735246168896,-8.719269644603848,2071.2031787909227
20915.8438234,-1205.8749918487122,1557.2615585262472,188.3362243234431,1978.5521451359673
20915.8606468,-814.3797848059994,1426.4725138571894,406.3179654385393,1692.079358578914
20915.8719198,-525.771959569612,1406.4181936746006,538.8508640365178,1595.2456057427328
20915.8884154,-397.59869579393546,1440.4233452885555,581.5752852950766,1603.4755841656465
20915.9053753,-356.61812846429734,1417.7532442125855,528.3877404629932,1554.4755885173226
20915.9166385,-360.1058363221389,1304.4027388327356,496.9983697424193,1441.5790293820978
20915.9334007,-357.4900554287577,1186.6925986305837,503.101858493642,1337.5910972321924
20915.9492739,-335.69188131724815,1137.864688620802,577.2156504727747,1319.3191410508439
20915.9659178,-268.5535050537985,1101.243756113466,714.9801108575155,1340.169897579184
20915.9774995,-122.06977502445386,1062.0070427127487,862.3357678513205,1373.4565756738452
20915.9941256,29.645516791653083,1039.3369416367786,959.9915878708836,1415.1621757592297
20916.0110069,175.25731985653735,1017.538767525269,1028.0018910987935,1457.0134384015942
20916.0220713,166.5380502119335,899.8286273231171,1058.5193348549071,1399.2461052224774
20916.0389928,-17.438539289207696,809.1482230192371,1007.0756439517444,1291.9854109503524
20916.0551736,-171.7696119986958,815.2517117704598,975.6862732311705,1283.0057899022038
20916.0715596,-127.30133681121617,887.6216498206717,1056.7754809259864,1385.9481377997677
20916.0828539,178.74502771437886,925.9864362569286,1235.5205086403653,1554.320299145375
20916.0996594,552.801695467884,991.3809585914574,1429.0882947505706,1825.0258282454465
20916.1164868,763.808020867297,1129.1454189761982,1429.960221715031,1975.641239097689
20916.1277986,618.1962178024128,1239.0082164982068,1164.894424519074,1809.4990866344476
20916.1443077,197.92742093250735,1076.829801108575,808.2762960547767,1360.899796192415
20916.1603823,-270.2973589827193,651.3294424519074,365.3373981089012,794.205338268843
20916.1712316,-358.3619823932181,144.73987610042386,34.87707857841539,388.05843988828303
20916.1879405,-110.73472448646886,-215.36596022171503,-121.19784805999348,270.80176218719254
20916.2045439,324.35683077926313,-333.9480273883274,-280.7604825562439,543.6497836244741
20916.2219751,671.3837626344963,-418.52494294098466,-480.431757417672,925.5992427224867
20916.2331841,676.6153244212586,-562.3928920769482,-736.7782849690251,1147.5784520032855
20916.2507852,391.49520704271276,-826.5867623084448,-961.7354417998043,1327.196003902528
20916.2627073,150.84336485164656,-1160.5347896967721,-1183.2048907727421,1664.202070772908
20916.27996,79.34535376589501,-1402.930485816759,-1481.4039126181938,2041.8293722832905
20916.2965007,109.86279752200848,-1462.2215194000653,-1928.702445386371,2422.8195824112377
20916.307804,222.3413759373981,-1407.290120639061,-2448.3709162047603,2832.740954344286
20916.3241511,356.61812846429734,-1476.1723508314315,-2811.0925334202802,3195.074730011776
20916.3407126,510.0772742093251,-1815.351940006521,-2824.171437887186,3395.8247602501565
20916.3532104,175.25731985653735,-2000.2004564721226,-2767.496185197261,3419.144941255924
20916.3707535,-297.3270948809912,-1894.697293772416,-2927.930746657972,3500.1513815268045
20916.3818261,-543.2104988588197,-1931.3182262797523,-3156.375611346593,3740.023360506508
20916.3986109,-223.2133029018585,-2130.11757417672,-3383.9485490707534,4004.7887386436414
20916.4159965,267.68157808933813,-2217.3102706227583,-3437.136093902837,4099.027054249242
20916.4279886,307.7902184545158,-2061.2353439843496,-3028.202347570916,3676.062488546756
20916.4453144,72.36993805021193,-1763.036322138898,-2258.2908379523965,2865.905090873419
20916.4570804,-169.15383110531465,-1602.6017606781872,-1583.4193674600588,2259.2393222396877
20916.4740165,-389.751353113792,-1593.8824910335834,-1280.860710792305,2081.579129634236
20916.4917515,-345.2830779263124,-1578.1878056732965,-1212.8504075643953,2020.1245667055491
20916.5028699,-40.1086403651777,-1495.35474404956,-1184.0768177372024,1907.8082775494313
20916.5207595,197.05549396804696,-1355.8464297358983,-1013.1791327029671,1704.019472798157
20916.5322656,140.38024127812196,-1055.9035539615259,-641.7382458428432,1243.5702246304124
20916.5495905,-63.65066840560809,-742.0098467557874,-71.49801108575156,748.1590645445967
20916.5613763,-326.9726116726443,-673.9995435278774,315.6375611346593,812.9043876489121
20916.5787164,-536.2350831431366,-626.0435604825562,513.5649820671666,971.1990500514568
20916.5957424,-558.9051842191067,-539.7227910009782,674.8714704923378,1029.139056569796
20916.6074245,-371.4408868601239,-437.70733615911314,718.467818715357,919.6477864316018
20916.6253153,-221.46944897293773,-356.61812846429734,645.2259537006847,769.7673269934967
20916.6367454,-323.48490381480275,-250.24303880013042,575.4717965438539,705.9970609580514
20916.6536038,-518.7965438539289,-179.61695467883925,718.467818715357,904.2168494628293
20916.670236,-675.7433974567982,-137.7644603847408,973.9424193022497,1193.3867863638657
20916.6818234,-715.8520378219758,-90.68040430388001,1193.6680143462668,1394.815544884681
20916.6984427,-629.5312683403978,12.206977502445387,1310.5062275839582,1453.920630796039
20916.7152869,-484.7913922399739,65.39452233452886,1368.9253342028042,1453.7041336405398
20916.7266529,-306.04636452559504,90.68040430388001,1381.1323117052495,1417.537927323405
20916.7439259,-170.89768503423542,66.26644929898924,1369.7972611672644,1382.006439114556
20916.7607797,-84.57691555265733,-50.57176393870232,1454.3741767199217,1457.708819984987
20916.7723813,-133.40482556243887,-136.89253342028042,1607.8333224649496,1619.155460731997
20916.7897362,-206.6466905771112,-151.71529181610694,1838.8939680469514,1856.6775191768713
20916.8063654,-61.906814476687316,-88.06462341049885,2105.7036191718294,2108.453358120218
20916.8174109,198.79934789696773,-84.57691555265733,2378.6167590479295,2388.4078633667946
20916.8341834,469.096706879687,-159.5626344962504,2530.332050864037,2578.3894667723403
20916.850715,558.9051842191067,-271.1692859471797,2537.30746657972,2612.2474933568783
20916.8622272,493.51066188457776,-356.61812846429734,2477.144506031953,2550.8771367330532
20916.879078,392.36713400717315,-427.2442125855885,2464.9375285295077,2532.273011464214
20916.8962203,313.8937072057385,-508.3334202804043,2545.154809259863,2614.334547967407
20916.9079105,408.9337463319205,-584.1910661884577,2584.3915226605804,2680.967279379467
20916.9247001,563.2648190414086,-702.7731333550701,2353.3308770785784,2519.786409667868
20916.941389,629.5312683403978,-919.0110205412456,1964.451450929247,2258.309185375766
20916.9535135,657.4329312031301,-1213.7223345288555,1593.8824910335834,2108.506902902605
20916.9709521,527.5158134985328,-1415.1374633192045,1212.8504075643953,1936.9804038011464
20916.9827933,425.50035865666774,-1477.9162047603522,876.2865992826867,1770.0748762672758
20916.9994898,397.59869579393546,-1338.4078904466905,571.1121617215521,1508.505719370418
20917.0163229,531.0035213563743,-1307.8904466905772,184.84851646560156,1423.6260514183073
20917.0275248,742.0098467557874,-1493.6108901206392,-258.9623084447343,1687.7540048729084
20917.0440151,921.6268014346267,-1683.690968373003,-556.2894033257255,1998.416657845889
20917.0606805,1028.0018910987935,-1743.8539289207695,-707.132768177372,2144.2600507739944
20917.0722482,1028.873818063254,-1606.961395500489,-827.4586892729052,2079.8062752521378
20917.0894546,833.5621780241278,-1228.5450929246822,-1083.8052168242582,1838.1465387713574
20917.1065219,546.6982067166613,-848.3849364199543,-1422.9848059993478,1744.5691983055603
20917.1175607,396.7267688294751,-558.9051842191067,-1762.1643951744377,1890.764525178469
20917.1351339,318.25334202804044,-238.90798826214544,-1914.7516139550048,1955.6676506274725
20917.1471663,235.4202804043039,165.6661232474731,-1890.3376589501142,1912.1308631112272
20917.1649638,187.46429735898272,609.4769481578089,-1778.731007499185,1889.5737641487085
20917.1763894,214.49403325725464,968.7108575154874,-1584.291294424519,1869.328040061635
20917.193662,219.72559504401696,1175.3575480925986,-1242.4959243560484,1724.3957854904086
20917.2106618,196.18356700358657,1252.959047929573,-872.7988914248451,1539.5363823642726
20917.2224069,172.6415389631562,1476.1723508314315,-642.6101728073036,1619.2089872929296
20917.239295,234.5483534398435,1837.1501141180306,-723.6993805021193,1988.4351297551514
20917.2567986,285.9920443430062,2054.2599282686665,-1028.873818063254,2315.244400881673
20917.2687676,148.2275839582654,2059.4914900554286,-1215.4661884577763,2396.0038959778235
20917.2857354,187.46429735898272,1717.696119986958,-958.2477339419628,1975.819208077362
20917.2973186,276.400847733942,1484.0196935115748,-306.04636452559504,1540.2520107429054
20917.3142559,0.8719269644603848,1531.975676556896,82.83306162373655,1534.2136584962839
20917.3314189,-282.5043364851647,1656.6612324747312,116.83821323769156,1684.6323953284866
20917.3432702,-306.9182914900554,1683.690968373003,67.13837626344963,1712.7526605436312
20917.3609495,-102.01545484186502,1720.3119008803392,20.05432018258885,1723.4507144374927
20917.3728696,112.47857841538963,1718.5680469514184,-23.542028040430388,1722.4058144609871
20917.390996,131.6609716335181,1576.4439517443757,-56.67525268992501,1582.9473234161558
20917.4030525,-183.1046625366808,1493.6108901206392,7.847342680143463,1504.8130745434064
20917.4204003,-621.6839256602543,1518.02484512553,63.65066840560809,1641.627771887164
20917.4317953,-775.1430714052821,1508.4336485164656,141.25216824258234,1701.81404041615
20917.4487522,-607.7330942288881,1466.581154222367,238.03606129768505,1605.2604032428335
20917.4662611,-328.71646560156506,1466.581154222367,265.065797195957,1526.1633836260532
20917.4777913,-138.6363873492012,1463.0934463645256,258.9623084447343,1492.2881618129552
20917.4953941,-100.27160091294425,1438.6794913596348,230.18871861754158,1460.4245680579495
20917.5070015,-74.98571894359308,1170.9979132702967,251.1149657645908,1199.965706576579
20917.5247721,-247.62725790674926,967.838930551027,327.8445386371047,1051.434018787079
20917.5418915,-551.0578415389632,935.5776328659929,422.0126507988262,1164.9312980922814
20917.5534871,-694.0538637104663,997.4844473426801,601.6296054776655,1355.96613918238
20917.5708011,-530.131594391914,1088.1648516465602,750.7291164003913,1424.337199522222
20917.5830696,-193.56778611020542,1121.298076296055,827.4586892729052,1406.934876310227
20917.6005259,125.5574828822954,1136.1208346918813,857.1042060645582,1428.6927075415033
20917.6120107,283.37626344962507,1136.1208346918813,868.4392566025432,1457.8269445019962
20917.6293219,251.1149657645908,1034.1053798500163,886.7497228562113,1385.1923092665747
20917.6465162,53.18754483208347,946.0407564395175,900.7005542875775,1307.3192097815547
20917.6578517,-144.73987610042386,912.0356048255625,899.8286273231171,1289.3603587644925
20917.6746979,-245.8834039778285,867.5673296380828,772.5272905119009,1187.404789611671
20917.6863969,-172.6415389631562,777.7588522986632,540.5947179654386,962.7858445140503
20917.703543,15.694685360286925,706.2608412129116,297.3270948809912,766.4555436094763
20917.7211021,266.80965112487775,599.8857515487447,104.63123573524616,664.829301652737
20917.7327247,451.6581675904793,456.8897293772416,-2.6157808933811544,642.4563545263451
20917.750042,454.27394848386047,358.3619823932181,14.822758395826542,578.7986220287461
20917.7622533,276.400847733942,141.25216824258234,20.926247147049235,311.1069132644467
20917.7792545,-25.28588196935116,-120.32592109553309,-327.8445386371047,350.1424633326161
20917.796405,-158.69070753179003,-438.5792631235735,-856.2322791000978,975.0221671694981
20917.8082315,-149.97143788718617,-873.6708183893055,-1382.8761656341703,1642.6011751384005
20917.8258825,16.56661232474731,-1195.4118682751875,-1842.381675904793,2196.281909766332
20917.8370238,265.065797195957,-1521.5125529833715,-2203.359439191392,2690.734684803188
20917.8539566,537.9789370720574,-1840.6378219758722,-2505.0461688946853,3154.778159667523
20917.8710127,364.4654711444408,-2072.5703945223345,-2916.595696119987,3596.5140865194226
20917.8831713,120.32592109553309,-2259.1627649168568,-3307.2189761982395,4006.9928976977235
20917.9003505,287.73589827192694,-2304.502967068797,-3679.5317900228238,4351.146982827839
20917.9116947,238.03606129768505,-2114.422888816433,-3869.6118682751876,4416.032306304511
20917.9288069,-238.03606129768505,-1705.4891424845125,-3789.394587544832,4162.31494744508
20917.9456703,-313.0217802412781,-1542.4388001304205,-3377.8450603195306,3726.518125352169
20917.9577996,107.24701662862732,-1809.2484512552983,-2808.4767525268994,3342.517546764635
20917.9746619,353.1304206064558,-1973.1707205738508,-2393.4395174437564,3121.9635664352368
20917.9916886,396.7267688294751,-1741.2381480273884,-2019.382849690251,2695.7762353123535
20918.0034068,309.5340723834366,-1401.1866318878383,-1546.7984349527226,2109.9101207680983
20918.0212524,319.9971959569612,-1142.2243234431041,-892.853211607434,1484.6755429935135
20918.0331028,359.2339093576785,-1021.8984023475709,-446.426605803717,1171.589544474662
20918.0498171,288.6078252363873,-916.3952396478644,-305.17443756113465,1008.0705081380463
20918.0615125,225.82908379523965,-802.172807303554,-255.47460058689273,871.6348199848917
20918.0790448,414.1653081186828,-841.4095207042712,-172.6415389631562,953.5764179951191
20918.0964377,551.9297685034236,-917.2671666123248,-150.84336485164656,1081.0916913125418
20918.1080961,128.17326377567656,-724.5713074665797,-140.38024127812196,749.0918350189392
20918.1253587,-267.68157808933813,-336.56380828170853,188.3362243234431,469.4668866766807
20918.1368552,-386.26364525595045,-190.08007825236388,639.9943919139224,771.3124279279511
20918.1544836,-476.0721225953701,-193.56778611020542,929.4741441147702,1062.0900801297187
20918.1718906,-618.1962178024128,-131.6609716335181,1067.238604499511,1240.362613952369
20918.1838725,-690.5661558526248,-87.19269644603848,1157.0470818389306,1350.2748355481515
20918.2013562,-523.1561786762309,-58.41910661884578,1258.1906097163353,1363.872717552347
20918.212749,-260.70616237365505,-0.8719269644603848,1327.0728399087056,1352.4388288494185
20918.2294921,-145.61180306488424,83.70498858819694,1399.4427779589175,1409.485512904524
20918.2468803,-191.82393218128465,151.71529181610694,1509.305575480926,1528.9922403027904
20918.2584526,-396.7267688294751,182.2327355722204,1683.690968373003,1739.3723511660266
20918.2755638,-512.6930551027062,200.5432018258885,1879.8745353765896,1958.8261825150475
20918.2871685,-465.6089990218455,248.49918487120965,2087.393152918161,2153.080063467544
20918.3041125,-264.1938702314966,248.49918487120965,2219.9260515161395,2249.3603357731704
20918.3211569,34.87707857841539,233.67642647538312,2285.3205738506686,2297.501079034702
20918.332807,291.2236061297685,252.85881969351158,2319.3257254646232,2351.1743006987003
20918.3497514,340.92344310401046,262.4500163025758,2416.9815454841864,2454.9762924163324
20918.3612116,328.71646560156506,215.36596022171503,2626.244016954679,2655.48388211453
20918.3786207,217.1098141506358,89.80847733941962,2805.860971633518,2815.680739384126
20918.3953005,92.42425823280078,-137.7644603847408,2871.255493968047,2876.0440541995663
20918.4073267,-1.7438539289207695,-347.89885881969354,2764.88040430388,2786.6826706853717
20918.4239794,110.73472448646886,-517.9246168894686,2510.277730681448,2565.541341148569
20918.4406567,371.4408868601239,-798.6850994457125,2297.5275513531137,2460.5891712625817
20918.4518492,654.817150309749,-1099.4999021845451,2234.748809911966,2575.2257723637654
20918.4687311,766.4238017606782,-1320.9693511574828,2190.2805347244866,2670.1487395640893
20918.4859771,670.5118356700359,-1586.0351483534398,1973.1707205738508,2618.8730985131847
20918.4978375,479.5598304532116,-1898.1850016302576,1562.4931203130095,2504.8889561064098
20918.515048,479.5598304532116,-2263.522399739159,1173.6136941636778,2594.394031028007
20918.5269569,740.2659928268666,-2585.2634496250407,725.4432344310401,2785.2914982968805
20918.5437747,1025.3861102054125,-2805.860971633518,231.06064558200197,2996.2746017471677
20918.561226,1121.298076296055,-2853.8169546788395,-167.40997717639388,3070.766465750178
20918.5737191,718.467818715357,-2582.6476687316595,-503.101858493642,2727.52203792278
20918.5910057,237.16413433322467,-2135.3491359634822,-837.9218128464297,2306.095341376385
20918.6024107,153.4591457450277,-1604.345614607108,-1217.210042386697,2019.6719653965783
20918.619478,277.2727746984024,-1060.263188783828,-1688.9225301597653,2013.329961521525
20918.636147,370.5689598956635,-646.0978806651451,-2080.417737202478,2209.728894390627
20918.6480778,429.85999347896967,-287.73589827192694,-2208.5910009781546,2268.3575050573
20918.6650878,252.85881969351158,130.78904466905772,-2109.191327029671,2128.316567364786
20918.6764559,-46.21212911640039,618.1962178024128,-2069.954613628953,2160.7901858039036
20918.6933619,-206.6466905771112,952.1442451907402,-2034.2056080860777,2255.498608810293
20918.7107193,-122.94170198891425,1169.254059341376,-1838.8939680469514,2182.613282992129
20918.7229233,-47.084056080860776,1296.555396152592,-1593.8824910335834,2055.172547221486
20918.7409544,-78.47342680143463,1456.1180306488425,-1494.4828170850994,2088.0413521904297
20918.7525248,-131.6609716335181,1517.1529181610695,-1430.8321486794914,2089.585658983833
20918.7691373,-92.42425823280078,1559.005412455168,-1217.210042386697,1980.0607078727198
20918.7867429,-92.42425823280078,1572.0843169220736,-924.2425823280079,1825.9834867847437
20918.7981699,-141.25216824258234,1655.7893055102707,-588.5507010107597,1762.94705732636
20918.8155478,-9.591196609064232,1651.4296706879688,-187.46429735898272,1662.0634196880887
20918.827552,136.89253342028042,1626.1437887186175,122.94170198891425,1636.5200424627537
20918.8446518,70.62608412129117,1611.321030322791,300.8148027388327,1640.6806673041563
20918.86179,-250.24303880013042,1688.0506031953048,415.9091620476035,1756.4500700250765
20918.873718,-377.5443756113466,1702.001434626671,524.9000326051516,1820.678083367814
20918.8907982,-299.94287577437234,1674.0997717639386,595.5261167264428,1802.0064179272915
20918.9022811,-165.6661232474731,1634.8630583632214,627.787414411477,1759.073483878954
20918.9190672,-128.17326377567656,1625.2718617541573,608.6050211933485,1740.2117922765867
20918.9357707,-156.07492663840887,1601.7298337137267,582.447212259537,1711.4738087399098
20918.947003,-157.81878056732964,1602.6017606781872,570.2402347570917,1708.336353346263
20918.9650053,-112.47857841538963,1538.951092272579,623.4277795891751,1664.236789454193
20918.9767527,-96.78389305510271,1450.8864688620802,682.7188131724813,1606.4070609100356
20918.9936504,-137.7644603847408,1403.8024127812193,720.2116726442778,1583.775588297957
20919.0109252,-170.89768503423542,1369.7972611672644,734.1625040756439,1563.5041214662722
20919.0224673,-131.6609716335181,1290.4519074013695,711.4924029996739,1479.4668554224409
20919.0393902,10.463123573524618,1218.9538963156178,701.9012063906097,1406.6354829274476
20919.0559517,177.0011737854581,1158.7909357678514,714.1081838930551,1372.6166058452739
20919.0676226,276.400847733942,1193.6680143462668,745.497554613629,1434.227095350071
20919.0845884,235.4202804043039,1307.8904466905772,790.837756765569,1546.4231266041375
20919.1015394,40.1086403651777,1358.4622106292795,795.1973915878709,1574.6006389964048
20919.1131737,-223.2133029018585,1172.7417671992175,674.8714704923378,1371.3493110110169
20919.1298083,-367.08125203782197,759.4483860449951,422.0126507988262,943.1888326831775
20919.1422954,-379.28822954026737,464.7370720573851,219.72559504401696,638.8422687406564
20919.1594493,-271.1692859471797,363.5935441799804,149.09951092272578,477.4554546424815
20919.1767996,-12.206977502445387,292.09553309422887,208.39054450603194,359.02009664205076
20919.188645,165.6661232474731,172.6415389631562,156.07492663840887,285.67419920706635
20919.205823,194.4397130746658,-68.8822301923704,-122.06977502445386,239.69270667117482
20919.2167868,9.591196609064232,-339.1795891750897,-620.8119986957939,707.4901571683121
20919.2345706,-191.82393218128465,-743.7537006847082,-1147.4558852298665,1380.8044744960616
20919.2512674,-264.1938702314966,-1041.9527225301597,-1592.1386371046626,1921.0333981525155
20919.2624619,-184.84851646560156,-1168.3821323769155,-1821.4554287577437,2171.862256278749
20919.2795958,149.09951092272578,-1327.0728399087056,-1892.9534398434953,2316.5978744693857
20919.2968446,495.25451581349853,-1562.4931203130095,-2011.5355070101077,2594.790334963802
20919.3084764,507.4614933159439,-1819.711574828823,-2365.537854581024,3027.3151015743697
20919.3256042,130.78904466905772,-1952.2444734268015,-2837.250342354092,3446.4987688115234
20919.3375348,-394.1109879360939,-1830.1746984023475,-3261.8787740462994,3760.9461620791485
20919.3542733,-586.8068470818389,-1622.656080860776,-3437.136093902837,3845.940660039652
20919.371941,-436.83540919465275,-1486.635474404956,-3348.1995435278773,3689.356365514965
20919.3838725,-272.91313987610044,-1516.2809911966092,-3202.587740462993,3553.8933385155306
20919.4007448,-47.084056080860776,-1613.0648842517119,-3111.907336159113,3505.447546032307
20919.4117767,333.9480273883274,-1709.8487773068146,-2976.7586566677537,3449.086288613344
20919.4289786,577.2156504727747,-1845.8693837626345,-2908.7483534398434,3493.0257188721007
20919.4460227,569.3683077926313,-1818.8396478643626,-2826.7872187805674,3409.26442430375
20919.4574768,446.426605803717,-1621.7841538963157,-2496.3268992500816,3010.1708496559036
20919.474272,547.5701336811217,-1419.4970981415063,-1786.5783501793283,2346.6289149035065
20919.4917079,939.9372676882948,-1412.5216824258232,-1061.1351157482882,2001.176480070298
20919.5031963,1126.5296380828172,-1366.3095533094229,-585.0629931529181,1864.9851277961036
20919.5203873,803.0447342680144,-1279.1168568633843,-344.411150961852,1549.077086414526
20919.5317117,184.84851646560156,-1225.0573850668407,-280.7604825562439,1270.338938752786
20919.5491525,-291.2236061297685,-1154.4313009455493,-179.61695467883925,1204.070208824286
20919.5664791,-401.9583306162374,-900.7005542875775,120.32592109553309,993.6349004202852
20919.5781479,-168.28190414085427,-536.2350831431366,576.3437235083143,805.0086653460487
20919.5952332,253.73074665797196,-249.37111183567004,953.0161721552006,1017.2536889130072
20919.6063932,375.8005216824258,-12.206977502445387,1142.2243234431041,1202.5187929764697
20919.6241603,-60.162960547766545,85.44884251711771,1113.4507336159113,1118.344143231053
20919.6411446,-714.9801108575155,102.88738180632541,1079.4455820019564,1298.83991960531
20919.6529463,-931.217998043691,49.69983697424193,1183.2048907727421,1506.522766912038
20919.6697557,-788.2219758721878,38.36478643625693,1319.225497228562,1537.2448252064803
20919.6812454,-559.7771111835671,120.32592109553309,1461.3495924356048,1569.5131005519565
20919.6980416,-348.77078578415393,241.52376915552657,1575.5720247799152,1631.6868564012734
20919.7147163,-229.3167916530812,316.50948809911966,1642.710401043365,1688.56800534858
20919.731061,-282.5043364851647,374.05666775350505,1688.0506031953048,1751.925206671738
20919.7424677,-461.24936419954355,394.1109879360939,1712.4645582001956,1816.7579117422988
20919.759858,-584.1910661884577,377.5443756113466,1792.681838930551,1922.895507561862
20919.7770031,-500.48607760026084,389.751353113792,1941.7813498532769,2042.76950284748
20919.7886302,-242.39569611998695,476.9440495598305,2160.6350179328333,2225.887459110554
20919.8063888,112.47857841538963,517.9246168894686,2354.2028040430387,2413.124153860832
20919.8178701,352.2584936419954,487.40717313335506,2450.1147701336813,2522.8385175416993
20919.8351386,315.6375611346593,427.2442125855885,2468.4252363873493,2524.9332337352716
20919.8463418,153.4591457450277,313.8937072057385,2354.2028040430387,2379.98945615317
20919.8633751,112.47857841538963,111.60665145092925,2239.1084447342682,2244.708021665791
20919.881806,184.84851646560156,-168.28190414085427,2153.65960221715,2168.118413630339
20919.8929918,202.28705575480927,-337.4357352461689,1988.8654059341377,2027.404382768429
20919.9097544,257.2184545158135,-414.1653081186828,1779.6029344636454,1845.1777258963878
20919.926497,537.107010107597,-538.8508640365178,1555.5177045973264,1731.6118281229658
20919.9381827,1022.7703293120313,-784.7342680143463,1280.860710792305,1817.270254631496
20919.9559327,1380.260384740789,-1085.549070753179,1135.248907727421,2091.0106640555864
20919.9673349,1223.3135311379199,-1296.555396152592,1059.3912618193674,2073.6107967448384
20919.9846471,599.8857515487447,-1341.0236713400718,949.528464297359,1749.2317475156083
20919.9962653,158.69070753179003,-1293.939615259211,828.3306162373656,1544.5368491526087
20920.0139709,423.756504727747,-1348.8710140202152,626.9154874470166,1546.623941416895
20920.0313565,1135.248907727421,-1592.1386371046626,393.23906097163353,1994.5757647509024
20920.0437508,1599.985979784806,-1816.2238669709814,103.75930877078578,2422.6824522870434
20920.0620282,1320.9693511574828,-1879.0026084121291,-157.81878056732964,2302.285298701437
20920.0737615,695.7977176393871,-1708.1049233778938,-252.85881969351158,1861.6375790783707
20920.0912738,417.6530159765243,-1490.995109227258,-302.5586566677535,1577.6698635070918
20920.1024279,605.117313335507,-1325.3289859797849,-638.2505379850016,1590.606058461595
20920.1192164,893.7251385718944,-1106.4753179002282,-1130.0173459406587,1816.582355568977
20920.1368021,857.1042060645582,-800.4289533746332,-1627.015715683078,2005.6156831590858
20920.1482249,282.5043364851647,-312.14985327681774,-1938.2936419954353,1983.4889648378664
20920.1664674,-361.84969025105966,368.82510596674274,-1913.8796869905445,1982.3981974873745
20920.1783108,-596.3980436909031,878.0304532116074,-1750.8293446364526,2047.4451146063543
20920.1952198,-491.766807955657,1116.9384414737528,-1579.9316596022172,1996.3892717759552
20920.2072179,-405.44603847407893,1259.934463645256,-1387.2358004564721,1917.3535169246938
20920.2247297,-428.1161395500489,1396.8269970655365,-1205.8749918487122,1894.3451598482502
20920.236416,-418.52494294098466,1511.0494294098469,-1004.4598630583632,1862.0883766563832
20920.2532773,-412.421454189762,1590.3947831757418,-797.8131724812521,1826.4591099756965
20920.2703273,-463.8651450929247,1630.5034235409196,-653.9452233452886,1816.9635775509805
20920.281761,-511.82112813824585,1661.8927942614932,-562.3928920769482,1827.603428505663
20920.299325,-486.5352461688947,1668.8682099771763,-504.84571242256277,1810.1676279804853
20920.311884,-475.2001956309097,1690.666384088686,-432.4757743723508,1808.64682667295
20920.3286804,-502.2299315291816,1749.9574176719923,-255.47460058689273,1838.4376898154767
20920.3458873,-540.5947179654386,1759.5486142810564,36.62093250733616,1841.0852961794642
20920.3577769,-597.2699706553635,1740.366221062928,296.4551679165308,1863.7305781276257
20920.374418,-676.6153244212586,1707.2329964134333,405.44603847407893,1880.6486358165896
20920.3912134,-611.2208020867297,1606.961395500489,495.25451581349853,1789.1877573262364
20920.4027434,-463.8651450929247,1587.7790022823606,577.2156504727747,1751.9677337415653
20920.4197946,-362.72161721552004,1555.5177045973264,659.1767851320509,1727.9225488916463
20920.4317977,-320.8691229214216,1523.2564069122923,729.802869253342,1719.2670831532023
20920.448527,-313.0217802412781,1490.1231822627976,812.6359308770786,1725.927834347335
20920.4660157,-334.81995435278776,1500.5863058363223,863.2076948157809,1763.2331631084635
20920.4777346,-373.18474078904467,1493.6108901206392,892.853211607434,1779.698625982069
20920.4948524,-355.74620149983696,1436.0637104662537,895.4689925008151,1729.3637722960696
20920.5063215,-251.1149657645908,1400.314704923378,860.5919139223997,1662.6961361488209
