timestamp,gx,gy,gz,magnitude
19152.7807564,23.542028040430388,7.847342680143463,-10.463123573524618,26.931112608112915
19152.8644199,-117.71014020215195,-130.78904466905772,-10.463123573524618,176.26947627643844
19152.8762746,-118.58206716661233,-97.6558200195631,21.79817411150962,155.15645726748195
19152.8935588,81.96113465927617,-142.9960221715031,60.162960547766545,175.45675186034057
19152.905113,244.13955004890772,-244.13955004890772,69.75415715683079,352.2412273383485
19152.9220083,216.2378871861754,-299.07094880991195,51.443690903162704,372.62408619215995
19152.9393862,-74.1137919791327,-274.6569938050212,-9.591196609064232,284.6424238583057
19152.9503325,-360.1058363221389,-222.3413759373981,-78.47342680143463,430.42999375155375
19152.9673239,-518.7965438539289,-116.83821323769156,-153.4591457450277,553.4895946629454
19152.9854151,-478.6879034887512,-34.87707857841539,-178.74502771437886,512.1604284686928
19152.997143,-345.2830779263124,-68.01030322791001,-153.4591457450277,383.9212349691195
19153.0141646,-329.58839256602545,-115.09435930877079,-114.2224323443104,367.3172798951929
19153.0255455,-580.7033583306162,-263.3219432670362,-130.78904466905772,650.8921649457989
19153.0424481,-1042.8246494946202,-584.1910661884577,-119.45399413107272,1201.2625475398168
19153.0598372,-1626.1437887186175,-798.6850994457125,-176.1292468209977,1820.2370783088886
19153.0713608,-2066.4669057711117,-760.3203130094555,-392.36713400717315,2236.587672967691
19153.0879621,-1921.727029670688,-667.8960547766548,-492.6387349201174,2093.2780129970406
19153.1045423,-1622.656080860776,-523.1561786762309,-551.0578415389632,1791.7505096310567
19153.1163289,-1590.3947831757418,-279.88855559178353,-634.7628301271601,1735.1129705050655
19153.133438,-1929.5743723508315,-22.670101075970003,-780.3746331920444,2081.5272662267766
19153.1457088,-2449.2428431692206,201.4151287903489,-857.1042060645582,2602.6882600447634
19153.1628267,-2821.555656993805,376.6724486468862,-837.0498858819693,2967.1048128669804
19153.1745843,-2936.6500163025758,685.3345940658625,-735.0344310401043,3103.8480051200618
19153.1916437,-2661.1210955330944,1070.7263123573525,-526.6438865340724,2916.3974530727705
19153.208795,-2306.246820997718,1345.3833061623736,-333.9480273883274,2690.7902045419733
19153.2204457,-2144.9403325725466,1573.8281708509944,-221.46944897293773,2669.597883294222
19153.2376243,-2203.359439191392,1777.8590805347246,-175.25731985653735,2836.598465887775
19153.2541505,-2405.6464949462015,1930.4462993152918,-140.38024127812196,3087.6309017316744
19153.2662063,-2584.3915226605804,2002.8162373655039,-54.93139876100424,3270.07184655393
19153.2837986,-2580.0318878382786,2076.9300293446363,138.6363873492012,3315.0298546096233
19153.2953184,-2329.788849038148,2185.048972937724,385.39171829149006,3217.278643786759
19153.3128382,-1894.697293772416,2210.334854907075,612.9646560156505,2975.093893538485
19153.3300802,-1488.3793283338769,2189.408607760026,742.8817737202478,2749.664780745289
19153.3421617,-1121.298076296055,2161.506944897294,736.7782849690251,2544.064442962553
19153.359058,-864.0796217802413,2128.373720247799,714.9801108575155,2405.7857021645063
19153.3703411,-737.6502119334855,2069.954613628953,687.9503749592436,2302.632331931407
19153.3871217,-809.1482230192371,1971.42686664493,658.3048581675905,2230.383380415055
19153.4035536,-1022.7703293120313,1792.681838930551,621.6839256602543,2155.5180875086176
19153.415509,-1183.2048907727421,1550.2861428105641,599.0138245842843,2040.1417843331587
19153.43276,-1239.880143462667,1331.4324747310075,580.7033583306162,1909.7726553958705
19153.4451149,-1185.8206716661232,1207.618845777633,571.1121617215521,1786.2483151270603
19153.4623923,-903.3163351809586,1084.6771437887187,643.482099771764,1551.313675692021
19153.479455,-503.9737854581024,966.0950766221063,732.4186501467232,1312.9228281148862
19153.4908267,-95.91196609064232,871.0550374959244,784.7342680143463,1176.326423652215
19153.5080881,217.98174111509618,696.6696446038475,755.0887512226932,1050.2493301093157
19153.5197645,317.38141506358005,267.68157808933813,605.9892402999674,734.5797092456954
19153.5365674,158.69070753179003,-455.14587544832085,343.5392239973916,591.9119081580371
19153.5541943,23.542028040430388,-1223.3135311379199,-9.591196609064232,1223.5776287599315
19153.5659877,98.52774698402348,-1879.0026084121291,-356.61812846429734,1915.0809405596178
19153.5829169,562.3928920769482,-2496.3268992500816,-709.7485490707531,2655.499342098627
19153.5998074,1477.9162047603522,-3151.1440495598304,-1055.9035539615259,3637.152381278265
19153.6115989,2803.245190740137,-4069.2831431366158,-1388.979654385393,5132.88548272023
19153.6287358,3608.033778937072,-5065.023736550375,-2092.6247147049235,6561.360483799341
19153.6407043,2804.989044669058,-5942.1822627975225,-3492.0674926638408,7441.238402197476
19153.6592388,1214.594261493316,-6290.953048581676,-4778.159765242908,7992.63036939015
19153.6715769,373.18474078904467,-6351.987936093903,-5381.5332246494945,8333.541710404206
19153.6883462,-274.6569938050212,-5390.252494294098,-4843.554287577437,7251.915371348423
19153.7003244,-601.6296054776655,-3396.1555265731986,-3222.642060645582,4720.302150699984
19153.7172845,-299.07094880991195,-2149.2999673948484,-2428.3165960221713,3256.6325050245173
19153.7339715,323.48490381480275,-1677.5874796217802,-2453.602477991523,2989.834001209092
19153.7457549,274.6569938050212,-1102.9876100423867,-2416.109618519726,2670.1317984055704
19153.7629551,-116.83821323769156,-749.8571894359309,-2271.3697424193024,2394.798003882427
19153.7804854,-661.792566025432,-369.6970329312031,-1958.347962178024,2099.945722529866
19153.7919361,-1042.8246494946202,353.1304206064558,-840.5375937398109,1385.1670621413075
19153.8087358,-1007.9475709162048,882.3900880339094,449.04238669709815,1412.872831583577
19153.8199354,-891.1093576785132,942.553048581676,1188.4364525595045,1759.222367554779
19153.836525,-1143.968177372025,1028.0018910987935,1388.979654385393,2072.3695518027507
19153.8529545,-1630.5034235409196,1205.8749918487122,1320.0974241930226,2419.779560105805
19153.8645725,-2025.486338441474,1302.6588849038149,1167.5102054124552,2676.3025160422603
19153.8826298,-2339.3800456472122,1358.4622106292795,993.1248125203782,2881.7382721065733
19153.8948071,-2385.5921747636125,1436.0637104662537,964.3512226931855,2946.7443536081187
19153.9118549,-2129.2456472122594,1559.8773394196282,1320.9693511574828,2951.586754087474
19153.9292535,-1723.7996087381807,1816.2238669709814,1831.046625366808,3102.0776860530277
19153.9417174,-1293.0676882947505,1978.402282360613,2134.477208999022,3184.6652246504445
19153.9590079,-964.3512226931855,1963.5795239647864,2236.492663840887,3128.5008011917985
19153.970453,-810.8920769481579,1855.4605803716988,2198.9998043690903,2989.294242021999
19153.987222,-878.0304532116074,1724.671535702641,2059.4914900554286,2826.1165192611247
19154.0044316,-1070.7263123573525,1633.1192044343006,1901.6727094880991,2725.782872108178
19154.0155563,-1148.3278121943267,1556.3896315617867,1748.2135637430715,2607.154792862766
19154.0325608,-1028.0018910987935,1449.1426149331594,1679.331333550701,2444.7813673952905
19154.0495728,-663.5364199543528,1334.920182588849,1708.1049233778938,2267.138042501313
19154.0606315,-285.9920443430062,1275.6291490055428,1763.9082491033585,2195.53945227021
19154.0776055,-11.335050537985001,1207.618845777633,1749.9574176719923,2126.2226420846027
19154.0939395,142.9960221715031,1005.3317900228236,1674.9716987283991,1958.741958995229
19154.1051146,290.3516791653081,626.0435604825562,1542.4388001304205,1689.7787101758508
19154.1215323,245.0114770133681,144.73987610042386,1318.3535702641018,1348.7165720899043
19154.1383456,7.847342680143463,-317.38141506358005,1094.2683403977828,1139.392708512661
19154.1547225,-218.85366807955657,-736.7782849690251,843.153374633192,1140.8973583934335
19154.1659389,-214.49403325725464,-1128.273492011738,540.5947179654386,1269.3507837361026
19154.1823808,124.68555591783502,-1579.0597326377567,319.9971959569612,1615.9747313967755
19154.1987436,670.5118356700359,-2166.738506684056,169.15383110531465,2274.4130884029532
19154.209672,916.3952396478644,-2723.0279100097814,-285.12011737854584,2887.2053469186185
19154.2261241,604.2453863710466,-3186.8930551027065,-1300.915030974894,3494.821848024441
19154.2425806,89.80847733941962,-3131.089729377242,-2982.862145418976,4325.419636819897
19154.2589014,-149.09951092272578,-2126.6298663188786,-4881.919074013695,5327.092931205122
19154.2698443,459.5055102706228,-1081.1894359308772,-6128.774633192044,6240.352106635961
19154.2860158,682.7188131724813,-349.6427127486143,-6183.706031953048,6231.097438978977
19154.3028941,129.04519074013695,177.0011737854581,-5616.081578089338,5620.351801135675
19154.3145068,-374.92859471796544,857.1042060645582,-5135.649820671666,5220.162655679961
19154.3321395,-570.2402347570917,1618.2964460384742,-4948.1855233126835,5237.231834253454
19154.3491195,-537.107010107597,2119.6544506031955,-4872.32787740463,5340.50539511037
19154.3607918,-438.5792631235735,2089.137006847082,-4551.458754483208,5027.1882794641615
19154.3777933,-362.72161721552004,2170.2262145418977,-3928.902901858494,4503.07970239395
19154.389739,-612.9646560156505,2555.617932833388,-3199.1000326051517,4140.187158421497
19154.4069182,-723.6993805021193,2731.7471796543855,-2511.149657645908,3780.483573563573
19154.4239707,-673.9995435278774,2716.0524942940983,-1995.8408216498208,3437.236844007234
19154.435565,-357.4900554287577,2456.2182588849037,-1484.0196935115748,2891.906244285978
19154.452684,124.68555591783502,2017.6389957613303,-753.3448972937724,2157.2997333124326
19154.4689874,384.5197913270297,1749.9574176719923,70.62608412129117,1793.096337999082
19154.480721,362.72161721552004,1683.690968373003,861.4638408868601,1925.74717907928
19154.4977782,285.12011737854584,1617.4245190740137,1481.4039126181938,2211.766965246622
19154.5099154,164.79419628301272,1490.995109227258,1865.9237039452235,2394.137592498148
19154.5280903,17.438539289207696,1450.01454189762,1988.8654059341377,2461.388201257304
19154.5396107,-6.103488751222693,1391.5954352787742,1944.397130746658,2391.078273524205
19154.5567209,43.59634822301924,1132.6331268340398,1904.2884903814804,2216.094108150557
19154.574625,129.04519074013695,709.7485490707531,1917.367394848386,2048.5832643534127
19154.5861695,79.34535376589501,366.2093250733616,1941.7813498532769,1977.604552374649
19154.6157861,-52.31561786762308,149.09951092272578,1962.7075970003261,1969.0578202158163
19154.6220445,-159.5626344962504,-12.206977502445387,1951.372546462341,1957.9234049661009
19154.6337609,-246.75533094228888,-182.2327355722204,1909.5200521682427,1934.0020147081495
19154.6456664,-254.60267362243235,-296.4551679165308,1797.0414737528529,1839.0394901654327
19154.6628397,-153.4591457450277,-366.2093250733616,1641.8384740789045,1689.169190504381
19154.6807412,42.724421258558856,-598.1418976198239,1522.3844799478318,1636.231527213112
19154.6926829,292.09553309422887,-959.9915878708836,1448.2706879686991,1761.9283852829521
19154.7101414,365.3373981089012,-1252.959047929573,1304.4027388327356,1845.2220178937562
19154.7222559,197.05549396804696,-1492.7389631561787,1013.1791327029671,1814.8367515488303
19154.734486,15.694685360286925,-1613.0648842517119,586.8068470818389,1716.5567044920701
19154.7515067,252.85881969351158,-1840.6378219758722,274.6569938050212,1878.1165135930437
19154.7686733,867.5673296380828,-2391.6956635148354,276.400847733942,2559.1558465554735
19154.7799104,1315.7377893707205,-2929.6746005868927,415.0372350831431,3238.2734755124648
19154.7967474,1097.7560482556244,-3246.1840886860123,378.416302575807,3447.6047304143185
19154.8146242,571.1121617215521,-3481.604369090316,156.07492663840887,3531.5856873167086
19154.8267263,459.5055102706228,-3901.0012389957615,8.719269644603848,3927.980652482732
19154.8444641,786.4781219432671,-4339.580502119335,-14.822758395826542,4410.29777734295
19154.8556632,1042.8246494946202,-4512.222041082491,-54.93139876100424,4631.484476514421
19154.8724134,878.9023801760678,-4317.7823280078255,-133.40482556243887,4408.345548322996
19154.88445,302.5586566677535,-4093.6970981415066,-184.84851646560156,4109.022590117547
19154.901612,-417.6530159765243,-3901.8731659602217,63.65066840560809,3924.67828650747
19154.9190905,-813.507857841539,-3661.221323769156,450.7862406260189,3777.5051093452726
19154.930577,-767.2957287251386,-2858.1765895011413,819.6113465927617,3070.7782257199588
19154.9478891,-158.69070753179003,-1725.5434626671015,1195.4118682751875,2105.158549141438
19154.9603833,606.8611672644278,-612.9646560156505,1477.9162047603522,1711.2108152273852
19154.9774071,769.0395826540594,172.6415389631562,1603.4736876426475,1786.7162191088455
19154.9944505,7.847342680143463,710.6204760352135,1736.0065862406261,1875.8363226087945
19155.0063101,-973.0704923377893,1009.6914248451255,1937.4217150309748,2391.6408297104003
19155.0231643,-1420.3690251059668,973.0704923377893,2179.817411150962,2777.754182157929
19155.0346826,-1515.4090642321487,896.3409194652755,2395.183371372677,2972.674731342969
19155.0517311,-1533.7195304858167,973.9424193022497,2591.3669383762635,3164.8131135375943
19155.068554,-1484.8916204760353,1089.0367786110205,2642.8106292794264,3221.0793613259098
19155.0799007,-1408.1620476035214,1144.8401043364852,2593.982719269645,3165.805673865289
19155.0976955,-1354.1025758069775,1162.278643625693,2478.888359960874,3054.4022217751517
19155.1148697,-1347.999087055755,1198.899576133029,2314.9660906423214,2934.881553517773
19155.1265775,-1338.4078904466905,1230.288946853603,2194.6401695467885,2849.8056157830247
19155.1442651,-1273.0133681121617,1252.0871209651125,2175.4577763286597,2814.4096593189506
19155.1556664,-1136.9927616563418,1249.4713400717314,2239.1084447342682,2804.9131532009824
19155.1728957,-970.4547114444082,1263.4221715030976,2273.113596348223,2775.7995879229834
19155.1903938,-831.818324095207,1304.4027388327356,2243.46807955657,2725.167380797764
19155.2018438,-689.6942288881644,1349.7429409846757,2160.6350179328333,2639.2854746724947
19155.2193774,-533.6193022497555,1367.1814802738834,2069.954613628953,2537.4488885928704
19155.2310704,-325.2287577437235,1360.2060645582003,1986.2496250407564,2429.222479703944
19155.2480822,-117.71014020215195,1360.2060645582003,1952.2444734268015,2382.2835052094047
19155.2652008,81.08920769481578,1386.3638734920119,1995.8408216498208,2431.4524125905036
19155.2767509,233.67642647538312,1316.609716335181,2130.11757417672,2515.048050685121
19155.2943392,294.71131398761,1135.248907727421,2251.3154222367134,2538.5164902929973
19155.3054742,156.94685360286925,906.8040430388002,2192.8963156178675,2378.1758005618026
19155.3222685,-231.93257254646235,529.2596674274536,1899.056928594718,1985.0253730914988
19155.3396229,-780.3746331920444,-64.52259537006847,1366.3095533094229,1574.7855501329386
19155.3512654,-1068.9824584284318,-790.837756765569,662.6644929898924,1485.6890940648527
19155.3685827,-919.8829475057059,-1491.8670361917184,47.95598304532116,1753.3258873059197
19155.3800131,-494.38258884903814,-2069.954613628953,-414.1653081186828,2168.100354939759
19155.3972208,27.029735898271927,-2598.3423540919466,-697.5415715683079,2690.479109704588
19155.4140984,432.4757743723508,-3155.5036843821326,-1083.8052168242582,3364.3532135588343
19155.4257098,421.1407238343658,-3546.998891424845,-1669.7401369416368,3942.9167845586962
19155.4433239,82.83306162373655,-3773.6999021845454,-2673.3280730355395,4625.403253114859
19155.4549771,176.1292468209977,-3783.2910987936093,-3644.6547114444083,5256.217367599119
19155.4721685,908.5478969677209,-3288.036582980111,-3905.3608738180633,5185.41101619235
19155.489392,1109.9630257580698,-2114.422888816433,-3567.9251385718944,4293.354383900089
19155.5010536,226.70101075970004,-954.7600260841214,-3361.278447994783,3501.5929033286893
19155.5178235,-496.9983697424193,-218.85366807955657,-3308.96283012716,3353.2281936548316
19155.534688,-456.8897293772416,549.3139876100424,-2902.644864688621,2989.287756690158
19155.5456655,-119.45399413107272,1322.7132050864036,-2335.0204108249104,2686.291085975745
19155.5620902,-134.27675252689926,1974.9145745027715,-1914.7516139550048,2754.013719282446
19155.578977,-393.23906097163353,2463.1936746005867,-1528.4879686990546,2925.446206670694
19155.5905956,-544.9543527877405,2561.72142158461,-1127.4015650472775,2851.390218349434
19155.608301,-563.2648190414086,2476.2725790674926,-705.3889142484512,2635.6719565522435
19155.6196496,-523.1561786762309,2433.548157808934,-360.97776328659927,2515.1846789549604
19155.636841,-463.8651450929247,2384.7202477991523,-145.61180306488424,2433.775735413421
19155.6542443,-442.06697098141507,2352.458950114118,29.645516791653083,2393.818116622595
19155.6659974,-510.94920117378547,2348.9712422562766,294.71131398761,2421.897962697733
19155.6832275,-722.8274535376589,2319.3257254646232,545.8262797522009,2489.915194551386
19155.6999441,-828.3306162373656,2193.768242582328,806.5324421258559,2479.7671850721044
19155.7116315,-781.2465601565048,2141.452624714705,1097.7560482556244,2530.065981972738
19155.7285493,-602.5015324421258,2113.5509618519727,1340.1517443756113,2574.1236300716996
19155.7399078,-421.1407238343658,2040.3090968373003,1471.8127160091294,2550.7750569023024
19155.7564796,-363.5935441799804,1966.1953048581677,1535.4633844147374,2521.06565703752
19155.7733216,-390.6232800782524,1851.9728725138573,1548.5422888816433,2445.4801753277657
19155.7899513,-402.8302575806978,1716.8241930224976,1540.6949462014998,2341.687093405249
19155.801327,-410.67760026084125,1576.4439517443757,1584.291294424519,2272.401929663136
19155.818432,-372.3128138245843,1450.01454189762,1654.9173785458104,2231.571314761301
19155.82994,-261.57808933811543,1362.8218454515813,1682.8190414085425,2181.189218153482
19155.8467214,-85.44884251711771,1232.0328007825237,1631.3753505053799,2046.1162872935877
19155.8631878,65.39452233452886,1027.1299641343332,1511.9213563743072,1828.982939951787
19155.8796205,149.09951092272578,826.5867623084448,1360.2060645582003,1598.6359428718786
19155.8909025,231.06064558200197,537.9789370720574,1253.8309748940333,1383.8000116612495
19155.9076072,427.2442125855885,144.73987610042386,1221.569677208999,1302.1980360904956
19155.9243151,641.7382458428432,-222.3413759373981,1160.5347896967721,1344.6578232872912
19155.9354949,760.3203130094555,-577.2156504727747,962.6073687642647,1355.683529414135
19155.952031,744.6256276491686,-879.7743071405282,510.0772742093251,1260.4161941681525
19155.9692745,725.4432344310401,-1128.273492011738,-68.8822301923704,1343.135778986773
19155.9812012,842.2814476687316,-1502.330159765243,-571.1121617215521,1814.5531260598184
19155.999199,1108.219171829149,-1897.3130746657973,-705.3889142484512,2307.7088543514483
19156.0106245,1299.1711770459733,-2198.12787740463,-595.5261167264428,2621.8816274564497
19156.0277601,928.6022171503098,-2463.1936746005867,-609.4769481578089,2702.052424847558
19156.0447665,253.73074665797196,-2908.7483534398434,-1005.3317900228236,3088.023361872301
19156.0561665,355.74620149983696,-3240.08059993479,-1869.411411803065,3757.5759048267914
19156.0731224,503.101858493642,-3754.5175089664167,-2786.67857841539,4702.668466366129
19156.0845469,683.5907401369417,-4373.58565373329,-3021.226931855233,5359.41787364169
19156.1015735,1115.194587544832,-4774.672057385067,-2997.684903814803,5746.935444758555
19156.1187584,1440.4233452885555,-4547.099119660907,-3557.46201499837,5950.333251661585
19156.1306796,846.6410824910336,-3901.0012389957615,-3841.7102054124553,5540.157858001725
19156.1472389,-674.8714704923378,-3393.5397456798173,-3235.7209651124876,4737.241145567916
19156.1650695,-1185.8206716661232,-3038.6654711444407,-1914.7516139550048,3782.3183702617443
19156.1767463,-464.7370720573851,-2226.9014672318226,-714.1081838930551,2384.3282469506485
19156.1937989,301.6867297032931,-1135.248907727421,281.6324095207043,1207.9411324513328
19156.2054554,491.766807955657,-175.25731985653735,862.3357678513205,1008.0539162594029
19156.2233443,124.68555591783502,538.8508640365178,1254.7029018584938,1371.1987869960965
19156.2348327,-589.42262797522,1071.5982393218128,1538.951092272579,1965.7345409016416
19156.2519298,-1104.7314639713074,1313.1220084773395,1823.1992826866644,2503.752511935818
19156.2690499,-1263.4221715030976,1338.4078904466905,2041.1810238017606,2748.452516705349
19156.2807095,-1181.4610368438214,1361.949918487121,2092.6247147049235,2762.2157697473626
19156.2981756,-1051.543919139224,1409.9059015324422,1976.6584284316923,2645.8945193912655
19156.3099801,-909.4198239321813,1426.4725138571894,1833.662406260189,2494.831871906962
19156.3272124,-870.183110531464,1470.9407890446691,1679.331333550701,2396.0465727057026
19156.3443674,-939.9372676882948,1498.8424519074015,1528.4879686990546,2338.00903190875
19156.3561954,-1026.2580371698728,1483.1477665471145,1405.5462667101401,2286.5898548126784
19156.3732074,-1126.5296380828172,1487.5074013694164,1261.6783175741768,2252.460759179747
19156.3846972,-1145.7120313009457,1476.1723508314315,1126.5296380828172,2181.928022072666
19156.4023328,-1014.0510596674275,1417.7532442125855,1138.7366155852626,2082.077062157528
19156.4192388,-714.1081838930551,1410.7778284969024,1148.3278121943267,1954.2009476869264
19156.4304219,-524.0281056406913,1409.0339745679817,1048.9281382458428,1833.0936790551937
19156.4472192,-488.27910009781544,1343.6394522334529,927.7302901858494,1704.2496731755198
19156.4636619,-556.2894033257255,1261.6783175741768,912.9075317900229,1653.6898859484654
19156.4748009,-522.2842517117705,1108.219171829149,893.7251385718944,1516.4680002265663
19156.4924809,-446.426605803717,858.848059993479,813.507857841539,1264.401731766419
19156.509864,-292.96746005868926,488.27910009781544,660.0487120965113,871.7285785070003
19156.5212009,-164.79419628301272,125.5574828822954,413.2933811542224,462.3129108538841
19156.5391996,-103.75930877078578,-110.73472448646886,66.26644929898924,165.58809035187568
19156.550455,-140.38024127812196,-265.065797195957,-440.3231170524943,532.776628987474
19156.5675733,-159.5626344962504,-468.22477991522663,-1029.7457450277143,1142.3970317961828
19156.5848248,15.694685360286925,-755.0887512226932,-1631.3753505053799,1797.7182425530857
19156.5967869,119.45399413107272,-970.4547114444082,-2294.039843495272,2493.7262093546533
19156.6135985,-18.31046625366808,-1082.933289859798,-3035.177763286599,3222.6361628658046
19156.625004,-134.27675252689926,-966.0950766221063,-3693.48262145419,3820.102592644176
19156.6422008,-374.92859471796544,-580.7033583306162,-4169.55474404956,4226.4612390438215
19156.6602573,-718.467818715357,-62.7787414411477,-4463.39413107271,4521.285696148922
19156.6711792,-1022.7703293120313,599.8857515487447,-4866.224388653407,5008.598792292857
19156.687933,-1177.1014020215193,1347.999087055755,-5269.926573198565,5565.50045694442
19156.7000091,-1029.7457450277143,1851.1009455493968,-5161.807629605478,5579.534838592719
19156.7178159,-746.3694815780893,1956.6041082491033,-4618.597130746658,5071.174074668476
19156.7349006,-551.9297685034236,2029.8459732637757,-4031.790283664819,4547.552532515644
19156.7468678,-933.8337789370721,2344.6116074339748,-3657.7336159113142,4443.901925264066
19156.7646401,-1400.314704923378,2600.958134985328,-3468.5254646234107,4555.933866016061
19156.7764644,-1353.2306488425172,2719.54020215194,-3095.3407238343657,4336.849812561511
19156.7935737,-1086.4209977176395,2798.885555917835,-2545.154809259863,3935.9730617098858
19156.8051324,-741.137919791327,2663.7368764264756,-1891.2095859145745,3349.8437666318214
19156.8228146,-515.3088359960874,2470.16909031627,-1157.0470818389306,2775.974870347629
19156.8399268,-146.48373002934463,2240.852298663189,-402.8302575806978,2281.4795033069963
19156.8509964,-126.42940984675579,2198.12787740463,190.08007825236388,2209.950451310166
19156.8673076,-99.39967394848387,2008.9197261167265,590.2945549396804,2096.207628731802
19156.8840567,51.443690903162704,1661.8927942614932,1001.8440821649821,1941.1918189403666
19156.896044,54.93139876100424,1471.8127160091294,1391.5954352787742,2026.274410109532
19156.913244,-49.69983697424193,1306.1465927616564,1730.7750244538638,2168.887083471941
19156.924696,-211.8782523638735,1130.0173459406587,2001.9443104010434,2308.5953776915194
19156.9416001,-375.8005216824258,990.5090316269971,2205.9752200847734,2447.1740529556737
19156.9583469,-586.8068470818389,918.1390935767852,2319.3257254646232,2562.536534712848
19156.9702264,-764.6799478317574,880.6462341049886,2385.5921747636125,2655.432777637698
19156.9880115,-833.5621780241278,720.2116726442778,2418.7253994131074,2657.774128064966
19156.9995233,-881.518161069449,550.1859145745028,2430.9323769155526,2643.7116011448265
19157.0163736,-916.3952396478644,450.7862406260189,2438.779719595696,2643.980898323259
19157.0331492,-965.2231496576459,417.6530159765243,2393.4395174437564,2614.3149186834235
19157.0500007,-1068.9824584284318,390.6232800782524,2213.8225627649167,2489.2409250158594
19157.0616617,-1262.5502445386371,402.8302575806978,1913.0077600260843,2327.209493433524
19157.0788378,-1456.1180306488425,342.66729703293123,1599.985979784806,2190.3551609600813
19157.0905631,-1586.0351483534398,-25.28588196935116,1303.5308118682751,2053.129183741113
19157.1087407,-1363.6937724160418,-633.0189761982393,976.5582001956309,1792.7742879466707
19157.1204914,-827.4586892729052,-1311.3781545484187,685.3345940658625,1695.3123760839685
19157.1374298,-223.2133029018585,-2056.003782197587,490.8948809911966,2125.54781531409
19157.1494544,217.1098141506358,-2551.2582980110856,309.5340723834366,2579.121345834123
19157.1659811,662.6644929898924,-2710.8209325073362,-6.975415715683078,2790.649210275971
19157.1833152,745.497554613629,-2765.7523312683406,-473.45634170198895,2903.3279989262305
19157.1953965,580.7033583306162,-2910.4922073687644,-1061.1351157482882,3151.854852845367
19157.212525,470.8405608086078,-3357.7907401369416,-1715.9522660580371,3800.1239016171126
19157.2295128,374.92859471796544,-3751.9017280730354,-2348.9712422562766,4442.409698035697
19157.2409537,419.39686990544504,-3707.433452885556,-2801.5013368112163,4665.765347959157
19157.2586498,943.4249755461364,-3585.363677861102,-2987.2217802412783,4761.131940133332
19157.2708479,1338.4078904466905,-3281.0611672644277,-2748.313791979133,4484.40929930836
19157.2886827,1378.5165308118683,-2905.260645582002,-2441.395500489077,4037.4817936799977
19157.3003752,864.0796217802413,-2547.7705901532445,-2289.6802086729704,3532.761530419849
19157.3184036,183.97658950114118,-2336.764264753831,-2100.472057385067,3147.4271204223996
19157.3295857,-439.4511900880339,-2174.5858493641995,-1829.3027714378873,2875.463370365747
19157.3467074,-662.6644929898924,-1842.381675904793,-1374.1568959895665,2392.028771728088
19157.3639847,-458.6335833061624,-1300.0431040104336,-748.9852624714705,1568.8963507576882
19157.3760296,-170.02575806977504,-673.9995435278774,-91.5523312683404,701.1176594863781
19157.3932449,-565.8805999347898,-302.5586566677535,280.7604825562439,700.4206183946673
19157.40464,-1804.016889468536,-159.5626344962504,350.5146397130747,1844.667364179326
19157.4218008,-2963.679752200848,184.84851646560156,211.8782523638735,2976.988250139658
19157.438658,-3416.2098467557876,751.6010433648516,-6.975415715683078,3497.919739199678
19157.4500512,-3200.843886534072,919.0110205412456,-173.51346592761658,3334.679859401352
19157.4669874,-2488.4795565699383,391.49520704271276,-58.41910661884578,2519.764233538939
19157.4842449,-1497.970524942941,-151.71529181610694,268.5535050537985,1529.3966811933906
19157.4957533,-1065.4947505705902,-500.48607760026084,595.5261167264428,1319.2485486323094
19157.5131722,-1159.6628627323116,-597.2699706553635,920.7548744701663,1596.664934138572
19157.524966,-1353.2306488425172,-552.801695467884,1158.7909357678514,1865.3737792455004
19157.5419381,-1443.911053146397,-496.1264427779589,1372.4130420606457,2052.9340307569564
19157.5591687,-1375.0288229540267,-422.8845777632866,1571.2123899576134,2130.3154706335595
19157.5707023,-1198.0276491685686,-380.16015650472775,1736.0065862406261,2143.2477365523796
19157.5876596,-925.9864362569286,-407.1898924029997,1886.8499510922727,2140.901031468733
19157.6048167,-593.782262797522,-588.5507010107597,2045.5406586240626,2209.7977032654744
19157.6169057,-361.84969025105966,-701.0292794261494,2211.206781871536,2347.7250011750116
19157.6340453,-339.1795891750897,-600.7576785132051,2331.532702967069,2431.459916801115
19157.6450007,-415.9091620476035,-411.54952722530163,2432.6762308444736,2502.0525750971306
19157.6623261,-405.44603847407893,-354.0023475709162,2605.3177698076297,2660.335473934715
19157.6792773,-317.38141506358005,-470.8405608086078,2828.531072709488,2884.9627078375574
19157.6911417,-261.57808933811543,-598.1418976198239,3135.4493641995437,3202.692545651135
19157.7078221,-214.49403325725464,-735.9063580045647,3406.618650146723,3491.7927323342074
19157.719582,-80.2172807303554,-1063.7508966416694,3538.2796217802415,3695.595143429412
19157.7365295,143.86794913596347,-1434.319856537333,3501.658689272905,3786.764451851515
19157.7540109,435.091555265732,-1565.1089012063906,3261.006847081839,3643.2178346639753
19157.7654988,760.3203130094555,-1662.7647212259537,2740.466449298989,3294.39370085936
19157.7826976,970.4547114444082,-2010.6635800456472,2131.8614281056407,3086.969958993973
19157.7995026,1149.199739158787,-2435.2920117378544,1423.8567329638083,3046.091794237856
19157.8115496,1147.4558852298665,-2887.822106292794,554.5455493968047,3156.531687231701
19157.8285607,1223.3135311379199,-3346.4556895989567,-478.6879034887512,3595.0526820702935
19157.839696,1552.029996739485,-3490.32363873492,-1587.7790022823606,4136.689301117466
19157.8573152,1808.376524290838,-3213.922791000978,-2816.324095207043,4640.173140020262
19157.8752153,1704.6172155200522,-2644.554483208347,-3981.218519726117,5074.39544851551
19157.8869555,976.5582001956309,-1780.4748614281057,-5037.122073687643,5431.054725905279
19157.9049235,171.7696119986958,-233.67642647538312,-5117.339354417998,5125.550852364232
19157.9169933,-288.6078252363873,815.2517117704598,-4429.388979458755,4513.027427534982
19157.9348647,-421.1407238343658,1114.3226605803718,-3465.9096837300294,3664.9153383029525
19157.9466322,-299.07094880991195,1259.0625366807956,-2748.313791979133,3037.7476200102374
19157.9637969,-388.8794261493316,1624.3999347896968,-2475.4006521030324,2986.220143368389
19157.975566,-660.0487120965113,2040.3090968373003,-2389.079882621454,3210.3314779822726
19157.992396,-1024.514183240952,2415.237691555266,-2029.8459732637757,3317.118794005763
19158.0090465,-1062.0070427127487,2697.7420280404303,-1045.4404303880012,3081.9825927667116
19158.0204418,-1007.0756439517444,2607.0616237365502,-53.18754483208347,2795.3176165734626
19158.0379377,-1034.1053798500163,2317.5818715357027,483.9194652755135,2583.55137684123
19158.0497294,-1479.660058689273,2180.6893381154223,688.822301923704,2723.8348045133157
19158.0672878,-2020.2547766547116,2137.0929898924032,769.9115096185197,3039.9604508424936
19158.0845868,-2228.6453211607436,2089.137006847082,857.9761330290186,3172.9286858921187
19158.0963362,-2161.506944897294,2012.407433974568,1019.2826214541898,3124.2331884086157
19158.1138722,-1985.3776980762962,1881.6183893055104,1237.264362569286,3002.1717921990034
19158.1251953,-1819.711574828823,1716.8241930224976,1485.7635474404956,2909.6956617860073
19158.1423707,-1826.686990544506,1485.7635474404956,1777.8590805347246,2950.4341359480113
19158.1596988,-1624.3999347896968,1174.4856211281383,2122.2702314965763,2919.2674693967406
19158.1713373,-1473.5565699380502,796.9412455167917,2470.16909031627,2984.6640763019473
19158.1889331,-1353.2306488425172,487.40717313335506,2752.6734268014347,3105.802623478727
19158.2013614,-1218.9538963156178,348.77078578415393,3001.1726116726445,3257.994276761935
19158.2187788,-1005.3317900228236,417.6530159765243,3172.9422236713403,3354.5027059970025
19158.2307939,-828.3306162373656,558.9051842191067,3272.341897619824,3421.5096243706926
19158.2476131,-660.9206390609717,613.8365829801108,3302.8593413759377,3423.812388355377
19158.2648217,-606.8611672644278,581.5752852950766,3220.898206716661,3328.7678721758593
19158.276392,-692.3100097815455,436.83540919465275,3106.675774372351,3212.7173376196715
19158.293667,-705.3889142484512,227.57293772416043,3004.660319530486,3094.728840801736
19158.3053911,-434.2196283012716,26.15780893381154,2890.4378871861754,2922.9885556142012
19158.3227503,68.8822301923704,-157.81878056732964,2708.205151613955,2713.6740173359804
19158.3345331,560.6490381480274,-374.92859471796544,2419.5973263775677,2511.8419569962934
19158.351538,939.0653407238344,-565.8805999347898,2048.1564395174437,2323.1464371124134
19158.3682642,1109.0910987936095,-721.9555265731985,1616.5525921095534,2089.14937973064
19158.3795507,966.9670035865666,-953.888099119661,1111.7068796869905,1755.226446362602
19158.396809,570.2402347570917,-1386.3638734920119,551.0578415389632,1597.1360179337198
19158.4140774,473.45634170198895,-1783.9625692859472,-52.31561786762308,1846.4615565952138
19158.4255316,704.5169872839908,-1995.8408216498208,-747.2414085425497,2244.570001888156
19158.4423667,776.0149983697424,-2321.0695793935442,-1754.317052494294,3011.1777746843813
19158.4596389,639.122464949462,-2768.3681121617215,-3114.5231170524944,4215.755421782828
19158.4713785,411.54952722530163,-2739.594522334529,-4767.696641669384,5514.134785000295
19158.4889512,470.8405608086078,-2406.518421910662,-6391.22464949462,6845.492989478959
19158.5010347,1112.578806651451,-2144.0684056080863,-7863.03736550375,8225.704683505537
19158.5186576,1517.1529181610695,-1913.0077600260843,-8229.24669057711,8583.813416039458
19158.5301466,1342.7675252689926,-2042.052950766221,-6801.030322791001,7226.82629735714
19158.5473254,834.4341049885882,-1886.8499510922727,-5187.093511574829,5582.331243425699
19158.5647142,317.38141506358005,-1283.4764916856864,-4874.9436582980115,5051.051231072356
19158.5762139,41.85249429409847,-877.158526247147,-4791.2386697098145,4871.0498561982895
19158.5932835,88.06462341049885,-317.38141506358005,-3747.5420932507336,3761.9885806857897
19158.6046085,133.40482556243887,286.8639713074666,-1856.332507336159,1883.0980227568045
19158.6222794,399.34254972285623,400.2144766873166,122.06977502445386,578.400492171104
19158.6397764,-157.81878056732964,113.35050537985002,1120.4261493315944,1137.1498848769454
19158.651449,-969.5827844799478,301.6867297032931,1559.005412455168,1860.5385066973124
19158.6686183,-1384.620019563091,556.2894033257255,1715.9522660580371,2274.010263437063
19158.6800988,-1249.4713400717314,615.5804369090316,1824.9431366155852,2295.764656023368
19158.6974594,-823.9709814150636,514.436909031627,1933.062080208673,2163.400683537102
19158.714525,-609.4769481578089,504.84571242256277,1951.372546462341,2105.750735194962
19158.7260591,-624.2997065536355,483.9194652755135,1925.2147375285294,2080.956500764141
19158.7431321,-715.8520378219758,397.59869579393546,1853.716726442778,2026.5227767890108
19158.754792,-822.2271274861429,333.076100423867,1732.5188783827846,1946.4374641381175
19158.7717056,-844.0253015976524,311.27792631235735,1572.9562438865341,1812.0331129225988
19158.7888908,-669.6399087055755,268.5535050537985,1484.0196935115748,1650.1069793010633
19158.8011619,-367.08125203782197,286.8639713074666,1454.3741767199217,1527.1685661843935
19158.8178394,-174.38539289207696,271.1692859471797,1455.2461036843822,1490.5315391442755
19158.8344664,-157.81878056732964,182.2327355722204,1481.4039126181938,1500.890765423782
19158.8458857,-307.7902184545158,86.3207694815781,1550.2861428105641,1582.9002553574333
19158.8627928,-474.32826866644933,34.00515161395501,1661.020867297033,1727.7540271660741
19158.8796949,-600.7576785132051,-14.822758395826542,1779.6029344636454,1878.328008312354
19158.8912725,-596.3980436909031,-74.98571894359308,1926.08666449299,2017.7024864190348
19158.9083328,-462.12129116400394,-137.7644603847408,2073.4423214867948,2128.7785687630203
19158.9206768,-165.6661232474731,-294.71131398761,2216.438343658298,2242.074698626897
19158.9372182,153.4591457450277,-578.087577437235,2307.118747962178,2383.3866395947202
19158.9541421,275.5289207694816,-841.4095207042712,2315.8380176067817,2479.312786137541
19158.9656679,306.04636452559504,-878.9023801760678,2062.10727094881,2262.392576017354
19158.9834211,540.5947179654386,-682.7188131724813,1395.955070101076,1645.3079300522056
19158.9948842,856.2322791000978,-536.2350831431366,308.6621454189762,1056.3872870217247
19159.0121248,1094.2683403977828,-501.3580045647212,-1174.4856211281383,1681.7251629724715
19159.0296707,987.0213237691555,-518.7965438539289,-3013.3795891750897,3213.0697931957266
19159.0410333,703.6450603195304,-305.17443756113465,-4937.722399739159,4996.934090533782
19159.058096,907.6759700032605,197.05549396804696,-6483.648907727421,6549.840432628824
19159.0749613,1115.194587544832,768.167655689599,-6933.563221388979,7064.562227083492
19159.0859346,913.7794587544832,1206.7469188131724,-5916.896380828171,6107.445767811961
19159.1035244,80.2172807303554,1460.4776654711445,-4544.483338767525,4774.071495045236
19159.1154151,-542.3385718943593,1348.8710140202152,-3904.488946853603,4166.367491608283
19159.1327737,-857.1042060645582,1365.4376263449626,-3829.5032279100096,4155.0141400560005
19159.14946,-723.6993805021193,1784.8344962504077,-3757.133289859798,4222.01676099436
19159.16149,-330.46031953048583,2194.6401695467885,-3120.626605803717,3829.355025251978
19159.1786474,122.94170198891425,2437.0358656667754,-1879.8745353765896,3080.2900417641663
19159.1902705,237.16413433322467,2261.778545810238,-938.193413759374,2460.1007903179434
19159.2071021,-46.21212911640039,2095.2404955983047,-429.85999347896967,2139.380262895365
19159.2242446,-467.35285295076625,2294.911770459733,-206.6466905771112,2351.1149648799224
19159.2354997,-677.487251385719,2520.7408542549724,-146.48373002934463,2614.303141042288
19159.2527333,-179.61695467883925,2213.8225627649167,-56.67525268992501,2221.8201264014583
19159.2698693,901.5724812520378,1539.8230192370395,343.5392239973916,1817.1150398221787
19159.281434,1196.2837952396478,1316.609716335181,908.5478969677209,1997.5022765908554
19159.2983121,835.3060319530485,1385.4919465275514,1413.3936093902837,2148.256408340295
19159.3097541,442.06697098141507,1456.989957613303,1865.051776980763,2407.62560923367
19159.3268747,164.79419628301272,1477.9162047603522,2223.413759373981,2674.8761056907565
19159.3437111,-126.42940984675579,1506.6897945875448,2410.0061297685033,2845.0356901645746
19159.3551222,-340.0515161395501,1577.315878708836,2404.7745679817413,2895.9456378992345
19159.3722968,-302.5586566677535,1548.5422888816433,2335.0204108249104,2818.1279744093113
19159.3891752,36.62093250733616,1280.860710792305,2395.183371372677,2716.4036216382237
19159.4005243,393.23906097163353,947.7846103684383,2535.563612650799,2735.3273040943154
19159.4177407,545.8262797522009,452.5300945549397,2661.9930224975546,2754.798843104828
19159.4348356,376.6724486468862,10.463123573524618,2640.194848386045,2666.949652312313
19159.4466875,-77.60149983697424,-234.5483534398435,2433.548157808934,2446.0563278987556
19159.4635736,-516.1807629605478,-367.95317900228235,2128.373720247799,2220.7671681267884
19159.4754277,-716.7239647864362,-446.426605803717,1854.5886534072383,2037.765695416303
19159.4920564,-571.1121617215521,-840.5375937398109,1671.4839908705576,1956.1521616409962
19159.5094671,-24.413955004890774,-1547.6703619171828,1638.350766221063,2253.9016889680415
19159.5210488,718.467818715357,-2363.794000652103,1555.5177045973264,2919.4782775975937
19159.5383187,969.5827844799478,-3024.7146397130746,1313.9939354417997,3437.3782873044847
19159.5496253,481.30368438213236,-3277.573459406586,624.2997065536355,3371.037101844064
19159.5671502,-327.8445386371047,-3308.96283012716,-398.47062275839585,3348.954447268399
19159.5841184,-1210.234626671014,-3244.4402347570917,-1560.7492663840887,3798.2888990995207
19159.5954499,-1586.0351483534398,-3109.291555265732,-2498.070753179002,4292.267344346997
19159.6128407,-967.838930551027,-3063.0794261493315,-3029.946201499837,4415.85119205491
19159.6295119,-48.82791000978155,-3123.242386697098,-3084.877600260841,4390.159106393343
19159.6410621,522.2842517117705,-2815.4521682425825,-2650.6579719595697,3901.9917267417163
19159.6589841,340.0515161395501,-2330.6607760026086,-2158.0192370394525,3194.473620779835
19159.6704364,-92.42425823280078,-2064.723051842191,-2026.3582654059342,2894.4345465215415
19159.6881783,-318.25334202804044,-1997.5846755787416,-2137.0929898924032,2942.5832483153804
19159.6999091,-300.8148027388327,-1885.106097163352,-2455.3463319204434,3110.118993348072
19159.7169287,-250.24303880013042,-1281.7326377567656,-2536.435539615259,2852.8872006762185
19159.7337732,-129.04519074013695,-308.6621454189762,-2041.1810238017606,2068.4160493469894
19159.7449004,214.49403325725464,335.69188131724815,-1362.8218454515813,1419.8521443887498
19159.761897,739.3940658624063,325.2287577437235,-1151.8155200521683,1406.8249079857496
19159.7787472,968.7108575154874,238.03606129768505,-1154.4313009455493,1525.7042703451216
19159.7906822,735.9063580045647,93.29618519726117,-1112.578806651451,1337.1963008226844
19159.8075962,286.8639713074666,-161.30648842517118,-1099.4999021845451,1147.6980248071247
19159.824895,-475.2001956309097,-375.8005216824258,-1048.0562112813825,1210.5631251735385
19159.8366533,-1014.0510596674275,-257.2184545158135,-723.6993805021193,1272.0855624899166
19159.8535347,-1200.6434300619499,-215.36596022171503,-306.04636452559504,1257.6134224047066
19159.865241,-1004.4598630583632,-316.50948809911966,126.42940984675579,1060.708380388404
19159.8825189,-801.3008803390936,-411.54952722530163,545.8262797522009,1053.2722543861598
19159.8999934,-784.7342680143463,-280.7604825562439,868.4392566025432,1203.6698311287878
19159.9118844,-853.6164982067166,-129.91711770459733,1097.7560482556244,1396.6416594693044
19159.9292794,-793.4535376589502,-123.81362895337463,1330.5605477665472,1554.1202342196439
19159.9408593,-667.8960547766548,-81.96113465927617,1606.961395500489,1742.161787610363
19159.9583073,-685.3345940658625,-113.35050537985002,1879.8745353765896,2004.110803236846
19159.9695793,-748.9852624714705,-235.4202804043039,2178.073557222041,2315.2550728796546
19159.9861682,-859.7199869579393,-329.58839256602545,2448.3709162047603,2615.7727553834934
19160.0033427,-857.1042060645582,-272.91313987610044,2656.7614607107926,2804.904750805049
19160.0147279,-642.6101728073036,-162.17841538963157,2822.4275839582656,2899.1976716502477
19160.0315665,-282.5043364851647,4.359634822301924,2987.2217802412783,3000.5535607445136
19160.0485339,12.206977502445387,163.92226931855234,3152.015976524291,3156.2991361629
19160.0598012,167.40997717639388,184.84851646560156,3357.7907401369416,3367.0393120733124
19160.0771194,192.69585914574503,51.443690903162704,3591.467166612325,3597.0007723546596
19160.0952707,114.2224323443104,-209.26247147049233,3800.729638082817,3808.1994863475484
19160.106617,-16.56661232474731,-467.35285295076625,3860.0206716661232,3888.24545617878
19160.1242128,-75.85764590805347,-732.4186501467232,3809.448907727421,3879.9603660490015
19160.1357306,-37.49285947179654,-1100.3718291490056,3649.01434626671,3811.4996492399637
19160.1529778,45.340202151940005,-1628.7595696119988,3345.5837626344965,3721.269162844504
19160.1646215,79.34535376589501,-2246.9557874144116,2898.285229866319,3668.1280334007715
19160.1820466,180.48888164329964,-2976.7586566677537,2247.827714378872,3734.4876181309
19160.1989679,374.92859471796544,-3542.6392566025434,1279.1168568633843,3785.102942730973
19160.2107724,386.26364525595045,-3837.3505705901534,-261.57808933811543,3865.6024242123985
19160.2277886,-8.719269644603848,-3288.9085099445715,-2483.2479947831757,4121.106139866289
19160.2453636,-319.9971959569612,-1913.8796869905445,-4557.562243234431,4953.454073941879
19160.2566751,218.85366807955657,-487.40717313335506,-5570.7413759373985,5596.30433036255
19160.2736508,459.5055102706228,263.3219432670362,-4948.1855233126835,4976.446898430266
19160.2847107,160.4345614607108,427.2442125855885,-3601.9302901858496,3630.72701825093
19160.3015038,-291.2236061297685,911.1636778611021,-2703.845516791653,2868.067470492094
19160.3189076,-424.62843169220736,1527.616041734594,-2430.0604499510923,2901.5709307860734
19160.3305807,-233.67642647538312,1950.5006194978807,-2345.483534398435,3059.4689652104817
19160.347805,-235.4202804043039,2251.3154222367134,-2274.857450277144,3209.1775048924824
19160.3643613,-305.17443756113465,2303.6310401043365,-1762.1643951744377,2916.3454462551986
19160.3759491,-142.12409520704273,2234.748809911966,-673.9995435278774,2338.4988532212615
19160.3931576,-201.4151287903489,2226.0295402673623,589.42262797522,2311.5351181882943
19160.4047106,-657.4329312031301,2223.413759373981,1162.278643625693,2593.584093456825
19160.4219276,-1261.6783175741768,2171.098141506358,1356.7183567003588,2854.1520661129616
19160.4400261,-1659.2770133681122,2107.44747310075,1432.5760026084122,3040.856632960528
19160.4515703,-1779.6029344636454,2076.9300293446363,1497.0985979784807,3118.0008279688227
19160.4692437,-1654.0454515813499,1926.9585914574502,1573.8281708509944,2987.6363367138274
19160.4813578,-1390.7235083143137,1650.5577437235083,1651.4296706879688,2717.6594155950233
19160.4986712,-1266.0379523964787,1440.4233452885555,1749.9574176719923,2596.155325519983
19160.5097164,-1242.4959243560484,1341.895598304532,1879.0026084121291,2622.0470478635684
19160.5269779,-1177.9733289859798,1272.1414411477015,1995.8408216498208,2643.7370511175077
19160.5440391,-1143.0962504075644,1207.618845777633,2063.851124877731,2650.3761582145676
19160.5547452,-1156.17515487447,1124.7857841538964,2082.161591131399,2633.871853482348
19160.5723132,-1139.6085425497229,1010.5633518095859,2052.5160743397455,2555.9280415723692
19160.5889966,-993.1248125203782,842.2814476687316,2076.058102380176,2450.6636192649835
19160.6006828,-694.0538637104663,631.2751222693186,2121.398304532116,2319.601218356144
19160.6177727,-500.48607760026084,536.2350831431366,2103.9597652429084,2228.1564289847815
19160.6350899,-461.24936419954355,536.2350831431366,2067.3388327355724,2184.9917367588573
19160.6466906,-447.2985327681774,536.2350831431366,2006.3039452233454,2124.353916471747
19160.6639941,-394.1109879360939,519.6684708183893,1899.9288555591784,2008.7579362783104
19160.6754513,-321.741049885882,464.7370720573851,1746.4697098141507,1835.661814339576
19160.6921839,-251.1149657645908,307.7902184545158,1587.7790022823606,1636.7149124682644
19160.7100804,-112.47857841538963,102.88738180632541,1471.8127160091294,1479.6857487127047
19160.7214737,8.719269644603848,15.694685360286925,1286.0922725790674,1286.2175875019295
19160.7388388,135.14867949135964,-19.182393218128464,980.0459080534724,989.5064990540428
19160.7502614,276.400847733942,-47.95598304532116,561.5209651124878,627.6965821149138
19160.7676034,447.2985327681774,-48.82791000978155,102.01545484186502,461.3754384870094
19160.78483,631.2751222693186,-199.67127486142812,-301.6867297032931,727.5931424085845
19160.7960648,902.4444082164982,-670.5118356700359,-566.7525268992501,1259.047440901856
19160.8133017,1002.7160091294425,-1127.4015650472775,-864.0796217802413,1738.708508235757
19160.8248372,741.137919791327,-1382.8761656341703,-1187.564525595044,1967.7249320175476
19160.8423614,552.801695467884,-1457.8618845777632,-1560.7492663840887,2206.102731410137
19160.8593682,621.6839256602543,-1470.0688620802086,-1970.5549396804695,2535.8785722075186
19160.8706248,848.3849364199543,-1761.2924682099772,-2455.3463319204434,3138.571931403303
19160.8885815,1342.7675252689926,-2428.3165960221713,-3163.351027062276,4207.913477942444
19160.9000836,1449.1426149331594,-2800.629409846756,-4329.11737854581,5355.8189557658925
19160.9172909,1098.6279752200849,-2713.4367134007175,-5534.992370394522,6261.458517461619
19160.9339525,887.6216498206717,-2201.6155852624715,-6615.309879360939,7028.321860762456
19160.9456706,478.6879034887512,-1632.2472774698404,-6387.736941636778,6610.337095739168
19160.9620856,380.16015650472775,-1347.999087055755,-5310.035213563743,5491.6388494313605
19160.9792246,297.3270948809912,-1375.9007499184872,-4770.312422562765,4973.6693581131085
19160.9911635,79.34535376589501,-1069.854385392892,-4448.571372676883,4576.097829910209
19161.008325,-81.96113465927617,-544.9543527877405,-3455.446560156505,3499.1147172269675
19161.0199222,-207.51861754157156,11.335050537985001,-2035.077535050538,2045.662003769058
19161.0371973,-346.1550048907728,313.0217802412781,-767.2957287251386,898.0805407290547
19161.0543362,-437.70733615911314,534.4912292142159,260.70616237365505,738.4011709999037
19161.0658682,-625.1716335180959,745.497554613629,941.6811216172156,1354.0197598635118
19161.082988,-751.6010433648516,852.7445712422563,1299.1711770459733,1726.2453995412393
19161.1001593,-805.6605151613956,838.7937398108901,1459.605738506684,1866.3099194714973
19161.1113439,-678.3591783501794,755.9606781871536,1537.2072383436582,1842.4586333031327
19161.1283405,-549.3139876100424,712.3643299641343,1525.8721878056733,1771.2974705306187
19161.1405064,-461.24936419954355,677.487251385719,1462.2215194000653,1676.2552680189538
19161.1575954,-434.2196283012716,686.2065210303228,1429.0882947505706,1643.6907949184747
19161.1694267,-425.50035865666774,706.2608412129116,1457.8618845777632,1674.877967361309
19161.1867391,-462.9932181284643,727.1870883599609,1459.605738506684,1695.1733520180264
19161.2037789,-644.3540267362243,653.9452233452886,1428.2163677861101,1697.8334606549183
19161.2151321,-722.8274535376589,515.3088359960874,1420.3690251059668,1674.9539968380784
19161.2331241,-656.5610042386697,356.61812846429734,1398.5708509944573,1585.6384414763754
19161.2450373,-571.9840886860125,276.400847733942,1322.7132050864036,1467.3559381581404
19161.2621907,-425.50035865666774,149.97143788718617,1241.6239973915879,1321.0496350620476
19161.2796554,-236.29220736876428,75.85764590805347,1158.7909357678514,1185.0674337452901
19161.2914928,-129.04519074013695,27.029735898271927,1106.4753179002282,1114.3028748945683
19161.3086024,-95.04003912618194,-64.52259537006847,1063.7508966416694,1069.9353926552535
19161.3197515,-95.04003912618194,-69.75415715683079,1008.8194978806652,1015.6845134105193
19161.336917,-40.980567329638085,-70.62608412129117,924.2425823280079,927.8425521850736
19161.3545316,71.49801108575156,-164.79419628301272,787.3500489077275,807.5823129766917
19161.3660391,144.73987610042386,-272.91313987610044,573.7279426149332,651.6095194115584
19161.3825847,90.68040430388001,-418.52494294098466,340.0515161395501,546.8282154546126
19161.3996275,-146.48373002934463,-486.5352461688947,83.70498858819694,514.956846776977
19161.4112741,-277.2727746984024,-510.94920117378547,-132.5328985979785,596.2501547000743
19161.4287649,-87.19269644603848,-418.52494294098466,-410.67760026084125,592.8083885483477
19161.4405134,126.42940984675579,-396.7267688294751,-897.2128464297359,989.1245708092705
19161.4578152,192.69585914574503,-422.0126507988262,-1435.1917835017932,1508.3109185433973
19161.4701711,27.029735898271927,-329.58839256602545,-1980.1461362895338,2007.5701323239882
19161.4870339,-79.34535376589501,-73.24186501467231,-2241.724225627649,2244.323408005394
19161.5044048,-6.103488751222693,146.48373002934463,-2287.064427779589,2291.7588076743646
19161.5160836,-92.42425823280078,385.39171829149006,-2301.8871861754155,2335.755474769592
19161.5333252,-212.75017932833387,709.7485490707531,-2378.6167590479295,2491.349700089482
19161.5496106,-304.30251059667427,1009.6914248451255,-2406.518421910662,2627.4336730651453
19161.561245,-340.92344310401046,1293.0676882947505,-2318.453798500163,2676.467981566314
19161.5788977,-230.18871861754158,1462.2215194000653,-1906.9042712748615,2413.993064982112
19161.5908068,-68.8822301923704,1676.71555265732,-1253.8309748940333,2094.805938449416
19161.6080266,-36.62093250733616,1878.1306814476688,-697.5415715683079,2003.816407098908
19161.6195021,-231.06064558200197,1986.2496250407564,-458.6335833061624,2051.5655872156676
19161.6364626,-319.1252689925008,2192.024388653407,-283.37626344962507,2233.184713463611
19161.6537465,-242.39569611998695,2432.6762308444736,-188.3362243234431,2451.9665273012147
19161.6650637,53.18754483208347,2355.0747310074994,-43.59634822301924,2356.0786372983594
19161.6823215,562.3928920769482,2119.6544506031955,217.1098141506358,2203.71446118165
19161.6993935,806.5324421258559,1914.7516139550048,524.9000326051516,2142.962521271355
19161.711195,744.6256276491686,1853.716726442778,812.6359308770786,2156.643267533623
19161.7280192,379.28822954026737,1905.1604173459407,1007.0756439517444,2188.0806953881684
19161.7449996,15.694685360286925,1861.5640691229214,1155.3032279100098,2190.979839025758
19161.7567251,27.901662862732312,1378.5165308118683,1341.895598304532,1923.9984733001147
19161.7738907,84.57691555265733,904.188262145419,1555.5177045973264,1801.2065393401417
19161.7853059,-245.8834039778285,783.8623410498859,1662.7647212259537,1854.6388694895713
19161.8027629,-561.5209651124878,733.2905771111836,1715.0803390935769,1947.9531396535829
19161.8200068,-760.3203130094555,733.2905771111836,1749.0854907075318,2043.3066589864713
19161.8313563,-971.3266384088686,794.3254646234105,1716.8241930224976,2126.4791774149166
19161.8481196,-1199.7715030974894,735.9063580045647,1641.8384740789045,2162.5548322209306
19161.8606934,-1200.6434300619499,135.14867949135964,1634.8630583632214,2032.8765410914477
19161.8778979,-852.7445712422563,-756.832605151614,1661.8927942614932,2015.4048118484761
19161.8952335,-599.0138245842843,-1116.9384414737528,1694.1540919465276,2115.78050169295
19161.9062847,-677.487251385719,-1181.4610368438214,1678.4594065862407,2161.4960413861713
19161.9233971,-737.6502119334855,-1215.4661884577763,1575.5720247799152,2122.2424686445875
19161.9354091,-582.447212259537,-1277.3730029344636,1428.2163677861101,2002.680338173535
19161.9525654,-242.39569611998695,-1327.944766873166,1232.0328007825237,1827.593444825011
19161.9702055,100.27160091294425,-1314.8658624062602,988.7651776980763,1648.2060571115833
19161.9822896,337.4357352461689,-1244.2397782849691,674.8714704923378,1455.1450109773398
19162.0000023,496.1264427779589,-1291.3238343658297,297.3270948809912,1414.942434792013
19162.0115997,687.9503749592436,-1525.000260841213,-40.1086403651777,1673.4725026137344
19162.0285565,749.8571894359309,-1756.0609064232149,-313.8937072057385,1935.0878458199354
19162.0410265,725.4432344310401,-2002.8162373655039,-610.3488751222693,2215.866989780682
19162.0583478,577.2156504727747,-2172.841995435279,-1009.6914248451255,2464.5277473957667
19162.070193,360.1058363221389,-2330.6607760026086,-1458.7338115422237,2773.005625505807
19162.0870196,174.38539289207696,-2433.548157808934,-1826.686990544506,3047.8438711741655
19162.1043106,24.413955004890774,-2423.9569611998695,-2152.78767525269,3242.0145227417115
19162.1159776,25.28588196935116,-2436.163938702315,-2491.96726442778,3485.030123118051
19162.1330571,54.93139876100424,-2350.715096185197,-2754.4172807303553,3621.5595367726355
19162.1451809,317.38141506358005,-2270.497815454842,-2711.6928594717965,3550.939235853424
19162.1627088,571.9840886860125,-2283.5767199217476,-2514.6373655037496,3444.6029544007206
19162.1799866,388.8794261493316,-2159.763090968373,-2295.783697424193,3175.9135067804027
19162.1916597,-45.340202151940005,-1909.5200521682427,-1947.0129116400392,2727.486359573006
19162.208458,-405.44603847407893,-1727.2873165960223,-1504.0740136941638,2325.9721844548967
19162.2251444,-624.2997065536355,-1629.631496576459,-1122.1700032605152,2074.78057983361
19162.2370695,-767.2957287251386,-1541.5668731659603,-879.7743071405282,1933.6943893146906
19162.2547469,-845.7691555265732,-1195.4118682751875,-565.0086729703294,1569.5763121890568
19162.2673705,-733.2905771111836,-734.1625040756439,40.980567329638085,1038.4551313221634
19162.2851611,-496.9983697424193,-487.40717313335506,608.6050211933485,924.647610590233
19162.296332,-365.3373981089012,-331.3322464949462,980.9178350179328,1097.9309045111345
19162.3134961,-509.2053472448647,-163.05034235409195,1209.3626997065537,1322.2834942802824
19162.3246355,-835.3060319530485,-73.24186501467231,1348.8710140202152,1588.2548757274126
19162.3415773,-1141.3523964786436,-112.47857841538963,1438.6794913596348,1839.8737463230207
19162.3585869,-1359.3341375937398,-217.98174111509618,1526.7441147701338,2055.785234180002
19162.3705053,-1424.7286599282686,-355.74620149983696,1600.8579067492665,2172.3611927817633
19162.3875849,-1286.964199543528,-469.096706879687,1737.750440169547,2212.7144333649417
19162.3995121,-1055.0316269970656,-424.62843169220736,1885.9780241278122,2202.3428766789484
19162.4165774,-857.9761330290186,-291.2236061297685,2056.8757091620478,2247.592471191237
19162.4338553,-672.2556895989567,-151.71529181610694,2270.497815454842,2372.784350073606
19162.4451591,-562.3928920769482,-25.28588196935116,2473.6567981741114,2536.9081765090828
19162.4623587,-580.7033583306162,13.950831431366156,2622.7563090968374,2686.3100478130496
19162.4796422,-632.147049233779,-88.93655037495924,2750.9295728725137,2824.0278179848233
19162.4918482,-580.7033583306162,-156.94685360286925,2851.201173785458,2913.9658266060483
19162.5099089,-422.8845777632866,-149.09951092272578,2893.925595044017,2928.4581915947333
19162.5215957,-121.19784805999348,-147.355656993805,2925.314965764591,2931.530360911983
19162.5397797,152.58721878056733,-212.75017932833387,2951.472774698402,2963.0621049727106
19162.5512553,204.90283664819043,-356.61812846429734,2968.0393870231496,2996.401085458455
19162.5678617,136.02060645582003,-463.8651450929247,2894.7975220084772,2934.8807763926475
19162.5796149,96.78389305510271,-544.0824258232801,2736.9787414411476,2792.2115677622664
19162.5970713,254.60267362243235,-685.3345940658625,2501.5584610368437,2606.204282327871
19162.6149738,594.6541897619824,-1014.0510596674275,2152.78767525269,2452.836711184418
19162.6267134,1029.7457450277143,-1545.926507988262,1674.9716987283991,2501.1587832531873
19162.6440808,1198.899576133029,-2096.112422562765,972.198565373329,2603.1168879226034
19162.6551022,830.0744701662862,-2534.6916856863386,-12.206977502445387,2667.1772677887457
19162.6721561,348.77078578415393,-2925.314965764591,-1299.1711770459733,3219.7755290097175
19162.6896341,253.73074665797196,-2933.162308444734,-2706.4612976850344,3999.094044323966
19162.7010415,478.6879034887512,-2353.3308770785784,-3979.474665797196,4647.959438471854
19162.7181755,1155.3032279100098,-1511.9213563743072,-4841.810433648517,5202.284114854518
19162.7295218,1644.4542549722858,-868.4392566025432,-4890.638343658298,5232.280568506014
19162.7466831,899.8286273231171,-542.3385718943593,-4483.448451255298,4604.903115178228
19162.764139,-596.3980436909031,125.5574828822954,-4251.515878708836,4294.97876303707
19162.775195,-1139.6085425497229,790.837756765569,-4523.557091620476,4731.458628047824
19162.7921232,-857.1042060645582,1542.4388001304205,-4894.126051516139,5202.520050930153
19162.8094814,-639.122464949462,2371.6413433322464,-4113.7514183240955,4791.253585270703
19162.8208767,-708.8766221062928,2566.9529833713727,-2056.003782197587,3364.358071998104
19162.8385287,-848.3849364199543,2088.2650798826216,-139.50831431366157,2258.3335922675597
19162.8503912,-1202.3872839908706,1837.1501141180306,1171.869840234757,2488.8018492758056
19162.867636,-1537.2072383436582,2101.343984349527,1624.3999347896968,3068.766491983848
19162.8852562,-1510.1775024453864,2276.6013042060645,1681.0751874796217,3207.734928756518
19162.8968594,-1266.9098793609392,2153.65960221715,1605.2175415715683,2969.8541513706614
19162.9145762,-1039.3369416367786,2024.6144114770134,1556.3896315617867,2757.1059969911094
19162.9263977,-956.5038800130421,1818.8396478643626,1585.1632213889795,2595.3457911360574
19162.9436434,-831.818324095207,1450.01454189762,1628.7595696119988,2333.949792008771
19162.9554143,-851.0007173133355,1240.7520704271276,1672.3559178350179,2249.5426728681587
19162.9729386,-1032.3615259210956,1259.934463645256,1698.5137267688294,2353.3282926326556
19162.9846962,-1144.8401043364852,1292.1957613302902,1746.4697098141507,2455.7249840720083
19163.0026769,-1069.854385392892,1249.4713400717314,1810.1203782197588,2445.874653217432
19163.020316,-947.7846103684383,1172.7417671992175,1865.9237039452235,2399.0185887419584
19163.0321833,-851.8726442777959,1092.524486468862,1960.9637430714054,2400.9738768348793
19163.0498974,-780.3746331920444,992.2528855559178,2062.10727094881,2417.816526108549
19163.0614234,-785.6061949788067,829.2025432018258,2141.452624714705,2427.050328101779
19163.0789786,-789.0939028366482,755.9606781871536,2144.9403325725466,2407.2629197400897
19163.0905517,-798.6850994457125,744.6256276491686,2087.393152918161,2355.753677335164
19163.1073188,-781.2465601565048,688.822301923704,2017.6389957613303,2270.614337266598
19163.124602,-719.3397456798174,544.9543527877405,1963.5795239647864,2161.0343503218055
19163.1358127,-806.5324421258559,396.7267688294751,1896.4411477013368,2098.660462295446
19163.1527194,-989.6371046625367,179.61695467883925,1885.9780241278122,2137.418292432718
19163.1696191,-1059.3912618193674,-101.14352787740464,1942.6532768177372,2215.0488962506925
19163.1815592,-1005.3317900228236,-210.13439843495271,1993.2250407564395,2242.27441151493
19163.1986318,-757.7045321160743,-259.83423540919466,2036.8213889794588,2188.668855373999
19163.2097133,-408.9337463319205,-330.46031953048583,2027.2301923703947,2094.300141940347
19163.2266662,-119.45399413107272,-425.50035865666774,1925.2147375285294,1975.2902565263323
19163.2437942,79.34535376589501,-533.6193022497555,1687.1786762308445,1771.3320215097494
19163.2549011,200.5432018258885,-672.2556895989567,1302.6588849038149,1479.5490726622074
19163.2720938,274.6569938050212,-856.2322791000978,720.2116726442778,1152.0742308688393
19163.2896653,461.24936419954355,-1096.884121291164,6.103488751222693,1189.934033503584
19163.3010025,706.2608412129116,-1456.989957613303,-907.6759700032605,1856.2057480080553
19163.3179896,854.488425171177,-1886.8499510922727,-2022.8705575480926,2895.230301596638
19163.3351537,680.1030322791001,-2233.0049559830454,-3533.048059993479,4234.5341966010565
19163.3467639,482.17561134659275,-2347.2273883273556,-5344.040365177698,5856.683119082003
19163.3644675,789.9658298011086,-2283.5767199217476,-7053.017215520053,7455.455753369082
19163.3763,1902.5446364525596,-2433.548157808934,-8376.602347570917,8928.006475098473
19163.3929777,2942.7535050537986,-2417.853472448647,-8980.847733941962,9755.072507469582
19163.4099008,2086.5212259537007,-2070.826540593414,-8062.708640365177,8581.909112021678
19163.4214636,258.9623084447343,-1082.0613628953374,-6048.557352461689,6150.0377491755535
19163.4386967,-219.72559504401696,-556.2894033257255,-4611.621715030975,4650.246453674812
19163.4496625,109.86279752200848,-613.8365829801108,-3981.218519726117,4029.760053240673
19163.4664958,306.04636452559504,-511.82112813824585,-3691.738767525269,3739.5936105540977
19163.4832837,279.01662862732314,-115.09435930877079,-2788.4224323443104,2804.7097268338152
19163.4948927,98.52774698402348,309.5340723834366,-1267.7818063253994,1308.7359425574416
19163.5122661,-333.076100423867,435.96348223019237,356.61812846429734,654.354900693212
19163.5293166,-776.8869253342028,351.38656667753503,1718.5680469514184,1918.4634335840415
19163.5413862,-1155.3032279100098,288.6078252363873,2462.3217476361265,2735.150528597794
19163.5585244,-1347.999087055755,352.2584936419954,2756.1611346592763,3088.302411560822
19163.5702948,-1341.895598304532,422.0126507988262,2713.4367134007175,3056.389581158498
19163.5878696,-1280.860710792305,372.3128138245843,2580.903814802739,2905.2169442319932
19163.5995128,-1205.8749918487122,248.49918487120965,2493.7111183567004,2781.093576754226
19163.6165046,-1119.5542223671341,202.28705575480927,2490.223410498859,2737.7973526071273
19163.6338895,-995.7405934137594,212.75017932833387,2516.3812194326706,2714.578495768667
19163.6451936,-919.8829475057059,284.24819041408546,2542.539028366482,2718.728817229155
19163.6619756,-959.1196609064232,340.92344310401046,2536.435539615259,2733.065049467081
19163.6790947,-1049.8000652103033,291.2236061297685,2457.0901858493644,2687.7841332741077
19163.6907607,-1024.514183240952,163.92226931855234,2343.739680469514,2563.1261209405516
19163.7083353,-820.4832735572221,-20.926247147049235,2273.9855233126837,2417.569206918903
19163.7199437,-457.761656341702,-275.5289207694816,2290.5521356374306,2352.039754398358
19163.736739,-218.85366807955657,-417.6530159765243,2324.557287251386,2371.8974580490794
19163.7536892,-174.38539289207696,-489.15102706227583,2346.3554613628953,2403.1360643121498
19163.7663031,-193.56778611020542,-423.756504727747,2277.473231170525,2324.6338167154404
19163.7831525,-121.19784805999348,-317.38141506358005,2085.6492989892404,2113.138159083888
19163.80032,158.69070753179003,-428.9880665145093,1832.7904792957288,1889.003558193013
19163.8117384,391.49520704271276,-546.6982067166613,1511.0494294098469,1653.9098537962866
19163.829274,437.70733615911314,-691.4380828170852,1130.0173459406587,1395.2109290799165
19163.8404115,362.72161721552004,-861.4638408868601,710.6204760352135,1174.1671012728543
19163.8574624,535.3631561786763,-957.3758069775024,189.2081512879035,1113.0956245054617
19163.8748294,584.1910661884577,-851.8726442777959,-591.1664819041408,1190.1445345882028
19163.8864614,423.756504727747,-760.3203130094555,-1499.7143788718618,1734.0126216002257
19163.9038035,532.7473752852951,-771.6553635474405,-2329.788849038148,2511.4115248336743
19163.9153398,659.1767851320509,-605.9892402999674,-3037.7935441799805,3167.005937865909
19163.9324858,562.3928920769482,-413.2933811542224,-3781.5472448646888,3845.412429000078
19163.9499024,293.83938702314964,71.49801108575156,-4575.8727094881,4585.854839001484
19163.9610288,27.901662862732312,782.9904140854255,-5213.251320508641,5271.7968305052555
19163.9789258,-69.75415715683079,1258.1906097163353,-5488.780241278122,5631.573296145949
19163.9910921,-504.84571242256277,1698.5137267688294,-5573.35715683078,5848.258550284047
19164.0083613,-1147.4558852298665,1952.2444734268015,-5124.314770133681,5602.366942282908
19164.0197537,-1150.9435930877078,1964.451450929247,-4209.663384414737,4785.917515754926
19164.0364482,-709.7485490707531,1981.8899902184546,-3247.056015650473,3869.7549928914195
19164.0535907,-22.670101075970003,2040.3090968373003,-2460.577893707206,3196.532295335122
19164.065237,115.96628627323118,2360.3062927942615,-2116.166742745354,3172.168920227559
19164.082355,-63.65066840560809,2927.930746657972,-1981.8899902184546,3536.2010404022135
19164.0988103,-199.67127486142812,3117.1388979458757,-1856.332507336159,3633.5098602982994
19164.1106606,196.18356700358657,2573.0564721225956,-1465.7092272579068,2967.728279267359
19164.127629,211.0063253994131,2416.9815454841864,-727.1870883599609,2532.8096103037683
19164.1449978,211.8782523638735,2424.82888816433,175.25731985653735,2440.3693693505347
19164.1571691,196.18356700358657,2475.4006521030324,881.518161069449,2634.989686638191
19164.1743617,18.31046625366808,2661.9930224975546,1341.895598304532,2981.1450688869822
19164.1858494,-178.74502771437886,2724.7717639387024,1549.4142158461036,3139.5884065839327
19164.2030759,298.19902184545157,2005.432018258885,1797.9134007173134,2709.8289305722574
19164.2146904,584.1910661884577,1275.6291490055428,2094.368568633844,2520.890443650495
19164.2317408,-90.68040430388001,1075.9578741441148,2360.3062927942615,2595.5643082885904
19164.2492466,-711.4924029996739,945.1688294750571,2634.9632865992826,2888.3554278280217
19164.2606157,-841.4095207042712,642.6101728073036,2984.605999347897,3166.8266114630724
19164.2785465,-758.5764590805347,441.1950440169547,3228.7455493968046,3345.8764373308763
19164.2898189,-689.6942288881644,526.6438865340724,3329.017150309749,3440.259743048742
19164.3065717,-641.7382458428432,647.8417345940659,3306.347049233779,3429.7897456310957
19164.3235505,-539.7227910009782,363.5935441799804,3229.6174763612653,3294.530315555368
19164.3351421,-254.60267362243235,-284.24819041408546,3187.764982067167,3210.524121707086
19164.3519952,-128.17326377567656,-794.3254646234105,3069.1829149005544,3172.895380313314
19164.3689105,-453.4020215194001,-1123.0419302249757,2845.9696119986957,3092.9499838473503
19164.3807315,-917.2671666123248,-1341.895598304532,2551.2582980110856,3025.0589671714665
19164.3980428,-1334.920182588849,-1409.9059015324422,2143.1964786436256,2891.9090046420015
19164.4151908,-1470.9407890446691,-1487.5074013694164,1646.1981089012065,2662.0130141969735
19164.4271566,-1216.3381154222368,-1736.8785132050864,1204.1311379197914,2438.4743545853507
19164.4442848,-776.8869253342028,-2052.5160743397455,851.0007173133355,2353.8431874375324
19164.4563108,-361.84969025105966,-2243.46807955657,565.0086729703294,2341.6487829851267
19164.4747411,-112.47857841538963,-2362.0501467231825,272.91313987610044,2380.4230523489696
19164.486056,-140.38024127812196,-2459.705966742745,-172.6415389631562,2469.7500189182574
19164.5037525,-265.065797195957,-2449.2428431692206,-780.3746331920444,2584.1894183260624
19164.5159181,-374.92859471796544,-2381.2325399413107,-1491.8670361917184,2834.873385900682
19164.5330306,-304.30251059667427,-2315.8380176067817,-2078.6738832735573,3126.7540444927736
19164.5448647,0.8719269644603848,-2280.9609390283667,-2442.2674274535375,3341.774042754884
19164.5618459,265.065797195957,-2348.9712422562766,-2671.584219106619,3567.252165682943
19164.5788598,210.13439843495271,-2310.6064558200196,-2765.7523312683406,3610.047730570752
19164.5907345,-111.60665145092925,-2202.487512226932,-2798.013628953375,3562.6236896383684
19164.6082274,-210.13439843495271,-2053.388001304206,-2947.1131398761004,3598.0598394879526
19164.6248926,-91.5523312683404,-1847.6132376915552,-3215.666644929899,3709.7935895098603
19164.6369053,71.49801108575156,-1599.1140528203457,-3328.1452233452887,3693.078437725469
19164.6542039,17.438539289207696,-1054.159700032605,-3065.695207042713,3241.9197828308515
19164.6659393,-160.4345614607108,-701.9012063906097,-2691.6385392892075,2786.2739596512442
19164.6825759,-253.73074665797196,-604.2453863710466,-2262.6504727746983,2355.6483058168665
19164.6998965,-406.3179654385393,-445.5546788392566,-1765.6521030322792,1865.7815010916947
19164.7112511,-605.9892402999674,-257.2184545158135,-1187.564525595044,1357.8268649406732
19164.7287514,-747.2414085425497,166.5380502119335,-460.37743723508316,893.3375787036999
19164.7402005,-781.2465601565048,504.84571242256277,423.756504727747,1022.147228341834
19164.7575985,-682.7188131724813,439.4511900880339,1073.3420932507336,1345.8401002620249
19164.7699195,-540.5947179654386,182.2327355722204,1413.3936093902837,1524.1827036387601
19164.7872957,-629.5312683403978,49.69983697424193,1463.965373328986,1594.357019591225
19164.8040164,-1044.568503423541,-14.822758395826542,1511.0494294098469,1837.0120986620586
19164.8151025,-1213.7223345288555,-17.438539289207696,1638.350766221063,2039.024090383402
19164.833127,-1266.9098793609392,-75.85764590805347,1770.011737854581,2178.0166613247143
19164.8452089,-1237.264362569286,-139.50831431366157,1929.5743723508315,2296.4195895087914
19164.8620975,-1073.3420932507336,-141.25216824258234,2077.801956309097,2342.9204838873657
19164.8791394,-879.7743071405282,-29.645516791653083,2179.817411150962,2350.847854312848
19164.8912773,-723.6993805021193,13.950831431366156,2209.462927942615,2325.0079245003726
19164.908188,-490.0229540267362,-46.21212911640039,2191.152461688947,2245.7531401995393
19164.9248317,-466.48092598630586,6.975415715683078,2185.048972937724,2234.2990231546114
19164.9366665,-419.39686990544504,54.05947179654385,2249.571568307793,2288.971035621943
19164.9539406,-457.761656341702,95.91196609064232,2272.2416693837627,2319.8765146748606
19164.9654377,-406.3179654385393,141.25216824258234,2318.453798500163,2358.023426484813
19164.9833727,-337.4357352461689,104.63123573524616,2403.902641017281,2429.7239510698464
19164.99477,-244.13955004890772,-29.645516791653083,2482.3760678187155,2494.52879691597
19165.0115788,-149.97143788718617,-162.17841538963157,2471.912944245191,2481.7628562228037
19165.0290665,-33.13322464949462,-292.96746005868926,2403.902641017281,2421.915698516109
19165.0405967,95.91196609064232,-324.35683077926313,2254.803130094555,2280.0314941677325
19165.0582161,167.40997717639388,-372.3128138245843,2072.5703945223345,2112.3898721700607
19165.0699725,354.0023475709162,-504.84571242256277,1886.8499510922727,1985.0414588552242
19165.0872057,600.7576785132051,-747.2414085425497,1586.9070753179003,1854.0640702595047
19165.1046329,935.5776328659929,-1140.4804695141834,987.0213237691555,1774.8837432455803
19165.1162344,1075.9578741441148,-1612.1929572872514,123.81362895337463,1942.2104142378446
19165.1329793,1065.4947505705902,-1981.8899902184546,-920.7548744701663,2431.245881370735
19165.1446017,1025.3861102054125,-2240.852298663189,-2174.5858493641995,3286.5877921761503
19165.1618775,987.0213237691555,-2208.5910009781546,-3492.9394196283015,4248.848207734655
19165.1786579,1000.1002282360613,-1894.697293772416,-4561.9218780567335,5039.96126205738
19165.1903565,1157.9190088033909,-1427.3444408216499,-5160.063775676557,5477.622363100811
19165.2075141,982.6616889468536,-928.6022171503098,-5036.250146723182,5214.570127344116
19165.224825,518.7965438539289,-195.3116400391262,-4385.792631235735,4420.686993539717
19165.2363971,-4.359634822301924,539.7227910009782,-3764.108705575481,3802.60884721671
19165.2532485,-599.0138245842843,1171.869840234757,-3601.058363221389,3834.0211032050456
19165.2645086,-1038.4650146723181,1722.05575480926,-3322.041734594066,3883.277854564983
19165.2815998,-1335.7921095533095,2078.6738832735573,-2682.0473426801436,3646.725054254306
19165.298683,-1273.0133681121617,2069.082686664493,-1622.656080860776,2921.4172855656
19165.309636,-960.863514835344,1879.8745353765896,-359.2339093576785,2141.5498977449674
19165.326811,-854.488425171177,1782.2187153570264,602.5015324421258,2066.267677411491
19165.3439811,-1054.159700032605,1797.0414737528529,1003.5879360939028,2312.5309677999726
19165.3555235,-1387.2358004564721,1968.8110857515487,1162.278643625693,2674.234825679054
19165.3725031,-1477.0442777958917,2070.826540593414,1223.3135311379199,2822.4950585006877
19165.389845,-1372.4130420606457,2080.417737202478,1300.915030974894,2811.4116449038984
19165.4017134,-1234.6485816759048,1858.0763612650799,1406.4181936746006,2637.1987069664146
19165.4188439,-993.1248125203782,1445.6549070753179,1571.2123899576134,2354.766098352636
19165.4303677,-891.9812846429736,1321.8412781219433,1838.0220410824911,2433.355707701903
19165.4473621,-984.4055428757744,1253.8309748940333,2113.5509618519727,2647.3088325304375
19165.4644787,-1109.9630257580698,1154.4313009455493,2409.134202804043,2892.863141296718
19165.4767653,-1188.4364525595045,1077.7017280730356,2724.7717639387024,3161.9935771632195
19165.4940941,-1232.904727746984,1034.1053798500163,3037.7935441799805,3437.6761949603656
19165.5062341,-1274.7572220410825,987.8932507336159,3332.5048581675906,3702.232796529889
19165.5239754,-1247.7274861428107,914.6513857189436,3580.1321160743396,3900.097050795117
19165.5358915,-1131.7611998695795,784.7342680143463,3696.9703293120315,3945.159173054967
19165.5537726,-1022.7703293120313,676.6153244212586,3567.9251385718944,3772.7917035288338
19165.5653651,-985.2774698402347,639.122464949462,3203.4596674274535,3411.9500375316547
19165.5824328,-894.5970655363548,634.7628301271601,2809.3486794913597,3015.9024790495373
19165.5992705,-760.3203130094555,623.4277795891751,2481.504140854255,2669.1968784289966
19165.6103568,-582.447212259537,484.7913922399739,2254.803130094555,2378.7401296785406
19165.6273985,-360.1058363221389,228.4448646886208,2145.812259537007,2187.778216075657
19165.6440157,-139.50831431366157,-54.93139876100424,1982.7619171829149,1988.4227036933942
19165.6557537,66.26644929898924,-276.400847733942,1705.4891424845125,1729.011823575332
19165.6724444,245.0114770133681,-392.36713400717315,1316.609716335181,1395.5084151897763
19165.6895444,398.47062275839585,-460.37743723508316,869.3111835670036,1061.3331973472193
19165.7016066,634.7628301271601,-619.0681447668732,437.70733615911314,988.8159234678853
19165.7190273,898.9567003586567,-918.1390935767852,20.926247147049235,1285.1227381434755
19165.7313556,1138.7366155852626,-1377.644603847408,-458.6335833061624,1845.2562147085998
19165.7486582,1223.3135311379199,-1843.2536028692534,-1004.4598630583632,2429.613026070373
19165.7605298,1200.6434300619499,-2135.3491359634822,-1707.2329964134333,2985.951286048335
19165.7777168,1276.5010759700033,-2281.832865992827,-2673.3280730355395,3739.3714995113187
19165.7944096,965.2231496576459,-2335.8923377893707,-4068.4112161721555,4789.573944126295
19165.80663,293.83938702314964,-2239.9803716987285,-5773.028431692207,6199.331490095387
19165.8239517,-2.6157808933811544,-2171.098141506358,-7538.680534724486,7845.086244713688
19165.8355949,1008.8194978806652,-2035.9494620149985,-9139.538441473753,9417.74760302907
19165.8532274,1858.9482882295404,-1598.2421258558852,-9260.736289533746,9579.733986675159
19165.8649389,1567.7246820997718,-1149.199739158787,-6691.167525268993,6967.7933071067655
19165.8822437,1776.1152266058039,-856.2322791000978,-5158.319921747636,5522.316853373452
19165.8991478,1120.4261493315944,-1334.920182588849,-5752.9741115096185,6011.1627641987
19165.9111031,86.3207694815781,-1301.7869579393544,-6144.469318552331,6281.449177199146
19165.9288279,-664.4083469188132,-539.7227910009782,-4822.628040430388,4898.007794902609
19165.9404089,123.81362895337463,117.71014020215195,-2362.0501467231825,2368.2200884748913
19165.9582433,816.9955656993806,264.1938702314966,-95.91196609064232,863.9903128390504
19165.9704219,751.6010433648516,6.103488751222693,1051.543919139224,1292.5501904532562
19165.9877692,119.45399413107272,74.1137919791327,1516.2809911966092,1522.7836862599902
19165.9998097,-494.38258884903814,95.04003912618194,1751.701271600913,1822.6091457365287
19166.0165007,-747.2414085425497,95.04003912618194,1952.2444734268015,2092.524985681951
19166.0342344,-765.5518747962178,183.97658950114118,2126.6298663188786,2267.701842572768
19166.0465765,-584.1910661884577,247.62725790674926,2287.93635474405,2374.2896251368143
19166.0643427,-350.5146397130747,273.78506684056083,2317.5818715357027,2359.8738328031454
19166.0755344,-217.98174111509618,261.57808933811543,2290.5521356374306,2315.721965684685
19166.0922256,-333.076100423867,256.3465275513531,2280.9609390283667,2319.3611267403735
19166.1095681,-726.3151613955005,222.3413759373981,2262.6504727746983,2386.7460198090357
19166.1210991,-1131.7611998695795,186.59237039452233,2244.3400065210303,2520.468645131396
19166.1384737,-1254.7029018584938,248.49918487120965,2267.0101075970006,2602.9533312683006
19166.1501689,-1046.3123573524617,366.2093250733616,2354.2028040430387,2602.143282273914
19166.1672715,-739.3940658624063,455.14587544832085,2508.533876752527,2654.5439464030765
19166.1841545,-162.17841538963157,429.85999347896967,2615.7808933811543,2655.8221202840264
19166.1957281,276.400847733942,227.57293772416043,2707.3332246494947,2730.9046229964674
19166.2126345,527.5158134985328,37.49285947179654,2714.308640365178,2765.3480871607194
19166.2246726,452.5300945549397,-100.27160091294425,2667.224584284317,2707.1987114798567
19166.2422869,309.5340723834366,-193.56778611020542,2598.3423540919466,2623.8641006831813
19166.2601602,67.13837626344963,-217.98174111509618,2354.2028040430387,2365.2260872041315
19166.272118,-272.04121291164006,-141.25216824258234,1933.9340071731333,1958.0754175098568
19166.2891425,-281.6324095207043,-367.95317900228235,1423.8567329638083,1497.3557867242819
19166.3003963,-95.91196609064232,-775.1430714052821,780.3746331920444,1104.0971218677298
19166.317557,277.2727746984024,-1195.4118682751875,117.71014020215195,1232.779543758143
19166.3346,493.51066188457776,-1543.310727094881,-558.0332572546463,1713.6983077432603
19166.3455876,626.0435604825562,-1559.005412455168,-1388.979654385393,2179.8378141464445
19166.3622887,330.46031953048583,-998.3563743071405,-2588.7511574828823,2794.199711594154
19166.3790338,-203.15898271926966,-332.2041734594066,-4024.814867949136,4043.608278059065
19166.3902007,-216.2378871861754,34.87707857841539,-5180.9900228236065,5185.617885176525
19166.4070286,-104.63123573524616,287.73589827192694,-5516.681904140854,5525.17138866488
19166.423729,-360.1058363221389,822.2271274861429,-4943.825888490382,5024.6540257250645
19166.43477,-1026.2580371698728,1531.1037495924356,-4267.210564069123,4648.286807951388
19166.4518039,-1462.2215194000653,2109.191327029671,-3608.033778937072,4427.718100304574
19166.4687643,-1335.7921095533095,2308.8626018910986,-2968.0393870231496,3990.5444336928476
19166.4801916,-826.5867623084448,2370.769416367786,-2407.3903488751225,3478.407910677742
19166.49716,-483.9194652755135,2482.3760678187155,-1947.0129116400392,3191.7437661950044
19166.5142492,-550.1859145745028,2552.1302249755463,-1612.1929572872514,3068.4262020385186
19166.5253884,-559.7771111835671,2627.9878708835995,-1268.65373328986,2971.389062157063
19166.542569,-310.40599934789697,2592.238865340724,-904.188262145419,2762.8989545069658
19166.5594281,-247.62725790674926,2772.7277469840237,-564.136746005869,2840.350099186297
19166.5708987,-197.92742093250735,2897.4133029018585,-77.60149983697424,2905.202420583908
19166.588117,54.05947179654385,2619.268601238996,485.6633192044343,2664.4622893837463
19166.5995487,41.85249429409847,2260.9066188457778,959.1196609064232,2456.290067226698
19166.6164667,-146.48373002934463,1984.5057711118357,1382.0042386697098,2422.737368028267
19166.6340019,-466.48092598630586,1848.4851646560157,1804.8888164329965,2625.2857935751153
19166.645862,-696.6696446038475,1842.381675904793,2227.773394196283,2973.6666136793197
19166.6633766,-796.0693185523313,1865.9237039452235,2556.489859797848,3263.5928104060804
19166.6749527,-530.131594391914,1675.8436256928594,2799.7574828822953,3305.7727278358548
19166.6921297,40.980567329638085,1245.98363221389,2953.216628627323,3205.5643924657807
19166.7101976,299.94287577437234,712.3643299641343,3048.256667753505,3144.7253266122866
19166.7219444,211.0063253994131,309.5340723834366,3146.7844147375286,3169.0041281386566
19166.7388039,-22.670101075970003,240.65184219106618,3126.7300945549396,3136.05936277174
19166.7506236,-306.9182914900554,359.2339093576785,2980.2463645255953,3017.468513928787
19166.7678762,-445.5546788392566,449.04238669709815,2783.1908705575484,2854.1740414419482
19166.7853909,-592.9103358330616,285.12011737854584,2518.9970003260514,2603.49419729011
19166.7966392,-551.0578415389632,-362.72161721552004,2272.2416693837627,2366.0756370836775
19166.8137288,-313.0217802412781,-1292.1957613302902,2068.2107597000327,2458.7086584311637
19166.825079,-343.5392239973916,-1994.0969677209,1800.5291816106944,2708.569225426977
19166.8418171,-537.107010107597,-2294.911770459733,1446.5268340397784,2765.4192911922946
19166.8586885,-667.8960547766548,-2377.744832083469,936.4495598304533,2641.343106185282
19166.8702278,-687.0784479947832,-2445.755135311379,302.5586566677535,2558.3855683468623
19166.8876338,-531.8754483208347,-2652.4018258884903,-347.89885881969354,2727.4824572251846
19166.8994518,-234.5483534398435,-2947.9850668405606,-1000.1002282360613,3121.831089430386
19166.9165314,-61.03488751222693,-3171.1983697424193,-1642.710401043365,3571.935304487843
19166.9338592,81.96113465927617,-3288.9085099445715,-2148.428040430388,3929.2976292574244
19166.9453145,450.7862406260189,-3444.11150961852,-2313.222236713401,4173.261247735379
19166.9624009,792.5816106944898,-3695.2264753831105,-2529.460123899576,4547.6425576755055
19166.9795878,575.4717965438539,-3565.309357678513,-2887.822106292794,4624.079921688284
19166.9912398,345.2830779263124,-3112.7792631235734,-3264.4945549396807,4523.885480874293
19167.0080812,-30.517443756113465,-2694.254320182589,-3660.349396804695,4545.117750167145
19167.0198539,-512.6930551027062,-2414.3657645908056,-3726.6158461036844,4469.863742711826
19167.0369604,-526.6438865340724,-1962.7075970003261,-3194.74039778285,3786.2832836136586
19167.0544298,-321.741049885882,-1790.9379850016303,-2510.277730681448,3100.398434791659
19167.0664179,-226.70101075970004,-1634.8630583632214,-1971.42686664493,2571.1270793972167
19167.0838889,-336.56380828170853,-1241.6239973915879,-1575.5720247799152,2034.0434000317775
19167.0954113,-410.67760026084125,-935.5776328659929,-1335.7921095533095,1681.7556773859926
19167.1120576,-428.1161395500489,-704.5169872839908,-980.0459080534724,1280.6707602687363
19167.1287303,-390.6232800782524,-462.9932181284643,-463.8651450929247,762.9679808511787
19167.1401776,-349.6427127486143,-386.26364525595045,90.68040430388001,528.8407756114688
19167.1564841,-415.0372350831431,-462.9932181284643,496.9983697424193,796.0062851919164
19167.1729124,-671.3837626344963,-449.91431366155854,714.1081838930551,1078.484837477951
19167.1891334,-1007.9475709162048,-378.416302575807,821.3552005216825,1354.1719127182619
19167.2006694,-1183.2048907727421,-351.38656667753503,908.5478969677209,1532.6139807121788
19167.2175533,-1191.0522334528855,-304.30251059667427,985.2774698402347,1575.4291902028858
19167.2338144,-1098.6279752200849,-303.4305836322139,1105.603390935768,1587.8955901029003
19167.2451497,-1017.538767525269,-424.62843169220736,1326.2009129442451,1724.6748417926135
19167.2614379,-811.7640039126183,-405.44603847407893,1684.5628953374633,1913.3999677302984
19167.2789471,-699.2854254972286,-254.60267362243235,2011.5355070101077,2144.783840784647
19167.290823,-715.8520378219758,-125.5574828822954,2252.1873492011737,2366.5495298986293
19167.3075352,-817.867492663841,-8.719269644603848,2403.902641017281,2539.2383048286806
19167.3251567,-837.9218128464297,42.724421258558856,2492.83919139224,2630.2443944920487
19167.3369061,-742.0098467557874,105.50316269970655,2559.1056406912294,2666.595434301922
19167.354288,-532.7473752852951,153.4591457450277,2614.908966416694,2673.0354239950857
19167.3660085,-232.80449951092274,109.86279752200848,2704.7174437561134,2716.940231184797
19167.382929,66.26644929898924,34.87707857841539,2787.55050537985,2788.5561627760553
19167.3997071,193.56778611020542,-30.517443756113465,2843.353831105315,2850.098386206042
19167.411008,174.38539289207696,-217.98174111509618,2913.979915226606,2927.3204899801713
19167.4287414,99.39967394848387,-485.6633192044343,2988.0937072057386,3028.9359778384664
19167.4401951,80.2172807303554,-696.6696446038475,2976.7586566677537,3058.2471296294275
19167.4570831,207.51861754157156,-873.6708183893055,2921.8272579067493,3056.7039766026214
19167.4742841,383.6478643625693,-1074.214020215194,2935.7780893381155,3149.5895661013683
19167.4855393,689.6942288881644,-1295.6834691881318,2992.4533420280404,3333.0542728710284
19167.5029589,935.5776328659929,-1687.1786762308445,2894.7975220084772,3478.7540996847733
19167.5144873,1127.4015650472775,-2176.3297032931205,2525.1004890772742,3519.030796433197
19167.5318498,1202.3872839908706,-2917.4676230844475,1815.351940006521,3640.4471124484694
19167.5484524,1067.238604499511,-3671.6844473426804,673.1276165634171,3882.4432652612627
19167.5598221,173.51346592761658,-3775.443756113466,-1271.269514183241,3987.506571295659
19167.5767112,-415.9091620476035,-3454.5746331920445,-4067.5392892076948,5352.7508999221445
19167.5944653,408.0618193674601,-2418.7253994131074,-6523.757548092599,6969.659930906725
19167.6062359,815.2517117704598,-904.188262145419,-7209.092142158461,7311.1696246959755
19167.6230266,-377.5443756113466,223.2133029018585,-5497.499510922726,5514.967344123057
19167.635081,-1087.2929246820997,854.488425171177,-3312.4505379850016,3589.5243333083004
19167.651969,-1436.935637430714,1453.5022497554614,-2692.5104662536683,3380.3942709465337
19167.669437,-1298.2992500815128,2010.6635800456472,-2810.22060645582,3691.299071036254
19167.6814641,-1172.7417671992175,2398.6710792305184,-2956.7043364851647,3983.84823157969
19167.6981931,-1338.4078904466905,2507.6619497880665,-2655.0176067818716,3889.578721140194
19167.7098092,-1332.304401695468,2719.54020215194,-1515.4090642321487,3386.3547601889986
19167.7272552,-1021.8984023475709,2655.0176067818716,-123.81362895337463,2847.582246706293
19167.744349,-761.1922399739159,2439.6516465601567,779.502706227584,2671.8791611478837
19167.7556236,-956.5038800130421,2441.395500489077,1198.899576133029,2883.170452113484
19167.7732284,-1273.8852950766222,2505.918095859146,1338.4078904466905,3113.477947469155
19167.7847707,-1406.4181936746006,2542.539028366482,1396.8269970655365,3223.9172610345977
19167.8024559,-1366.3095533094229,2478.888359960874,1418.625171177046,3166.0995993353094
19167.8200984,-1068.9824584284318,2185.9208999021844,1494.4828170850994,2855.6002114475837
19167.8316717,-777.7588522986632,1745.5977828496902,1660.1489403325725,2531.4254790346986
19167.8496467,-667.0241278121944,1381.1323117052495,1908.6481252037822,2448.547593036292
19167.8612156,-687.9503749592436,1205.0030648842517,2182.433192044343,2586.1791783486046
19167.8783199,-859.7199869579393,1130.889272905119,2484.9918487120967,2862.3789916278365
19167.8953952,-1013.1791327029671,1140.4804695141834,2785.806651450929,3176.1527601102985
19167.9071484,-1162.278643625693,1239.880143462667,3006.4041734594066,3453.4997422579204
19167.9248357,-1331.4324747310075,1380.260384740789,3209.5631561786763,3738.867050050423
19167.9360533,-1381.1323117052495,1262.5502445386371,3533.048059993479,3997.9980210906238
19167.9534697,-1102.1156830779264,1068.9824584284318,3853.9171829149004,4148.500949509442
19167.9643526,-709.7485490707531,912.9075317900229,4023.9429409846757,4186.79590579806
19167.9810125,-464.7370720573851,746.3694815780893,3998.6570590153246,4094.1795545369896
19167.9977851,-285.12011737854584,511.82112813824585,3782.419171829149,3827.525197822134
19168.0150336,-31.38937072057385,170.89768503423542,3359.5345940658626,3364.0249701911507
19168.0267619,199.67127486142812,-116.83821323769156,2727.3875448320837,2737.181507642952
19168.0437269,380.16015650472775,-313.8937072057385,1972.2987936093903,2032.9814399767936
19168.0545549,566.7525268992501,-494.38258884903814,1159.6628627323116,1382.1868636708507
19168.0709174,670.5118356700359,-634.7628301271601,320.8691229214216,977.4799058441076
19168.0873866,570.2402347570917,-864.0796217802413,-354.87427453537657,1094.414578136968
19168.1037541,607.7330942288881,-1257.3186827518748,-785.6061949788067,1602.3004953525437
19168.1151358,776.0149983697424,-1618.2964460384742,-1096.0121943267036,2102.932570261915
19168.1314658,999.2283012716009,-1900.8007825236389,-1403.8024127812193,2565.5724560095705
19168.1482736,1221.569677208999,-2038.5652429083796,-1906.9042712748615,3047.0091279280587
19168.1594388,1206.7469188131724,-2171.098141506358,-2689.894685360287,3661.3438358677768
19168.1764409,934.7057059015325,-2307.9906749266383,-3691.738767525269,4453.024908962692
19168.1929232,721.0835996087382,-2525.9724160417345,-4747.642321486795,5425.9198129903225
19168.2098564,767.2957287251386,-2683.791196609064,-5614.337724160418,6269.949441841372
19168.2210634,1157.9190088033909,-2648.0421910661885,-6194.169155526573,6835.249476346246
19168.2379512,1355.8464297358983,-2275.729377241604,-6126.158852298663,6674.360345611054
19168.2497724,836.1779589175089,-1671.4839908705576,-5883.763156178677,6173.469137261616
19168.2676988,342.66729703293123,-1206.7469188131724,-5837.551027062276,5970.817447894114
19168.2848953,355.74620149983696,-1011.4352787740463,-5344.912292142159,5451.389189346385
19168.2962799,361.84969025105966,-987.0213237691555,-4520.941310727095,4641.557564756536
19168.313609,-123.81362895337463,-817.867492663841,-3637.6792957287253,3730.5425488585806
19168.3251275,-440.3231170524943,-339.1795891750897,-2362.9220736876428,2427.411783658495
19168.3431156,-374.92859471796544,174.38539289207696,-835.3060319530485,932.0503652745703
19168.3603023,-377.5443756113466,224.08522986631888,88.06462341049885,447.7826746273638
19168.3717436,-555.4174763612651,182.2327355722204,598.1418976198239,836.343872249863
19168.3886039,-777.7588522986632,171.7696119986958,897.2128464297359,1199.7518592332606
19168.4000742,-778.6307792631236,183.1046625366808,1113.4507336159113,1370.972554082824
19168.416734,-655.6890772742094,182.2327355722204,1264.294098467558,1435.8191053857495
19168.4341123,-551.0578415389632,172.6415389631562,1275.6291490055428,1400.2498246704954
19168.4452726,-535.3631561786763,178.74502771437886,1222.4416041734594,1346.4497649524058
19168.4624687,-605.9892402999674,200.5432018258885,1170.1259863058362,1332.9048574396136
19168.479365,-666.152200847734,248.49918487120965,1139.6085425497229,1343.2119080131172
19168.490554,-643.482099771764,334.81995435278776,1132.6331268340398,1345.002384593178
19168.5085137,-501.3580045647212,380.16015650472775,1218.0819693511576,1370.9869719998117
19168.5202251,-313.0217802412781,443.81082491033584,1346.2552331268341,1451.6727716446287
19168.5374813,-212.75017932833387,405.44603847407893,1500.5863058363223,1568.8876282838305
19168.5551484,-258.0903814802739,300.8148027388327,1655.7893055102707,1702.5681821300493
19168.5671038,-374.92859471796544,220.59752200847734,1790.9379850016303,1843.0120954500458
19168.5841283,-393.23906097163353,223.2133029018585,1959.2198891424846,2010.722186598064
19168.5953479,-226.70101075970004,310.40599934789697,2151.0438213237694,2185.116645391225
19168.6131933,-42.724421258558856,401.9583306162374,2338.508118682752,2373.1869072765453
19168.6248872,-82.83306162373655,416.7810890120639,2419.5973263775677,2456.627569264319
19168.6422481,-292.96746005868926,278.14470166286276,2416.9815454841864,2450.508967322399
19168.6591633,-373.18474078904467,3.487707857841539,2410.0061297685033,2438.730932346914
19168.671009,-301.6867297032931,-320.8691229214216,2391.6956635148354,2431.9087202851792
19168.6877758,-81.96113465927617,-462.9932181284643,2263.522399739159,2311.842123015434
19168.704589,384.5197913270297,-280.7604825562439,1883.3622432344312,1942.610423561149
19168.71588,968.7108575154874,-296.4551679165308,1058.5193348549071,1465.1790246637045
19168.7323268,1398.5708509944573,-571.1121617215521,-349.6427127486143,1550.6190870409903
19168.7488643,981.7897619823932,-548.442060645582,-2227.773394196283,2495.5308306064753
19168.7597711,88.06462341049885,-306.04636452559504,-4253.259732637757,4265.165660137197
19168.7766824,175.25731985653735,50.57176393870232,-5859.349201173785,5862.187790643272
19168.7935989,694.9257906749267,499.61415063580046,-6592.639778284969,6647.9647562457785
19168.8054537,708.8766221062928,815.2517117704598,-5807.033583306163,5906.672536763749
19168.8218414,-78.47342680143463,1207.618845777633,-4076.258558852299,4252.1036198578095
19168.8389979,-642.6101728073036,1501.4582328007825,-2643.6825562438867,3107.4719817286996
19168.850553,-743.7537006847082,1708.976850342354,-1880.74646234105,2647.8252770710997
19168.8679398,-693.1819367460059,2051.6441473752852,-1606.961395500489,2696.6775542357827
19168.8851354,-627.787414411477,2352.458950114118,-1396.8269970655365,2807.010119218773
19168.8973262,-547.5701336811217,2438.779719595696,-1309.634300619498,2821.811753708944
19168.9147232,-633.0189761982393,2493.7111183567004,-1363.6937724160418,2911.8669047484273
19168.9261501,-517.0526899250082,2238.2365177698075,-1327.0728399087056,2652.9546765936952
19168.9427763,-52.31561786762308,1797.9134007173134,-985.2774698402347,2050.853776583436
19168.9602303,159.5626344962504,1688.9225301597653,-550.1859145745028,1783.4304269594677
19168.9717077,153.4591457450277,1804.8888164329965,-95.91196609064232,1813.9383821775946
19168.9886566,-47.95598304532116,1932.1901532442125,303.4305836322139,1956.4581988090424
19169.0002132,-335.69188131724815,2135.3491359634822,623.4277795891751,2249.6815703574125
19169.017203,-602.5015324421258,2233.0049559830454,795.1973915878709,2445.742856808153
19169.0341453,-78.47342680143463,1622.656080860776,1120.4261493315944,1973.4552418472626
19169.0460147,365.3373981089012,932.9618519726117,1428.2163677861101,1744.6177876272202
19169.0629189,277.2727746984024,725.4432344310401,1617.4245190740137,1794.2157486970523
19169.0747864,-22.670101075970003,694.9257906749267,1703.7452885555917,1840.1586334616218
19169.092594,-248.49918487120965,554.5455493968047,1752.5731985653733,1854.9354240962468
19169.1091054,-346.1550048907728,485.6633192044343,1846.741310727095,1940.6559756375234
19169.1211421,-546.6982067166613,537.9789370720574,1913.0077600260843,2061.0431717653105
19169.1381729,-682.7188131724813,613.8365829801108,2023.7424845125531,2222.258754530035
19169.154978,-616.452363873492,542.3385718943593,2211.206781871536,2358.724247487252
19169.1663543,-317.38141506358005,347.02693185523316,2374.2571242256276,2420.3833469094857
19169.1837151,-20.926247147049235,49.69983697424193,2424.82888816433,2425.428440191791
19169.1950314,102.88738180632541,-193.56778611020542,2355.9466579719597,2366.123191290727
19169.2119761,74.1137919791327,-296.4551679165308,2175.4577763286597,2196.814752621345
19169.2290298,-27.029735898271927,-396.7267688294751,1910.391979132703,1951.338066472125
19169.2403944,-60.162960547766545,-621.6839256602543,1613.0648842517119,1729.7655349937475
19169.2574972,64.52259537006847,-955.6319530485817,1265.1660254320184,1586.833534718808
19169.2756975,243.26762308444734,-1351.4867949135964,869.3111835670036,1625.237714041133
19169.2874707,298.19902184545157,-1764.7801760678187,418.52494294098466,1838.0791208039168
19169.3044524,243.26762308444734,-2221.6699054450605,-123.81362895337463,2238.3757771911364
19169.3165066,50.57176393870232,-2584.3915226605804,-785.6061949788067,2701.631754939378
19169.3336602,-244.13955004890772,-2764.88040430388,-1581.675513531138,3194.6619852663066
19169.3450816,-287.73589827192694,-3104.93192044343,-2395.183371372677,3931.9584891302025
19169.3620194,-10.463123573524618,-3595.8268014346268,-3121.4985327681775,4761.704836814686
19169.3792562,525.771959569612,-3777.187610042387,-3537.407694815781,5201.61855524502
19169.3906522,492.6387349201174,-3233.105184219107,-3315.066318878383,4656.750664780114
19169.4076443,205.77476361265082,-2217.3102706227583,-2580.903814802739,3408.7934215514356
19169.4248291,24.413955004890774,-1804.8888164329965,-2166.738506684056,2820.1020260322744
19169.4363176,-48.82791000978155,-1866.7956309096837,-2111.8071079230517,2819.0493705243493
19169.4532142,-218.85366807955657,-1813.6080860776003,-2008.0477991522662,2714.650471349524
19169.4649105,-381.9040104336485,-1501.4582328007825,-1744.72585588523,2333.301482926071
19169.481937,-319.9971959569612,-998.3563743071405,-1256.4467557874145,1636.3899613688468
19169.4989341,-15.694685360286925,-503.9737854581024,-626.9154874470166,804.5240381607366
19169.5106121,375.8005216824258,-161.30648842517118,-57.547179654385396,412.98606900356504
19169.5276034,484.7913922399739,47.95598304532116,187.46429735898272,521.9821195061306
19169.5398064,226.70101075970004,330.46031953048583,140.38024127812196,424.62216523041303
19169.5570282,-174.38539289207696,543.2104988588197,-35.74900554287578,571.6344135213313
19169.5743032,-578.9595044016954,535.3631561786763,-225.82908379523965,820.2478843730399
19169.5858071,-984.4055428757744,397.59869579393546,-298.19902184545157,1102.7518543948001
19169.6026924,-1316.609716335181,293.83938702314964,-121.19784805999348,1354.4340695983394
19169.6194446,-1443.0391261819368,212.75017932833387,323.48490381480275,1494.0773211223836
19169.6313582,-1333.1763286599282,54.05947179654385,871.9269644603847,1593.9065785494415
19169.6489812,-1223.3135311379199,-99.39967394848387,1351.4867949135964,1825.6212223437853
19169.6600727,-1182.3329638082816,-144.73987610042386,1686.306749266384,2064.5801804876946
19169.6771839,-1136.1208346918813,-106.37508966416694,1915.6235409194653,2229.7308719320517
19169.6948589,-1068.9824584284318,-59.29103358330617,2130.9895011411804,2384.8176402117224
19169.7065269,-881.518161069449,-34.00515161395501,2369.897489403326,2528.7634782461837
19169.7235252,-658.3048581675905,-53.18754483208347,2539.0513205086404,2623.542606741691
19169.7350811,-607.7330942288881,-83.70498858819694,2613.165112487773,2684.20899783508
19169.7525566,-646.9698076296055,-25.28588196935116,2613.165112487773,2692.181497026991
19169.7696647,-585.9349201173785,69.75415715683079,2615.7808933811543,2681.509846193284
19169.7814035,-449.04238669709815,108.1189435930877,2689.894685360287,2729.2603740471204
19169.7980846,-285.12011737854584,13.950831431366156,2841.609977176394,2855.912353245458
19169.8100862,-144.73987610042386,-190.08007825236388,3050.000521682426,3059.343597921793
19169.8272427,-16.56661232474731,-388.8794261493316,3226.1297685034237,3249.5253413306546
19169.8444368,20.926247147049235,-499.61415063580046,3358.662667101402,3395.6836010906395
19169.8557015,-10.463123573524618,-592.0384088686012,3423.1852624714707,3474.0201921883604
19169.8727492,105.50316269970655,-847.513009455494,3359.5345940658626,3466.3932130185735
19169.8901295,499.61415063580046,-1230.288946853603,3197.3561786762307,3462.125319162313
19169.9019008,1178.84525595044,-1973.1707205738508,3020.3550048907728,3795.4740396392554
19169.9194522,1743.8539289207695,-2861.664297358983,2981.990218454516,4485.801460068189
19169.9308681,1708.976850342354,-3554.8462341049885,2588.7511574828823,4717.962078960094
19169.9485117,877.158526247147,-4335.220867297033,1227.6731659602217,4590.286314690457
19169.9599657,-257.2184545158135,-4747.642321486795,-1145.7120313009457,4890.697803461563
19169.9775533,-869.3111835670036,-4412.822367134007,-4334.348940332573,6246.221571023153
19169.9951122,47.084056080860776,-2743.0822301923704,-7033.834822301924,7549.9370419468605
19170.0065936,902.4444082164982,-351.38656667753503,-7166.367720899902,7231.507777795632
19170.0235327,474.32826866644933,842.2814476687316,-4581.104271274861,4681.9805304844895
19170.0352241,-648.7136615585263,1114.3226605803718,-2593.982719269645,2896.772471984144
19170.0523711,-1352.3587218780567,1631.3753505053799,-1813.6080860776003,2789.1636625989263
19170.0689031,-1241.6239973915879,2296.6556243886535,-1532.8476035213564,3027.520269718416
19170.0806021,-856.2322791000978,2566.9529833713727,-1343.6394522334529,3021.2163630250566
19170.0977297,-752.472970329312,2504.174241930225,-1273.0133681121617,2908.206877169385
19170.1151451,-1136.1208346918813,2239.9803716987285,-1135.248907727421,2756.278777466614
19170.1269348,-1273.8852950766222,1876.386827518748,-481.30368438213236,2318.4616684556463
19170.1445172,-1314.8658624062602,1854.5886534072383,453.4020215194001,2318.177021408441
19170.1561829,-1360.2060645582003,1936.5497880665146,1101.243756113466,2610.196052042885
19170.1740223,-1384.620019563091,1993.2250407564395,1329.6886208020867,2767.3435800355473
19170.1852956,-1329.6886208020867,2004.5600912944246,1198.899576133029,2687.692910574574
19170.2025985,-1144.8401043364852,1902.5446364525596,1005.3317900228236,2437.422196957694
19170.2194606,-878.0304532116074,1732.5188783827846,926.858363221389,2152.1211783245744
19170.2304868,-660.0487120965113,1579.9316596022172,903.3163351809586,1935.93097830435
19170.2482417,-504.84571242256277,1332.304401695468,984.4055428757744,1731.7501219786623
19170.2598035,-438.5792631235735,1153.559373981089,1088.1648516465602,1645.3430474222205
19170.2767363,-564.136746005869,1095.1402673622433,1148.3278121943267,1684.1137840571655
19170.2936844,-810.8920769481579,1079.4455820019564,1179.7171829149006,1792.8974752131
19170.305118,-1048.0562112813825,1090.7806325399413,1199.7715030974894,1930.7190033701252
19170.3218313,-1194.539941310727,1093.3964134333226,1223.3135311379199,2029.5165394153887
19170.3386338,-1216.3381154222368,1040.208868601239,1188.4364525595045,1993.4628421713328
19170.3506989,-1127.4015650472775,985.2774698402347,1101.243756113466,1858.6403072743042
19170.3681086,-847.513009455494,851.0007173133355,1068.9824584284318,1607.8569645623995
19170.3805545,-343.5392239973916,576.3437235083143,1147.4558852298665,1329.227706076282
19170.3975022,182.2327355722204,401.086403651777,1295.6834691881318,1368.5301331851788
19170.414916,522.2842517117705,252.85881969351158,1490.995109227258,1599.9327604691775
19170.4259957,602.5015324421258,197.92742093250735,1613.9368112161721,1734.0632604235434
19170.4435999,597.2699706553635,279.88855559178353,1607.8333224649496,1737.871403247833
19170.4552438,551.0578415389632,357.4900554287577,1512.7932833387677,1649.2444944782828
19170.4727264,554.5455493968047,276.400847733942,1361.949918487121,1496.2706223978741
19170.4895747,673.1276165634171,-12.206977502445387,1194.539941310727,1371.1949058637606
19170.5004827,924.2425823280079,-590.2945549396804,1056.7754809259864,1522.972891966935
19170.5182697,1211.9784805999348,-1391.5954352787742,926.858363221389,2065.0656450581614
19170.5296187,1419.4970981415063,-2207.7190740136944,728.0590153244212,2723.7961471430285
19170.5465869,1442.1671992174763,-2845.9696119986957,213.62210629279426,3197.659091775694
19170.5637794,814.3797848059994,-3431.9045321160743,-1069.854385392892,3685.8881639848923
19170.5754354,-248.49918487120965,-3961.164199543528,-3205.2035213563745,5101.558906250351
19170.5927524,-1324.4570590153244,-4340.452429083795,-5564.637887186175,7180.453231225921
19170.6046173,-1298.2992500815128,-4432.876687316596,-7630.232865992827,8919.441140396313
19170.6216735,682.7188131724813,-3787.6507336159116,-8533.549201173786,9361.29611894499
19170.6386271,2519.868927290512,-2868.639713074666,-6438.308705575481,7485.362529793889
19170.6501889,2396.927225301598,-2354.2028040430387,-3878.331137919791,5131.177582321075
19170.6670928,-86.3207694815781,-1580.8035865666775,-3156.375611346593,3531.161034907576
19170.6851911,-902.4444082164982,-1034.9773068144766,-2911.3641343332247,3218.9478184997065
19170.6963586,-150.84336485164656,-649.5855885229867,-2522.484708183893,2609.1462704413684
19170.71447,115.96628627323118,-127.30133681121617,-1724.671535702641,1733.247159515582
19170.7259699,-122.94170198891425,520.5403977828497,-382.7759373981089,657.7190783783449
19170.7429895,-197.05549396804696,717.5958917508966,858.848059993479,1136.395495289962
19170.7547123,-377.5443756113466,767.2957287251386,1398.5708509944573,1639.2934197778516
19170.7718498,-624.2997065536355,781.2465601565048,1488.3793283338769,1793.14509629615
19170.7896806,-696.6696446038475,853.6164982067166,1443.911053146397,1816.2843524959098
19170.801271,-692.3100097815455,964.3512226931855,1399.4427779589175,1835.131199433691
19170.8181889,-642.6101728073036,1009.6914248451255,1294.8115422236713,1763.224755235944
19170.8298443,-642.6101728073036,993.9967394848386,1117.8103684382133,1628.0286766792215
19170.8470951,-708.8766221062928,952.1442451907402,909.4198239321813,1495.369233727748
19170.8636987,-890.2374307140528,940.8091946527552,638.2505379850016,1443.9558071581234
19170.8746737,-1078.5736550374959,990.5090316269971,374.05666775350505,1511.4058560712442
19170.8917893,-1193.6680143462668,1028.873818063254,409.80567329638086,1628.3013700894921
19170.9091728,-1294.8115422236713,1055.9035539615259,780.3746331920444,1844.0319447541685
19170.9207763,-1263.4221715030976,999.2283012716009,1322.7132050864036,2084.2895682744465
19170.9382969,-966.0950766221063,726.3151613955005,1776.9871535702641,2149.0827705558936
19170.949938,-509.2053472448647,489.15102706227583,1994.9688946853603,2116.237156771653
19170.9662679,-204.03090968373004,304.30251059667427,2013.2793609390285,2046.3436698768055
19170.9832271,-121.19784805999348,265.93772416041736,1871.1552657319858,1893.841022890394
19170.9954603,-119.45399413107272,267.68157808933813,1697.6417998043692,1722.7624225078982
19171.0120658,-107.24701662862732,248.49918487120965,1571.2123899576134,1594.3532048494499
19171.0288072,-53.18754483208347,170.89768503423542,1484.8916204760353,1495.6396819539361
19171.0405017,71.49801108575156,9.591196609064232,1426.4725138571894,1428.2954139223655
19171.0576565,252.85881969351158,-95.04003912618194,1386.3638734920119,1412.4358326868082
19171.0745382,446.426605803717,-180.48888164329964,1324.4570590153244,1409.2762156304912
19171.0858849,631.2751222693186,-354.87427453537657,1218.9538963156178,1417.8478874922298
19171.1031455,708.0046951418324,-447.2985327681774,1073.3420932507336,1361.3999687466244
19171.1146981,528.3877404629932,-300.8148027388327,687.9503749592436,918.1279149579073
19171.1316801,152.58721878056733,-204.03090968373004,-74.98571894359308,265.5829992432623
19171.1486969,-171.7696119986958,-175.25731985653735,-991.3809585914574,1021.3011959393742
19171.1604696,-500.48607760026084,-84.57691555265733,-1824.9431366155852,1894.2167300487097
19171.1776046,-415.0372350831431,-126.42940984675579,-2327.173068144767,2367.271592208631
19171.1895306,12.206977502445387,-134.27675252689926,-2622.7563090968374,2626.2197001538507
19171.2072713,-12.206977502445387,207.51861754157156,-3081.3898924029995,3088.393863471672
19171.2251183,-398.47062275839585,782.1184871209651,-3776.315683077926,3876.989592887522
19171.2364487,-297.3270948809912,1184.948744701663,-3866.9960873818063,4055.3872402948914
19171.2535152,443.81082491033584,1375.9007499184872,-3256.647212259537,3563.119698670206
19171.2654336,857.1042060645582,1544.1826540593413,-2619.268601238996,3159.065636321568
19171.2822689,526.6438865340724,1810.992305184219,-2352.458950114118,3015.146766681878
19171.2986283,-129.91711770459733,2055.1318552331268,-2476.2725790674926,3220.6166002348364
19171.3102173,-490.0229540267362,2176.3297032931205,-2758.7769155526576,3547.8702826759672
19171.3279355,-447.2985327681774,2247.827714378872,-2790.1662862732314,3610.7940007707534
19171.3401741,-205.77476361265082,2468.4252363873493,-2456.2182588849037,3488.3340631673123
19171.357092,129.91711770459733,2643.6825562438867,-1663.636648190414,3126.279388164646
19171.3745491,441.1950440169547,2662.864949462015,-691.4380828170852,2786.3218457867047
19171.3857064,254.60267362243235,2630.6036517769808,-20.05432018258885,2642.971863247141
19171.4027885,-134.27675252689926,2566.0810564069125,420.26879686990543,2603.7334917272283
19171.4199249,-597.2699706553635,2506.7900228236063,689.6942288881644,2667.659229687382
19171.4314944,-514.436909031627,1981.0180632539941,1119.5542223671341,2332.912248056643
19171.4494713,-73.24186501467231,1289.579980436909,1695.8979458754484,2131.7717372080556
19171.4604963,-289.4797522008477,1103.8595370068472,2193.768242582328,2472.8371370832315
19171.4777724,-772.5272905119009,1152.6874470166285,2476.2725790674926,2838.5581993217866
19171.489677,-1168.3821323769155,1181.4610368438214,2650.6579719595697,3128.410886240892
19171.5072429,-1123.913857189436,946.9126834039779,2795.3978480599935,3158.1759161440327
19171.5247324,-949.528464297359,560.6490381480274,2764.0084773394196,2975.8485363491513
19171.5362677,-1293.0676882947505,30.517443756113465,2661.9930224975546,2959.5881829590758
19171.5536532,-1248.599413107271,-510.94920117378547,2550.3863710466253,2885.227932453921
19171.5659047,-992.2528855559178,-755.0887512226932,2513.7654385392893,2806.0187973553775
19171.5825602,-945.1688294750571,-883.2620149983698,2536.435539615259,2847.27960516237
19171.59988,-988.7651776980763,-1119.5542223671341,2429.188522986632,2851.668829590554
19171.6115302,-1000.9721552005217,-1284.3484186501466,2221.6699054450605,2754.5078117036032
19171.6288598,-880.6462341049886,-1327.944766873166,2035.9494620149985,2585.3559339843882
19171.6401839,-600.7576785132051,-1433.4479295728725,1934.8059341375938,2481.7648474147136
19171.6574307,-287.73589827192694,-1577.315878708836,1831.046625366808,2433.813688976327
19171.6741609,-53.18754483208347,-1688.9225301597653,1661.020867297033,2369.446886807703
19171.6855573,72.36993805021193,-1722.05575480926,1395.0831431366157,2217.424273085559
19171.7031053,75.85764590805347,-1798.7853276817737,1002.7160091294425,2060.7819953819508
19171.7145203,54.05947179654385,-2007.1758721878057,486.5352461688947,2066.009185397884
19171.7319468,34.87707857841539,-2382.104466905771,-164.79419628301272,2388.052601805738
19171.748667,18.31046625366808,-2762.264623410499,-916.3952396478644,2910.3644717060506
19171.7598265,-39.23671340071731,-3060.4636452559507,-1649.685816759048,3476.9872788993343
19171.7769263,-82.83306162373655,-3229.6174763612653,-2245.2119334854906,3934.2428732834637
19171.7940228,193.56778611020542,-3260.1349201173784,-2770.9838930551027,4283.024622945701
19171.8055053,539.7227910009782,-3261.006847081839,-3167.710661884578,4578.1936596498135
19171.8235772,987.8932507336159,-3222.642060645582,-3395.2835996087383,4784.27692004331
19171.8354215,1245.1117052494294,-3484.2201499836974,-3728.3597000326054,5252.690669069404
19171.8531316,709.7485490707531,-3912.3362895337464,-4258.491294424519,5826.222305233481
19171.8651535,-166.5380502119335,-3746.6701662862733,-4194.840626018911,5626.896136841939
19171.8821864,-583.3191392239974,-3253.1595044016954,-3390.9239647864365,4735.1529346185935
19171.9000545,-141.25216824258234,-2641.0667753505054,-2236.492663840887,3463.6808921012994
19171.9117183,-40.980567329638085,-2239.1084447342682,-1318.3535702641018,2598.7193327497057
19171.9291315,-286.8639713074666,-1924.3428105640692,-972.198565373329,2174.984193302993
19171.9411062,-469.9686338441474,-1496.2266710140202,-845.7691555265732,1781.8221662924625
19171.9578433,-536.2350831431366,-990.5090316269971,-589.42262797522,1271.2494800381996
19171.975754,-350.5146397130747,-511.82112813824585,170.02575806977504,643.2185773662752
19171.9875493,-60.162960547766545,-199.67127486142812,1177.1014020215193,1195.4312654718742
19171.9995029,-92.42425823280078,-86.3207694815781,1872.8991196609065,1877.1639862250645
19172.0169679,-606.8611672644278,-62.7787414411477,2212.9506358004564,2295.511307574006
19172.0348232,-1136.9927616563418,-31.38937072057385,2436.163938702315,2688.61164337409
19172.0461112,-1355.8464297358983,6.975415715683078,2588.7511574828823,2922.327968045502
19172.0629633,-1302.6588849038149,117.71014020215195,2754.4172807303553,3049.1950419596424
19172.0745605,-1036.7211607433974,253.73074665797196,2913.979915226606,3103.2964736352224
19172.0914393,-756.832605151614,306.9182914900554,2995.0691229214217,3104.421601675431
19172.1084827,-556.2894033257255,211.8782523638735,3060.4636452559507,3117.8178295100247
19172.1202984,-400.2144766873166,108.1189435930877,3124.986240626019,3152.3642456758907
19172.1369599,-446.426605803717,120.32592109553309,3115.3950440169547,3149.517633216604
19172.1535161,-625.1716335180959,186.59237039452233,3043.025105966743,3112.1789922157495
19172.1653354,-693.1819367460059,228.4448646886208,2967.1674600586894,3055.613030091454
19172.1829746,-559.7771111835671,251.9868927290512,2904.3887186175416,2968.5554798832895
19172.1944581,-231.93257254646235,146.48373002934463,2888.694033257255,2901.689752393835
19172.211762,126.42940984675579,-118.58206716661233,2898.285229866319,2903.4640304279587
19172.22898,407.1898924029997,-401.086403651777,2873.871274861428,2930.155288742071
19172.2407785,347.89885881969354,-623.4277795891751,2794.5259210955332,2884.2799683814283
19172.2576379,205.77476361265082,-735.9063580045647,2617.524747310075,2726.781477103007
19172.2748936,0.8719269644603848,-810.0201499836975,2283.5767199217476,2422.984944114348
19172.2870168,-3.487707857841539,-1175.3575480925986,1862.435996087382,2202.304558748936
19172.303764,257.2184545158135,-1718.5680469514184,1329.6886208020867,2188.083475015629
19172.3152141,496.9983697424193,-2079.5458102380176,664.4083469188132,2238.963288636173
19172.3326344,577.2156504727747,-2209.462927942615,-66.26644929898924,2284.5777682990256
19172.350011,587.6787740462993,-2017.6389957613303,-982.6616889468536,2319.8830689509405
19172.3613634,570.2402347570917,-1980.1461362895338,-2254.803130094555,3054.5523079303116
19172.3790589,490.8948809911966,-1995.8408216498208,-3594.0829475057058,4140.264557138649
19172.3906858,403.70218454515816,-1839.7658950114119,-4821.756113465928,5176.586328846427
19172.4081076,773.3992174763613,-1230.288946853603,-5517.553831105315,5705.712709336856
19172.4200565,941.6811216172156,-388.0074991848712,-5330.961460710792,5427.380883061157
19172.4375517,493.51066188457776,90.68040430388001,-4941.210107597,4966.621893856752
19172.4549511,-483.9194652755135,596.3980436909031,-4927.259276165634,4986.75772922158
19172.4672192,-1354.1025758069775,1112.578806651451,-4698.814411477014,5015.0057089021475
19172.4845552,-1651.4296706879688,1847.6132376915552,-3989.0658624062603,4696.1197906289235
19172.4957511,-1283.4764916856864,2312.35030974894,-2789.2943593087707,3843.753228626617
19172.5130775,-959.1196609064232,2571.3126181936746,-1406.4181936746006,3083.7592707470194
19172.5249731,-1061.1351157482882,2628.85979784806,-404.57411150961855,2863.667540466189
19172.5424376,-1086.4209977176395,2540.7951744375614,197.92742093250735,2770.4017699034166
19172.55957,-1116.0665145092926,2476.2725790674926,462.9932181284643,2755.3390119336395
19172.5709535,-857.9761330290186,2347.2273883273556,651.3294424519074,2582.601304879675
19172.5882215,-616.452363873492,2331.532702967069,728.9309422888816,2519.40440988665
19172.5993944,-466.48092598630586,2249.571568307793,690.5661558526248,2398.970260519479
19172.6165105,-404.57411150961855,2050.772220410825,651.3294424519074,2189.4238863950613
19172.6333759,-499.61415063580046,1859.8202151940006,700.157352461689,2049.0890294386804
19172.6447719,-776.0149983697424,1681.0751874796217,870.183110531464,2045.832766750169
19172.6630003,-1093.3964134333226,1555.5177045973264,1126.5296380828172,2210.02716537684
19172.6800489,-1252.959047929573,1452.630322791001,1409.0339745679817,2380.2138500494684
19172.6917084,-1257.3186827518748,1281.7326377567656,1669.7401369416368,2451.8811042955776
19172.7084897,-1134.3769807629606,1096.0121943267036,1910.391979132703,2477.42838010149
19172.7198488,-994.868666449299,969.5827844799478,2073.4423214867948,2495.799971947881
19172.7371959,-874.5427453537659,908.5478969677209,2161.506944897294,2502.4780852935764
19172.7549751,-744.6256276491686,849.2568633844147,2179.817411150962,2455.0577368596314
19172.7668497,-612.9646560156505,783.8623410498859,2148.428040430388,2367.6800637223246
19172.7844774,-483.04753831105313,681.8468862080209,2123.142158461037,2281.662272452813
19172.7960904,-265.065797195957,545.8262797522009,2120.526377567656,2205.6333155063335
19172.8142199,-27.901662862732312,434.2196283012716,2128.373720247799,2172.3949644192367
19172.8258168,204.03090968373004,332.2041734594066,2144.0684056080863,2179.224071291665
19172.8427995,301.6867297032931,348.77078578415393,2124.0140854254973,2173.4975912067343
19172.8599054,290.3516791653081,432.4757743723508,2018.5109227257908,2084.6404337862205
19172.871574,530.131594391914,239.7799152266058,1812.7361591131398,1903.8241246698315
19172.88879,614.7085099445712,65.39452233452886,1409.0339745679817,1538.6746690696118
19172.900932,562.3928920769482,-62.7787414411477,931.217998043691,1089.676050629777
19172.9185487,589.42262797522,-223.2133029018585,462.9932181284643,782.052385070542
19172.9299048,680.9749592435605,-469.096706879687,20.05432018258885,827.152217720609
19172.9475241,773.3992174763613,-768.167655689599,-364.4654711444408,1149.3750373560588
19172.9646304,776.0149983697424,-1079.4455820019564,-807.4043690903163,1555.4111538189718
19172.9760459,660.0487120965113,-1355.8464297358983,-1548.5422888816433,2161.473354872237
19172.9929497,462.12129116400394,-1669.7401369416368,-2686.4069775024454,3196.618629338631
19173.0098252,298.19902184545157,-2014.1512879034888,-4050.100749918487,4533.105354134532
19173.0216401,404.57411150961855,-2325.429214215846,-5267.310792305184,5771.989624450739
19173.0387654,994.868666449299,-2582.6476687316595,-6221.198891424845,6809.0490004811545
19173.0503225,1661.8927942614932,-2709.0770785784152,-7049.529507662211,7732.842462943199
19173.0676683,1545.926507988262,-2580.903814802739,-6985.878839256603,7606.145964030488
19173.0848354,938.193413759374,-2194.6401695467885,-6209.86384088686,6652.7484003052405
19173.0963017,504.84571242256277,-1683.690968373003,-5264.6950114118035,5550.378188332448
19173.1138094,105.50316269970655,-1326.2009129442451,-4442.46788392566,4637.398050474503
19173.1254783,13.07890446690577,-860.5919139223997,-3261.006847081839,3372.677742798044
19173.1420918,140.38024127812196,-354.87427453537657,-1994.0969677209,2030.2869451242605
19173.1595921,240.65184219106618,-102.88738180632541,-1071.5982393218128,1103.09650937827
19173.1710249,188.3362243234431,97.6558200195631,-436.83540919465275,485.6257481871851
19173.1881095,167.40997717639388,218.85366807955657,100.27160091294425,293.2190690247178
19173.2046945,88.06462341049885,313.0217802412781,523.1561786762309,615.9792205009585
19173.2163463,-18.31046625366808,311.27792631235735,854.488425171177,909.604138807243
19173.2333848,-190.95200521682426,258.0903814802739,1105.603390935768,1151.2741512592158
19173.2446228,-502.2299315291816,265.93772416041736,1223.3135311379199,1348.8712958323915
19173.261562,-821.3552005216825,285.12011737854584,1189.3083795239647,1473.2183369629527
19173.2792442,-981.7897619823932,291.2236061297685,1105.603390935768,1507.0106779811945
19173.291217,-976.5582001956309,325.2287577437235,1062.0070427127487,1478.9518660200993
19173.3077793,-869.3111835670036,292.96746005868926,1136.9927616563418,1460.9190280733628
19173.3251069,-639.122464949462,225.82908379523965,1295.6834691881318,1462.2831301147758
19173.3377323,-424.62843169220736,233.67642647538312,1392.4673622432344,1474.4081294554503
19173.3548048,-373.18474078904467,273.78506684056083,1483.1477665471145,1553.6899339946729
19173.3661303,-400.2144766873166,333.076100423867,1636.6069122921422,1717.4380633333162
19173.3838465,-435.96348223019237,254.60267362243235,1877.2587544832083,1943.961705008052
19173.3961045,-336.56380828170853,122.06977502445386,2129.2456472122594,2159.1348390482613
19173.4135601,-195.3116400391262,58.41910661884578,2280.089012063906,2289.1844250054373
19173.4248968,-133.40482556243887,34.00515161395501,2356.81858493642,2360.8360892110536
19173.4423638,-133.40482556243887,95.91196609064232,2331.532702967069,2337.314847796001
19173.4589869,-46.21212911640039,122.06977502445386,2246.9557874144116,2250.7436329904635
19173.470213,49.69983697424193,61.03488751222693,2164.9946527551356,2166.4249762563268
19173.4870067,81.08920769481578,-46.21212911640039,2076.058102380176,2078.1550146561303
19173.5039781,2.6157808933811544,-209.26247147049233,2001.9443104010434,2012.8533593440757
19173.5154252,-93.29618519726117,-397.59869579393546,2009.791653081187,2050.8660097295997
19173.5324672,-56.67525268992501,-483.04753831105313,2009.791653081187,2067.803060576767
19173.549015,175.25731985653735,-357.4900554287577,1854.5886534072383,1896.8429933024574
19173.5604485,488.27910009781544,-228.4448646886208,1336.6640365177698,1441.275227815601
19173.5770667,651.3294424519074,-223.2133029018585,430.73192044343006,812.1478981601533
19173.5939072,613.8365829801108,-141.25216824258234,-764.6799478317574,990.6982125016218
19173.6049785,487.40717313335506,-2.6157808933811544,-2144.9403325725466,2199.6230643062363
19173.6218164,402.8302575806978,69.75415715683079,-3563.5655037495926,3586.939776240644
19173.6393101,419.39686990544504,231.93257254646235,-4651.730355396153,4676.3534673940685
19173.6512458,149.97143788718617,732.4186501467232,-5173.142680143463,5226.885659777396
19173.6682182,-306.9182914900554,1360.2060645582003,-4845.298141506358,5041.9513539697155
19173.6795393,-675.7433974567982,1869.411411803065,-3787.6507336159116,4277.572471115731
19173.6962545,-662.6644929898924,1901.6727094880991,-2813.7083143136615,3460.121067581189
19173.713149,-538.8508640365178,2061.2353439843496,-2133.6052820345617,3015.1820668889904
19173.7247334,-468.22477991522663,2440.523573524617,-1751.701271600913,3040.369566744195
19173.7424094,-427.2442125855885,2677.687707857842,-1645.326181936746,3171.6947083487426
19173.7600238,-422.8845777632866,2912.236061297685,-1586.0351483534398,3342.9713930342277
19173.7718447,-536.2350831431366,3064.8232800782525,-1504.945940658624,3456.233800946923
19173.7888326,-165.6661232474731,2648.9141180306488,-1157.0470818389306,2895.3323157603036
19173.8000994,570.2402347570917,2077.801956309097,-499.61415063580046,2211.7977291093475
19173.817264,581.5752852950766,2004.5600912944246,124.68555591783502,2090.9417638783966
19173.8344054,188.3362243234431,2100.472057385067,588.5507010107597,2189.485173484425
19173.8461676,-218.85366807955657,2119.6544506031955,927.7302901858494,2324.1160490221077
19173.8630567,-619.9400717313335,2112.6790348875124,1143.968177372025,2481.2097025103208
19173.8745045,-897.2128464297359,2001.072383436583,1214.594261493316,2506.8946518758244
19173.8911749,-637.3786110205413,1535.4633844147374,1378.5165308118683,2159.677551021546
19173.9081967,-18.31046625366808,854.488425171177,1710.7207042712748,1912.3417764480155
19173.9247069,415.0372350831431,517.0526899250082,2022.8705575480926,2128.7566049830775
19173.9357461,468.22477991522663,487.40717313335506,2232.133029018585,2332.2131240914055
19173.9525207,241.52376915552657,463.8651450929247,2301.8871861754155,2360.5485001960337
19173.9696194,-67.13837626344963,415.0372350831431,2325.429214215846,2363.1302330598032
19173.9812688,-362.72161721552004,365.3373981089012,2321.9415063580045,2378.3294021225283
19173.9995875,-527.5158134985328,180.48888164329964,2287.93635474405,2354.888942869145
19174.0112222,-416.7810890120639,-208.39054450603194,2288.80828170851,2335.760357060429
19174.0289481,-236.29220736876428,-635.6347570916205,2314.9660906423214,2412.246577883347
19174.0402406,-246.75533094228888,-925.9864362569286,2268.753961525921,2462.8405574498333
19174.0581235,-551.9297685034236,-1149.199739158787,2091.752787740463,2449.6359392495174
19174.0702265,-891.9812846429736,-1312.250081512879,1763.036322138898,2371.9038685758196
19174.0871035,-1050.6719921747635,-1480.5319856537333,1322.7132050864036,2246.2094333775335
19174.1041311,-804.7885881969352,-1835.4062601891098,895.4689925008151,2195.054789330739
19174.1155343,-313.0217802412781,-2241.724225627649,526.6438865340724,2323.932856580632
19174.1323071,168.28190414085427,-2666.3526573198565,164.79419628301272,2676.735403357324
19174.1499614,240.65184219106618,-2855.56080860776,-238.90798826214544,2875.6247786632425
19174.1616596,-68.8822301923704,-2973.270948809912,-706.2608412129116,3056.7775961793554
19174.179112,-390.6232800782524,-3070.0548418650146,-1167.5102054124552,3307.703638287467
19174.1912317,-411.54952722530163,-3208.691229214216,-1552.9019237039452,3588.3947389381538
19174.2081817,-47.95598304532116,-3358.662667101402,-1809.2484512552983,3815.271241479463
19174.2201545,637.3786110205413,-3433.6483860449953,-1949.6286925334202,3999.655581612678
19174.2373211,989.6371046625367,-3433.6483860449953,-1949.6286925334202,4070.672533705435
19174.25459,616.452363873492,-3175.558004564721,-1930.4462993152918,3767.068498424258
19174.2668583,-450.7862406260189,-2792.7820671666123,-2020.2547766547116,3476.2435576382354
19174.2837789,-1002.7160091294425,-2612.293185523313,-2160.6350179328333,3535.231076296658
19174.2950861,-813.507857841539,-2444.0112813824585,-2252.1873492011737,3421.598169598012
19174.3123046,-450.7862406260189,-1960.9637430714054,-2280.9609390283667,3041.606457408901
19174.3300095,-265.065797195957,-1255.574828822954,-1801.401108575155,2211.7355134809213
19174.3409019,-147.355656993805,-655.6890772742094,-871.9269644603847,1100.8626104368705
19174.3584651,-397.59869579393546,-633.8909031626997,-257.2184545158135,791.2418930725074
19174.3697079,-811.7640039126183,-744.6256276491686,151.71529181610694,1111.9557784242186
19174.3869926,-1133.5050537985003,-676.6153244212586,480.431757417672,1404.7977355348557
19174.4042043,-1168.3821323769155,-578.9595044016954,760.3203130094555,1509.4362833089317
19174.4161473,-1057.6474078904466,-558.9051842191067,1001.8440821649821,1560.347592472065
19174.4330848,-964.3512226931855,-584.1910661884577,1173.6136941636778,1627.4586279388989
19174.4504281,-1000.9721552005217,-524.0281056406913,1245.1117052494294,1681.3250338757498
19174.4621291,-1143.0962504075644,-377.5443756113466,1291.3238343658297,1765.425172147736
19174.4786812,-1245.98363221389,-241.52376915552657,1374.1568959895665,1870.5924509651188
19174.4905598,-1309.634300619498,-115.09435930877079,1504.0740136941638,1997.6554636808344
19174.5075073,-1316.609716335181,-23.542028040430388,1698.5137267688294,2149.1775757844207
19174.524919,-1386.3638734920119,84.57691555265733,1978.402282360613,2417.278146018339
19174.5365006,-1446.5268340397784,207.51861754157156,2290.5521356374306,2717.0080869030744
19174.5539331,-1206.7469188131724,265.93772416041736,2581.775741767199,2862.2590693321736
19174.5658204,-844.0253015976524,180.48888164329964,2874.7432018258887,3001.516853622185
19174.5825617,-360.1058363221389,245.0114770133681,3111.907336159113,3142.2403004961993
19174.5993644,-88.93655037495924,404.57411150961855,3206.947375285295,3233.5895518054913
19174.6108663,36.62093250733616,517.9246168894686,3216.5385718943594,3258.17546887242
19174.6279312,54.93139876100424,485.6633192044343,3164.2229540267363,3201.7484631026523
19174.644896,-27.029735898271927,376.6724486468862,3059.59171829149,3082.8094691093456
19174.6563519,-163.05034235409195,136.89253342028042,2919.211477013368,2926.9644048697583
19174.6738122,-245.0114770133681,-155.20299967394848,2731.7471796543855,2747.100516640364
19174.6855972,-195.3116400391262,-381.9040104336485,2450.1147701336813,2487.3800869081706
19174.7036048,2.6157808933811544,-633.0189761982393,2072.5703945223345,2167.0874248140553
19174.7149992,434.2196283012716,-1087.2929246820997,1566.8527551353113,1955.9601595996185
19174.7322741,927.7302901858494,-1742.1100749918487,966.9670035865666,2197.875381076372
19174.749881,1122.1700032605152,-2505.918095859146,339.1795891750897,2766.5743823517587
19174.7620834,898.0847733941963,-3157.247538311053,-496.9983697424193,3319.9059712438143
19174.7791435,630.4031953048582,-3482.476296054777,-1395.955070101076,3804.436870152385
19174.7909331,530.131594391914,-3291.5242908379523,-2607.933550701011,4232.7873876939275
19174.8079017,304.30251059667427,-2435.2920117378544,-3927.159047929573,4630.963764501375
19174.8253928,181.36080860776002,-1114.3226605803718,-5106.876230844474,5230.180835491832
19174.8372406,-65.39452233452886,98.52774698402348,-5225.458298011086,5226.796206542783
19174.8546714,-309.5340723834366,648.7136615585263,-4285.521030322791,4345.3804503170795
19174.8666204,-437.70733615911314,848.3849364199543,-3227.8736224323443,3366.0827136103326
19174.8835061,-367.08125203782197,1355.8464297358983,-2436.163938702315,2812.1100481415756
19174.8951795,-329.58839256602545,1890.3376589501142,-1657.5331594391914,2535.6303255797607
19174.9117827,-492.6387349201174,2253.9312031300947,-799.5570264101729,2441.7596585391134
19174.9286115,-570.2402347570917,2278.3451581349855,33.13322464949462,2348.8568273755277
19174.940455,-483.04753831105313,2145.812259537007,694.0538637104663,2306.416255401247
19174.9569021,-439.4511900880339,2129.2456472122594,1073.3420932507336,2424.637627313824
19174.9739951,-348.77078578415393,2158.0192370394525,1284.3484186501466,2535.3971974698497
19174.9853795,-75.85764590805347,2178.073557222041,1314.8658624062602,2545.3155087795985
19175.0028528,34.00515161395501,2247.827714378872,1159.6628627323116,2529.565919098874
19175.0146939,-235.4202804043039,2187.6647538311054,863.2076948157809,2363.5624188858915
19175.0322276,-837.9218128464297,2003.6881643299641,583.3191392239974,2248.8086718315662
19175.0489787,-1371.5411150961852,1742.1100749918487,558.0332572546463,2286.366912809408
19175.061041,-1575.5720247799152,1492.7389631561787,804.7885881969352,2314.817809047978
19175.0783076,-1410.7778284969024,1318.3535702641018,1222.4416041734594,2285.3257302233133
19175.0907368,-944.2969025105967,1314.8658624062602,1654.9173785458104,2315.0206059612956
19175.1083852,-531.0035213563743,1334.0482556243887,2011.5355070101077,2471.421571482647
19175.1203453,-690.5661558526248,1266.0379523964787,2249.571568307793,2672.135092665811
19175.1376324,-1268.65373328986,1108.219171829149,2275.729377241604,2831.355898900815
19175.1497982,-1711.5926312357353,968.7108575154874,2222.541832409521,2967.76721755247
19175.1672976,-1633.1192044343006,859.7199869579393,2179.817411150962,2856.186397598022
19175.1844304,-1200.6434300619499,769.9115096185197,2178.9454841865013,2604.2487979935286
19175.1956944,-736.7782849690251,676.6153244212586,2172.841995435279,2392.0478414050895
19175.2134411,-445.5546788392566,552.801695467884,2144.0684056080863,2258.569904668554
19175.2252239,-420.26879686990543,343.5392239973916,2084.77737202478,2154.284510215342
19175.2428167,-511.82112813824585,133.40482556243887,1969.6830127160092,2039.4628913697022
19175.2547376,-481.30368438213236,56.67525268992501,1756.9328333876754,1822.547201556911
19175.272062,-272.04121291164006,36.62093250733616,1490.995109227258,1516.0520868227932
19175.2903716,82.83306162373655,-82.83306162373655,1202.3872839908706,1208.0802179072655
19175.3020275,423.756504727747,-170.02575806977504,803.9166612324748,924.5324937034113
19175.3198729,589.42262797522,-374.05666775350505,310.40599934789697,763.9956213822414
19175.3316897,569.3683077926313,-663.5364199543528,-239.7799152266058,906.6174817808015
19175.3490192,607.7330942288881,-949.528464297359,-730.6747962178024,1343.4394203535367
19175.3607109,1001.8440821649821,-1226.8012389957614,-1116.9384414737528,1938.113600130897
19175.3779264,1610.4491033583306,-1412.5216824258232,-1613.9368112161721,2682.0805074474097
19175.395091,1860.6921421584611,-1627.8876426475383,-2243.46807955657,3338.4640853188835
19175.4070848,1629.631496576459,-1896.4411477013368,-2991.58141506358,3898.941805706082
19175.4234974,1423.8567329638083,-2252.1873492011737,-3955.060710792305,4768.88048476381
19175.4346824,1495.35474404956,-2595.7265731985653,-5127.802477991523,5938.706972620951
19175.4513323,1826.686990544506,-2507.6619497880665,-6234.277795891751,6963.574761010924
19175.4685331,1922.5989566351484,-2159.763090968373,-6910.021193348549,7490.61788170308
19175.4803681,1844.9974567981742,-1921.727029670688,-6895.198434952723,7391.942359727457
19175.4978507,1441.295272253016,-1620.040299967395,-6086.922138897946,6461.616187947354
19175.514925,692.3100097815455,-1129.1454189761982,-4017.839452233453,4230.519636021357
19175.5265732,541.466644929899,-492.6387349201174,-2419.5973263775677,2527.9102580053764
19175.5436354,268.5535050537985,-220.59752200847734,-1605.2175415715683,1642.409086543919
19175.5554312,-89.80847733941962,-136.89253342028042,-624.2997065536355,645.4109170994886
19175.5720709,-214.49403325725464,135.14867949135964,334.81995435278776,419.972924965438
19175.5900535,-313.0217802412781,364.4654711444408,955.6319530485817,1069.6027974203344
19175.6013288,-464.7370720573851,544.0824258232801,1286.964199543528,1472.509111394877
19175.6180127,-644.3540267362243,660.0487120965113,1409.9059015324422,1684.8415549503338
19175.6296934,-951.2723182262798,650.457515487447,1512.7932833387677,1901.724880468411
19175.646195,-1218.0819693511576,619.0681447668732,1510.1775024453864,2036.566998852647
19175.6635067,-1237.264362569286,617.3242908379524,1410.7778284969024,1975.400330140956
19175.6746369,-1164.0224975546137,580.7033583306162,1358.4622106292795,1880.846709037588
19175.6912814,-1062.878969677209,613.8365829801108,1303.5308118682751,1790.4467689034345
19175.7078286,-991.3809585914574,791.7096837300294,1218.0819693511576,1758.7962111705876
19175.7247335,-953.888099119661,994.868666449299,1154.4313009455493,1797.8814748830248
19175.7358002,-998.3563743071405,939.0653407238344,1219.8258232800783,1834.811762391279
19175.7518691,-814.3797848059994,653.0732963808282,1397.6989240299968,1744.5003429581197
19175.7679971,-509.2053472448647,386.26364525595045,1565.980828170851,1691.3857169515895
19175.7840974,-273.78506684056083,229.3167916530812,1771.7555917835018,1807.3910287414453
19175.7948597,-68.8822301923704,173.51346592761658,1954.8602543201825,1963.754133901507
19175.8112358,-25.28588196935116,159.5626344962504,1979.2742093250733,1985.8564917570823
19175.8277314,-131.6609716335181,159.5626344962504,1839.7658950114119,1851.3598770163535
19175.8440234,-199.67127486142812,154.3310727094881,1633.1192044343006,1652.5026577590043
19175.8548572,-236.29220736876428,122.06977502445386,1460.4776654711445,1484.496564016828
19175.8709104,-45.340202151940005,-3.487707857841539,1300.915030974894,1301.7095743112939
19175.8871415,367.95317900228235,-313.0217802412781,1111.7068796869905,1212.1321558257125
19175.9037964,699.2854254972286,-680.1030322791001,730.6747962178024,1218.7804965029568
19175.9151368,749.8571894359309,-779.502706227584,157.81878056732964,1093.076868781258
19175.9319499,438.5792631235735,-497.8702967068797,-458.6335833061624,806.5800432203017
19175.949367,51.443690903162704,-87.19269644603848,-1000.9721552005217,1006.0786624981411
19175.9611923,189.2081512879035,69.75415715683079,-1482.275839582654,1495.9301559781818
19175.9783625,690.5661558526248,-150.84336485164656,-2134.477208999022,2248.472435246893
19175.9899484,632.147049233779,-199.67127486142812,-3061.335572220411,3132.292131267745
19176.0077142,196.18356700358657,155.20299967394848,-3948.085295076622,3956.0022068080675
19176.0253211,-261.57808933811543,747.2414085425497,-4314.2946201499835,4386.334561899893
19176.036441,-558.9051842191067,1417.7532442125855,-4143.396935115748,4414.7635755891715
19176.053899,-518.7965438539289,1591.2667101402021,-3530.4322791000977,3907.0745672468443
19176.0659086,20.05432018258885,1370.669188131725,-2661.1210955330944,2993.4431152341817
19176.0831714,350.5146397130747,1711.5926312357353,-1990.6092598630585,2648.5722707538507
19176.094691,81.96113465927617,2226.0295402673623,-1975.7865014672318,2977.525388828395
19176.1121493,-226.70101075970004,2512.0215846103683,-2168.4823606129767,3326.253378520266
19176.1296351,-402.8302575806978,2699.4858819693513,-2177.2016302575807,3491.375542987412
19176.141211,-279.01662862732314,2381.2325399413107,-1665.3805021193348,2919.1798343310666
19176.1586333,-86.3207694815781,2035.077535050538,-776.0149983697424,2179.722717825838
19176.1712568,200.5432018258885,2005.432018258885,283.37626344962507,2035.258524694874
19176.1885151,-40.980567329638085,2043.7968046951419,857.9761330290186,2216.9591404958637
19176.2000945,-494.38258884903814,2063.851124877731,959.9915878708836,2329.265862583963
19176.2173873,-695.7977176393871,2105.7036191718294,1014.0510596674275,2438.5286029239337
19176.2347119,-381.03208346918814,1779.6029344636454,1219.8258232800783,2190.9237987947936
19176.2460086,-18.31046625366808,1285.2203456146071,1547.6703619171828,2011.8176257089062
19176.2632483,100.27160091294425,898.0847733941963,1868.5394848386045,2075.5843660408186
19176.2747244,-197.92742093250735,759.4483860449951,2086.5212259537007,2229.2393190006937
19176.2918856,-543.2104988588197,688.822301923704,2177.2016302575807,2347.2879560237566
19176.3091445,-735.9063580045647,542.3385718943593,2198.9998043690903,2381.4469202422406
19176.3208885,-782.9904140854255,371.4408868601239,2124.8860123899576,2294.816525701259
19176.3384491,-657.4329312031301,104.63123573524616,2069.954613628953,2174.3683811639676
19176.3497898,-465.6089990218455,-284.24819041408546,2072.5703945223345,2143.1604732203964
19176.3671437,-404.57411150961855,-572.8560156504728,2084.77737202478,2199.577440618375
19176.3852852,-499.61415063580046,-723.6993805021193,2062.97919791327,2242.5963220957897
19176.3971132,-558.9051842191067,-888.4935767851321,2001.072383436583,2259.6651355207473
19176.4149361,-590.2945549396804,-1105.603390935768,1855.4605803716988,2239.0936748946847
19176.4264047,-545.8262797522009,-1383.7480925986306,1649.685816759048,2221.294308608034
19176.444179,-463.8651450929247,-1695.8979458754484,1423.8567329638083,2262.434244715858
19176.4556246,-470.8405608086078,-1942.6532768177372,1186.6925986305837,2324.614357539302
19176.4725687,-534.4912292142159,-2075.1861754157158,939.9372676882948,2339.9915820217743
19176.4898677,-516.1807629605478,-2158.0192370394525,708.8766221062928,2329.376670453214
19176.5014193,-306.04636452559504,-2271.3697424193024,489.15102706227583,2343.513091769137
19176.5189147,-40.1086403651777,-2422.213107270949,224.08522986631888,2432.8870155252525
19176.5302765,143.86794913596347,-2606.18969677209,-122.94170198891425,2613.0513551091026
19176.5475825,184.84851646560156,-2806.7328985979784,-551.9297685034236,2866.4516405256145
19176.564866,74.1137919791327,-2917.4676230844475,-1058.5193348549071,3104.4441319130256
19176.5761307,-113.35050537985002,-2968.0393870231496,-1577.315878708836,3363.0390305819597
19176.5939407,-214.49403325725464,-2966.295533094229,-1989.737332898598,3578.2637596868353
19176.6060205,-0.8719269644603848,-3002.044538637105,-2228.6453211607436,3738.8677617360545
19176.6231592,431.60384740789044,-3036.92161721552,-2400.4149331594394,3895.0181824406236
19176.634773,703.6450603195304,-3081.3898924029995,-2559.1056406912294,4066.8294432067237
19176.6520805,442.06697098141507,-2983.734072383437,-2697.7420280404303,4046.7152446632845
19176.6697712,-68.01030322791001,-2920.955330942289,-2809.3486794913597,4053.275891136104
19176.6818213,-592.9103358330616,-2674.2000000000003,-2661.9930224975546,3819.5674045843652
19176.6991719,-861.4638408868601,-2327.173068144767,-2251.3154222367134,3350.5634703217816
19176.7110361,-823.0990544506033,-1970.5549396804695,-1704.6172155200522,2732.4528678796846
19176.7281046,-548.442060645582,-1704.6172155200522,-1087.2929246820997,2094.925881599696
19176.7450755,-340.92344310401046,-1471.8127160091294,-504.84571242256277,1592.9000779758624
19176.7565294,-338.3076622106293,-1262.5502445386371,25.28588196935116,1307.3349112304625
19176.7728799,-392.36713400717315,-927.7302901858494,657.4329312031301,1202.852242882584
19176.7892692,-359.2339093576785,-672.2556895989567,1286.964199543528,1495.74515367334
19176.8001343,-413.2933811542224,-503.9737854581024,1736.8785132050864,1855.1409555525343
19176.8164718,-621.6839256602543,-354.0023475709162,1972.2987936093903,2098.039822496971
19176.832968,-820.4832735572221,-250.24303880013042,2065.5949788066514,2236.626253339245
19176.8492806,-882.3900880339094,-195.3116400391262,2106.5755461362896,2292.252044556765
19176.8604448,-802.172807303554,-225.82908379523965,2187.6647538311054,2341.016245783009
19176.8767096,-622.5558526247147,-250.24303880013042,2294.039843495272,2390.149822008868
19176.8931264,-510.0772742093251,-173.51346592761658,2355.0747310074994,2415.9186114505337
19176.9093573,-506.58956635148354,-20.926247147049235,2317.5818715357027,2372.394703211667
19176.9203653,-507.4614933159439,108.1189435930877,2280.089012063906,2338.3782363203545
19176.9370411,-474.32826866644933,192.69585914574503,2229.517248125204,2287.545881567364
19176.9530557,-415.9091620476035,182.2327355722204,2158.0192370394525,2205.2746378674956
19176.9645755,-350.5146397130747,136.02060645582003,2093.4966416693837,2126.990904238846
19176.9818795,-271.1692859471797,77.60149983697424,2070.826540593414,2089.9467303364786
19176.9994116,-147.355656993805,-2.6157808933811544,2076.058102380176,2081.2827238066757
19177.0109217,28.773589827192698,-115.96628627323118,2058.6195630909683,2062.0840440109123
19177.0277269,166.5380502119335,-235.4202804043039,2007.1758721878057,2027.7851494887007
19177.0447607,233.67642647538312,-360.1058363221389,1906.9042712748615,1954.626507916508
19177.0558562,177.87310074991848,-511.82112813824585,1742.1100749918487,1824.4306565521208
19177.0730693,110.73472448646886,-694.0538637104663,1532.8476035213564,1686.296154463885
19177.0896739,115.09435930877079,-864.0796217802413,1269.5256602543202,1539.9921124358882
19177.1010216,277.2727746984024,-995.7405934137594,936.4495598304533,1394.7463206861619
19177.1182385,510.94920117378547,-1169.254059341376,520.5403977828497,1378.109736991341
19177.1305833,673.9995435278774,-1314.8658624062602,-11.335050537985001,1477.5913183853795
19177.1478738,889.3655037495924,-1252.959047929573,-626.9154874470166,1659.4879943673225
19177.1653423,1087.2929246820997,-872.7988914248451,-1491.8670361917184,2041.9723461917047
19177.1769815,977.4301271600913,-456.8897293772416,-2719.54020215194,2925.7506369154594
19177.1938311,600.7576785132051,-254.60267362243235,-4063.179654385393,4115.235256157255
19177.2056387,575.4717965438539,-24.413955004890774,-5165.295337463319,5197.310819360017
19177.2230131,692.3100097815455,334.81995435278776,-5259.463449625041,5315.388351702843
19177.2348566,658.3048581675905,764.6799478317574,-3907.1047277469843,4035.2903318702943
19177.2520495,332.2041734594066,1326.2009129442451,-2432.6762308444736,2790.5343786582653
19177.2684578,-216.2378871861754,1684.5628953374633,-1898.1850016302576,2547.0801464847036
19177.2803992,-462.12129116400394,1872.027192696446,-1540.6949462014998,2468.1537260051014
19177.297436,-464.7370720573851,2194.6401695467885,-1056.7754809259864,2479.7581408313144
19177.3140722,-546.6982067166613,2476.2725790674926,-648.7136615585263,2617.5626505895625
19177.3249818,-606.8611672644278,2503.3023149657647,-333.9480273883274,2597.3687149580933
19177.3417029,-519.6684708183893,2395.183371372677,-34.00515161395501,2451.1456611958406
19177.3588111,-332.2041734594066,2269.6258884903814,357.4900554287577,2321.4996072151416
19177.3705165,-265.065797195957,2204.231366155853,747.2414085425497,2342.491305219526
19177.3879535,-485.6633192044343,2161.506944897294,972.198565373329,2419.328663694509
19177.4051904,-775.1430714052821,1974.9145745027715,1111.7068796869905,2395.2090814946537
19177.4167255,-1048.9281382458428,1754.317052494294,1205.0030648842517,2372.7433376276917
19177.4347039,-1300.915030974894,1559.8773394196282,1222.4416041734594,2370.645630933786
19177.4459928,-1395.955070101076,1384.620019563091,1245.1117052494294,2327.2658453354525
19177.464096,-1341.895598304532,1258.1906097163353,1302.6588849038149,2254.02918737675
19177.47527,-1174.4856211281383,1232.0328007825237,1466.581154222367,2246.815875491579
19177.492983,-804.7885881969352,1202.3872839908706,1700.2575806977502,2232.5536260334543
19177.5101226,-499.61415063580046,1143.968177372025,1843.2536028692534,2226.1763934706273
19177.5218524,-501.3580045647212,1021.0264753831106,1814.4800130420606,2141.5397801356607
19177.5389994,-721.0835996087382,932.9618519726117,1708.1049233778938,2075.57264486904
19177.5506319,-916.3952396478644,827.4586892729052,1629.631496576459,2044.545654255862
19177.568213,-928.6022171503098,751.6010433648516,1610.4491033583306,2005.181418373723
19177.5798989,-779.502706227584,669.6399087055755,1669.7401369416368,1960.6310721961984
19177.596913,-625.1716335180959,644.3540267362243,1732.5188783827846,1951.3209236513642
19177.6136387,-468.22477991522663,560.6490381480274,1751.701271600913,1897.8986098923267
19177.6251178,-272.91313987610044,440.3231170524943,1729.9030974894033,1805.804739176218
19177.6583983,40.1086403651777,202.28705575480927,1618.2964460384742,1631.3835058681477
19177.6697105,188.3362243234431,147.355656993805,1493.6108901206392,1512.63270959194
19177.6871287,315.6375611346593,122.94170198891425,1315.7377893707205,1358.641844808674
19177.7043858,416.7810890120639,74.98571894359308,1105.603390935768,1183.9291331208292
19177.7160561,527.5158134985328,-31.38937072057385,908.5478969677209,1051.055425355733
19177.7333027,723.6993805021193,-221.46944897293773,756.832605151614,1070.3200934244421
19177.7453888,1010.5633518095859,-486.5352461688947,643.482099771764,1293.0676882947505
19177.7620837,1283.4764916856864,-818.7394196283013,568.4963808281709,1625.064391640471
19177.7793975,1465.7092272579068,-1183.2048907727421,456.01780241278124,1938.0994784930133
19177.790768,1497.0985979784807,-1641.8384740789045,171.7696119986958,2228.5516791497257
19177.8075726,1476.1723508314315,-2096.112422562765,-566.7525268992501,2625.6390696605317
19177.8246759,1399.4427779589175,-2621.0124551679164,-1994.0969677209,3578.3472575478763
19177.8359861,981.7897619823932,-2917.4676230844475,-4085.8497554613627,5115.632579914544
19177.8526304,333.9480273883274,-2767.496185197261,-6571.71353113792,7138.485494516269
19177.869387,609.4769481578089,-2624.500163025758,-8777.688751222693,9181.89975274177
19177.8807773,2032.461754157157,-2238.2365177698075,-9597.300097815454,10062.244911505504
19177.8984634,1695.8979458754484,-2065.5949788066514,-6930.947440495598,7428.377001890002
19177.9153631,1259.0625366807956,-1459.605738506684,-3795.498076296055,4256.934698855713
19177.927051,-274.6569938050212,-642.6101728073036,-2769.240039126182,2856.0592943321435
19177.9442704,-635.6347570916205,-282.5043364851647,-2189.408607760026,2297.24841849756
19177.9553639,-130.78904466905772,-205.77476361265082,-1418.625171177046,1439.425720154531
19177.9731435,216.2378871861754,-72.36993805021193,-636.5066840560809,676.1190654287159
19177.9848123,-20.05432018258885,102.88738180632541,-69.75415715683079,125.91120495653364
19178.0022253,-348.77078578415393,138.6363873492012,474.32826866644933,604.8540446833808
19178.0195118,-508.3334202804043,105.50316269970655,1084.6771437887187,1202.521637963853
19178.0313206,-610.3488751222693,124.68555591783502,1590.3947831757418,1708.047951191703
19178.047939,-702.7731333550701,174.38539289207696,1836.2781871535703,1973.8839689393676
19178.0647455,-837.0498858819693,221.46944897293773,1866.7956309096837,2057.820972744441
19178.0765267,-839.6656667753505,255.47460058689273,1756.9328333876754,1963.9548580713283
19178.0932247,-778.6307792631236,268.5535050537985,1658.4050864036517,1851.6733799733913
19178.1053601,-720.2116726442778,285.12011737854584,1568.596609064232,1749.4266651434211
19178.1221704,-738.5221388979459,295.5832409520704,1504.0740136941638,1701.476723509375
19178.1393448,-825.7148353439844,344.411150961852,1473.5565699380502,1723.888916091058
19178.1510549,-850.1287903488751,392.36713400717315,1493.6108901206392,1762.8228552852418
19178.1685136,-723.6993805021193,368.82510596674274,1569.4685360286926,1767.2023759927945
19178.1801683,-528.3877404629932,382.7759373981089,1653.1735246168896,1777.271426939852
19178.1973913,-384.5197913270297,419.39686990544504,1685.4348223019238,1778.8872208874245
19178.2143936,-328.71646560156506,405.44603847407893,1693.2821649820671,1771.9044825041403
19178.2259278,-282.5043364851647,381.03208346918814,1698.5137267688294,1763.503056075586
19178.2426652,-262.4500163025758,370.5689598956635,1665.3805021193348,1726.1788962719431
19178.2727615,36.62093250733616,408.0618193674601,1368.0534072383437,1428.0846145028067
19178.2898023,242.39569611998695,361.84969025105966,1068.1105314639713,1153.49511453518
19178.3013237,420.26879686990543,258.0903814802739,639.9943919139224,807.9785444653728
19178.3188622,526.6438865340724,149.97143788718617,135.14867949135964,564.012748946264
19178.3300748,562.3928920769482,54.93139876100424,-431.60384740789044,711.045079250119
19178.3469702,524.0281056406913,211.8782523638735,-980.9178350179328,1132.1208629746247
19178.3633846,519.6684708183893,442.06697098141507,-1469.1969351157484,1619.8821440305203
19178.3747018,680.1030322791001,438.5792631235735,-1813.6080860776003,1985.9673195808887
19178.3917718,860.5919139223997,445.5546788392566,-2114.422888816433,2325.9238093486647
19178.4082001,864.0796217802413,482.17561134659275,-2411.7499836974243,2606.8496114693444
19178.4254231,619.0681447668732,602.5015324421258,-2773.599673948484,2905.014391666132
19178.4372247,184.84851646560156,947.7846103684383,-3118.010824910336,3264.116441848976
19178.4547237,68.01030322791001,1353.2306488425172,-3183.405347244865,3459.758401272998
19178.4665211,381.9040104336485,1673.2278447994784,-3072.670622758396,3519.4952549705304
19178.4836478,915.523312683404,1835.4062601891098,-2784.0627975220086,3458.0203493551394
19178.4951563,1076.829801108575,2056.003782197587,-2321.0695793935442,3282.3890636779247
19178.5120767,467.35285295076625,2491.96726442778,-1872.027192696446,3151.6353447592614
19178.5295816,-311.27792631235735,2935.7780893381155,-1426.4725138571894,3278.797152926226
19178.5412927,-701.0292794261494,3004.660319530486,-1273.0133681121617,3337.6621641151846
19178.5588458,-455.14587544832085,2498.942680143463,-1188.4364525595045,2804.327635700299
19178.5709824,-117.71014020215195,1862.435996087382,-702.7731333550701,1994.0946801980372
19178.5891101,185.72044343006195,1757.8047603521356,-87.19269644603848,1769.737897242984
19178.6006996,284.24819041408546,1916.4954678839256,276.400847733942,1957.0767334985492
19178.618087,212.75017932833387,2011.5355070101077,435.091555265732,2069.019670334287
19178.634592,-190.95200521682426,2004.5600912944246,500.48607760026084,2074.900031755345
19178.6467105,-154.3310727094881,1526.7441147701338,777.7588522986632,1720.3704555466636
19178.6637918,139.50831431366157,855.3603521356374,1255.574828822954,1525.6382443233492
19178.6747128,-87.19269644603848,603.3734594065862,1613.9368112161721,1725.2403103418458
19178.6919969,-320.8691229214216,594.6541897619824,1795.297619823932,1918.2450685955948
19178.70926,-466.48092598630586,521.4123247473101,1915.6235409194653,2039.3844211507221
19178.7204552,-449.04238669709815,355.74620149983696,1930.4462993152918,2013.657701664385
19178.7384669,-362.72161721552004,253.73074665797196,1932.1901532442125,1982.2474748852494
19178.7503073,-340.0515161395501,249.37111183567004,1922.5989566351484,1968.3007222224774
19178.7672153,-296.4551679165308,258.0903814802739,1901.6727094880991,1941.8690495522246
19178.7850046,-81.96113465927617,133.40482556243887,1932.1901532442125,1938.5234750633983
19178.7974192,180.48888164329964,-144.73987610042386,1967.9391587870884,1981.4919633493466
19178.8147789,377.5443756113466,-387.13557222041084,1955.732181284643,2029.1136172591653
19178.8269932,465.6089990218455,-509.2053472448647,1846.741310727095,1971.4297589259722
19178.8439634,485.6633192044343,-586.8068470818389,1685.4348223019238,1849.5679699948078
19178.8550576,520.5403977828497,-662.6644929898924,1462.2215194000653,1687.6546767008097
19178.8718955,524.0281056406913,-830.0744701662862,1185.8206716661232,1539.4153912683566
19178.8892444,573.7279426149332,-1259.934463645256,932.9618519726117,1669.4359592552175
19178.9010247,693.1819367460059,-1869.411411803065,748.1133355070101,2129.524309974858
19178.9183936,640.8663188783828,-2400.4149331594394,563.2648190414086,2547.5417065040006
19178.9301957,338.3076622106293,-2641.9387023149657,297.3270948809912,2680.0551454122124
19178.9469888,9.591196609064232,-2688.150831431366,-41.85249429409847,2688.4937260213524
19178.964377,-128.17326377567656,-2811.964460384741,-408.9337463319205,2844.433040326809
19178.9758978,61.03488751222693,-3179.9176393870234,-700.157352461689,3256.658067557067
19178.9933014,549.3139876100424,-3617.6249755461363,-920.7548744701663,3773.1612554381772
19179.0047392,736.7782849690251,-3823.3997391587873,-1102.9876100423867,4046.9506390007277
19179.0220133,525.771959569612,-3860.0206716661232,-1326.2009129442451,4115.216227691275
19179.0393984,270.2973589827193,-3795.498076296055,-1519.7686990544507,4097.384923102264
19179.0512413,58.41910661884578,-3570.5409194652757,-1519.7686990544507,3880.9627862451525
19179.0682685,202.28705575480927,-3362.1503749592434,-1410.7778284969024,3651.7487972398876
19179.0798732,487.40717313335506,-2974.1428757743724,-1263.4221715030976,3267.923986476262
19179.0969726,533.6193022497555,-2626.244016954679,-1236.3924356048256,2951.368064329591
19179.1137741,435.96348223019237,-2210.334854907075,-1275.6291490055428,2588.990933635721
19179.1250586,235.4202804043039,-1465.7092272579068,-966.0950766221063,1771.1764294863697
19179.1426381,176.1292468209977,-826.5867623084448,-414.1653081186828,941.1695328995371
19179.1599168,289.4797522008477,-484.7913922399739,41.85249429409847,566.191533143047
19179.1714625,281.6324095207043,-320.8691229214216,311.27792631235735,528.363279899466
19179.1885131,226.70101075970004,-289.4797522008477,550.1859145745028,661.737422101785
19179.2046815,19.182393218128464,-190.95200521682426,762.0641669383763,785.8577651441656
19179.2160171,-286.8639713074666,-95.91196609064232,932.9618519726117,980.7690148601907
19179.2331927,-615.5804369090316,-74.1137919791327,1079.4455820019564,1244.843320651311
19179.2448677,-922.4987283990871,-137.7644603847408,1211.1065536354745,1528.6471256316247
19179.2614685,-1149.199739158787,-118.58206716661233,1358.4622106292795,1783.2950750910293
19179.2784447,-1294.8115422236713,25.28588196935116,1531.975676556896,2006.0223775582785
19179.2900507,-1358.4622106292795,212.75017932833387,1678.4594065862407,2169.771461714312
19179.3062717,-1457.8618845777632,354.0023475709162,1782.2187153570264,2329.5884799593246
19179.3228597,-1414.265536354744,308.6621454189762,1944.397130746658,2424.0667336918045
19179.3394279,-1267.7818063253994,226.70101075970004,2092.6247147049235,2457.1817705092603
19179.3505507,-1182.3329638082816,236.29220736876428,2201.6155852624715,2510.150678712633
19179.3674197,-1157.0470818389306,276.400847733942,2280.9609390283667,2572.5353609995714
19179.3835038,-1085.549070753179,319.1252689925008,2361.1782197587218,2618.2857574729296
19179.3946303,-909.4198239321813,348.77078578415393,2454.474404955983,2640.668491454647
19179.4115069,-662.6644929898924,338.3076622106293,2533.8197587218783,2640.798908336144
19179.4285095,-455.14587544832085,180.48888164329964,2666.3526573198565,2710.935354731117
19179.4399623,-272.04121291164006,-70.62608412129117,2831.146853602869,2845.06361474505
19179.4564688,-217.1098141506358,-287.73589827192694,2937.521943267036,2959.5546600342122
19179.473046,-245.8834039778285,-541.466644929899,2921.8272579067493,2981.730923636511
19179.4898618,-177.0011737854581,-839.6656667753505,2815.4521682425825,2943.3210424866297
19179.5014547,-91.5523312683404,-1120.4261493315944,2480.6322138897945,2723.4670488284733
19179.5184293,121.19784805999348,-1436.0637104662537,1804.8888164329965,2309.6734701202636
19179.5297246,304.30251059667427,-1845.8693837626345,871.0550374959244,2063.630460672335
19179.5471295,428.1161395500489,-2049.028366481904,-62.7787414411477,2094.2162844290156
19179.5640275,429.85999347896967,-2060.3634170198893,-1061.1351157482882,2357.092437318008
19179.5757356,708.0046951418324,-2041.1810238017606,-2035.9494620149985,2968.6328220496457
19179.5925143,1186.6925986305837,-1663.636648190414,-3026.4584936419956,3651.7635786814867
19179.6099393,1231.1608738180632,-946.0407564395175,-3817.2962504075645,4120.98299844112
19179.6214113,442.06697098141507,-293.83938702314964,-4203.559895663515,4236.942363146976
19179.6387347,-425.50035865666774,364.4654711444408,-3908.848581675905,3948.795116151663
19179.6508635,-673.9995435278774,1091.6525595044018,-2919.211477013368,3188.6950846505956
19179.6680204,-557.1613302901859,1575.5720247799152,-2103.087838278448,2686.230520404853
19179.6801767,-565.8805999347898,1953.9883273557223,-1708.976850342354,2656.8577515236007
19179.698088,-650.457515487447,2203.359439191392,-1339.279817411151,2659.240159717199
19179.7102315,-673.9995435278774,2257.418910987936,-792.5816106944898,2485.6389790097874
19179.7271934,-719.3397456798174,2270.497815454842,-305.17443756113465,2401.195834795794
19179.7437997,-834.4341049885882,2327.173068144767,129.04519074013695,2475.6145552003027
19179.7555728,-871.0550374959244,2393.4395174437564,490.8948809911966,2593.8903959480995
19179.773102,-745.497554613629,2369.897489403326,742.8817737202478,2593.0781021675434
19179.7847433,-648.7136615585263,2361.1782197587218,857.1042060645582,2594.3437744850225
19179.8022327,-694.0538637104663,2294.911770459733,874.5427453537659,2552.0885198944325
19179.8197947,-736.7782849690251,2096.112422562765,839.6656667753505,2375.1985098482055
19179.8318169,-884.1339419628301,1959.2198891424846,846.6410824910336,2310.2027019081706
19179.8486121,-1148.3278121943267,1902.5446364525596,887.6216498206717,2392.949028120696
19179.8608039,-1403.8024127812193,1789.1941310727095,980.9178350179328,2476.7068158850916
19179.8784888,-1460.4776654711445,1550.2861428105641,1157.9190088033909,2424.2851661631576
19179.89023,-1283.4764916856864,1265.1660254320184,1404.6743397456798,2284.9654214795487
19179.9068849,-1104.7314639713074,1138.7366155852626,1603.4736876426475,2255.7217368560946
19179.9235941,-1044.568503423541,1116.0665145092926,1759.5486142810564,2330.823706154501
19179.9349978,-1061.1351157482882,1115.194587544832,1822.3273557222042,2385.486049713329
19179.9522614,-1068.9824584284318,1080.3175089664167,1783.9625692859472,2343.57245785583
19179.9694463,-1032.3615259210956,1075.0859471796543,1683.690968373003,2248.643011019341
19179.9812323,-964.3512226931855,1068.9824584284318,1545.0545810238018,2111.845267883083
19180.0103769,-773.3992174763613,945.1688294750571,1375.9007499184872,1839.7264305951994
19180.0164096,-407.1898924029997,761.1922399739159,1216.3381154222368,1491.5413657356582
19180.0280047,-2.6157808933811544,503.9737854581024,1119.5542223671341,1227.7614082380705
19180.044752,363.5935441799804,221.46944897293773,1077.7017280730356,1158.7450094344929
19180.0562934,626.0435604825562,-53.18754483208347,1006.203716987284,1186.2568754810095
19180.0736898,613.8365829801108,-228.4448646886208,834.4341049885882,1060.7839942115488
19180.0852492,382.7759373981089,-317.38141506358005,574.5998695793935,759.8772210031154
19180.1031251,106.37508966416694,-357.4900554287577,256.3465275513531,452.57965223720834
19180.1145378,-25.28588196935116,-407.1898924029997,-37.49285947179654,409.6934205152755
19180.1322955,157.81878056732964,-544.9543527877405,-277.2727746984024,631.4762115163286
19180.1495198,571.1121617215521,-800.4289533746332,-496.9983697424193,1101.7545054109366
19180.1611241,976.5582001956309,-1217.210042386697,-716.7239647864362,1717.253460429049
19180.1787,1200.6434300619499,-1810.992305184219,-1007.9475709162048,2395.244472137083
19180.1904406,1149.199739158787,-2450.1147701336813,-1548.5422888816433,3117.964985012604
19180.2074642,829.2025432018258,-2894.7975220084772,-2597.4704271274863,3976.71751207961
19180.224107,483.04753831105313,-2979.3744375611345,-3991.6816432996416,5004.35103733905
19180.2349799,326.9726116726443,-2872.1274209325074,-5304.803651776981,6041.272117258321
19180.2514288,765.5518747962178,-2831.146853602869,-6018.039908705576,6694.64461509664
19180.2680011,1803.1449625040757,-2909.620280404304,-5902.073622432345,6822.880255182227
19180.2794952,1328.8166938376264,-2510.277730681448,-5064.151809585915,5806.279500808504
19180.2957504,626.0435604825562,-1593.8824910335834,-4029.174502771438,4377.972031503691
19180.312456,291.2236061297685,-744.6256276491686,-3179.0457124225627,3278.0497488280166
19180.3288749,182.2327355722204,-667.8960547766548,-2474.528725138572,2569.5498285568005
19180.3403321,227.57293772416043,-701.0292794261494,-1953.1164003912618,2087.55722462271
19180.3572042,259.83423540919466,-469.9686338441474,-1429.960221715031,1527.4719579669263
19180.3736198,56.67525268992501,-271.1692859471797,-621.6839256602543,680.6142588374965
19180.3845856,-104.63123573524616,37.49285947179654,553.6736224323444,564.7193021140775
19180.4009908,-257.2184545158135,363.5935441799804,1663.636648190414,1722.2219647638624
19180.4174444,-621.6839256602543,567.6244538637105,2219.0541245516793,2373.3709427180233
19180.4340341,-1091.6525595044018,733.2905771111836,2335.8923377893707,2680.636751761726
19180.4450862,-1308.7623736550374,766.4238017606782,2166.738506684056,2644.8100406168896
19180.4617583,-1239.0082164982068,714.9801108575155,1976.6584284316923,2439.982881530512
19180.4788666,-987.8932507336159,678.3591783501794,1877.2587544832083,2227.15169689467
19180.4899221,-815.2517117704598,684.4626671014021,1837.1501141180306,2123.26282829143
19180.5064951,-734.1625040756439,683.5907401369417,1829.3027714378873,2086.298040065687
19180.5244053,-778.6307792631236,717.5958917508966,1811.8642321486795,2098.5856546763557
19180.5359204,-798.6850994457125,755.9606781871536,1760.420541245517,2075.6817957194085
19180.5529517,-762.9360939028367,759.4483860449951,1673.2278447994784,1989.6041704465674
19180.5700744,-720.2116726442778,796.0693185523313,1573.8281708509944,1905.0895844336635
19180.5817093,-632.147049233779,679.2311053146398,1572.9562438865341,1826.2409839513389
19180.599768,-270.2973589827193,465.6089990218455,1552.029996739485,1642.7566810158842
19180.6114498,60.162960547766545,292.09553309422887,1504.0740136941638,1533.3551516023758
19180.6280315,255.47460058689273,197.05549396804696,1466.581154222367,1501.6518974676633
19180.6452954,302.5586566677535,191.82393218128465,1387.2358004564721,1432.7460793002347
19180.6566384,216.2378871861754,151.71529181610694,1261.6783175741768,1289.0339524862768
19180.673479,116.83821323769156,53.18754483208347,1066.3666775350505,1074.0660938485041
19180.6847896,12.206977502445387,-46.21212911640039,769.0395826540594,770.5234914432822
19180.7019431,-41.85249429409847,-91.5523312683404,361.84969025105966,375.59107946554496
19180.7181981,55.803325725464624,-136.89253342028042,-85.44884251711771,170.74859166552466
19180.729975,215.36596022171503,-213.62210629279426,-592.0384088686012,665.2265619282323
19180.7467044,163.05034235409195,-211.0063253994131,-1149.199739158787,1179.7326493672088
19180.7639503,-496.1264427779589,-200.5432018258885,-1788.322204108249,1866.6695820976663
19180.7751451,-1479.660058689273,-237.16413433322467,-2571.3126181936746,2976.1198390482164
19180.7931982,-1852.8447994783176,-135.14867949135964,-3329.017150309749,3812.303005215948
19180.8046269,-1259.0625366807956,19.182393218128464,-3613.2653407238345,3826.3942371322355
19180.8216847,-237.16413433322467,301.6867297032931,-3369.9977176393872,3391.7762789411354
19180.8390931,228.4448646886208,945.1688294750571,-3217.4104988588197,3361.1399094028816
19180.8508799,-36.62093250733616,1346.2552331268341,-3390.052037821976,3647.766037530371
19180.867905,-528.3877404629932,1546.7984349527226,-3476.372807303554,3841.4771765563532
19180.87964,-738.5221388979459,1624.3999347896968,-3103.1880665145095,3579.6461101546374
19180.8967272,-691.4380828170852,1756.0609064232149,-2559.9775676556897,3180.459349895551
19180.9138975,-239.7799152266058,1996.712748614281,-2030.7179002282362,2858.001294354545
19180.9250163,156.07492663840887,2261.778545810238,-1769.1398108901208,2875.7359481511844
19180.9420104,294.71131398761,2462.3217476361265,-1705.4891424845125,3009.7468934458075
19180.9588525,170.89768503423542,2577.4161069448974,-1482.275839582654,2978.157395387207
19180.9711582,235.4202804043039,2399.5430061949787,-1015.7949135963482,2616.3082107223318
19180.9885492,169.15383110531465,2137.0929898924032,-453.4020215194001,2191.198954714687
19180.9998366,-110.73472448646886,1968.8110857515487,113.35050537985002,1975.1778673464203
19181.0170259,-104.63123573524616,1983.6338441473754,618.1962178024128,2080.364748510123
19181.0340924,-20.05432018258885,2015.8951418324095,956.5038800130421,2231.397560073395
19181.0458122,-36.62093250733616,2090.008933811542,1111.7068796869905,2367.5663924065893
19181.0630894,452.5300945549397,1538.0791653081187,1390.7235083143137,2122.400264278841
19181.0745181,773.3992174763613,922.4987283990871,1648.8138897945876,2041.5037341799155
19181.0914229,441.1950440169547,668.7679817411151,1856.332507336159,2021.8491679796884
19181.1086335,-81.96113465927617,601.6296054776655,2015.8951418324095,2105.352472306088
19181.1200094,-470.8405608086078,516.1807629605478,2094.368568633844,2207.8299560959113
19181.1376924,-653.0732963808282,503.9737854581024,2120.526377567656,2275.3299595519975
19181.1494916,-809.1482230192371,531.8754483208347,2091.752787740463,2305.0037015939206
19181.1668222,-855.3603521356374,357.4900554287577,1992.3531137919792,2197.4784189549287
19181.1834701,-646.9698076296055,-187.46429735898272,1883.3622432344312,2000.191524332011
19181.1950682,-553.6736224323444,-956.5038800130421,1890.3376589501142,2189.71016746563
19181.2131129,-737.6502119334855,-1430.8321486794914,1831.9185523312683,2438.715656905449
19181.2245973,-1014.9229866318879,-1524.1283338767525,1640.0946201499837,2458.240470329263
19181.2416347,-1249.4713400717314,-1477.9162047603522,1412.5216824258232,2395.9616944510963
19181.2584568,-1207.618845777633,-1504.0740136941638,1180.5891098793609,2261.497857994368
19181.2699464,-822.2271274861429,-1632.2472774698404,971.3266384088686,2069.7256007655924
19181.2873373,-358.3619823932181,-1838.8939680469514,820.4832735572221,2045.2743430482462
19181.3049292,-6.975415715683078,-2080.417737202478,667.0241278121944,2184.744333961002
19181.3167949,143.86794913596347,-2171.970068470818,364.4654711444408,2207.031274082508
19181.3338995,144.73987610042386,-2158.8911640039128,-25.28588196935116,2163.885409529512
19181.3452891,112.47857841538963,-2120.526377567656,-462.9932181284643,2173.3951018154758
19181.3630205,112.47857841538963,-2196.384023475709,-894.5970655363548,2374.248958902151
19181.3801353,200.5432018258885,-2336.764264753831,-1292.1957613302902,2677.7704700793643
19181.3915591,272.04121291164006,-2416.109618519726,-1704.6172155200522,2969.3958917047944
19181.4091268,320.8691229214216,-2315.8380176067817,-2078.6738832735573,3128.409792664772
19181.4210205,299.07094880991195,-2050.772220410825,-2340.2519726116725,3126.0021477509626
19181.4383668,348.77078578415393,-1992.3531137919792,-2509.4058037169875,3223.0776408243087
19181.4498675,511.82112813824585,-2180.6893381154223,-2671.584219106619,3486.3633052736354
19181.46728,539.7227910009782,-2226.9014672318226,-2788.4224323443104,3609.11214803393
19181.484456,337.4357352461689,-2204.231366155853,-2642.8106292794264,3457.881839103057
19181.4963925,25.28588196935116,-2125.757939354418,-2294.911770459733,3128.275279886656
19181.5132656,-247.62725790674926,-1932.1901532442125,-1892.9534398434953,2716.2383497343585
19181.525138,-297.3270948809912,-1792.681838930551,-1516.2809911966092,2366.689591232015
19181.5427788,-329.58839256602545,-1831.046625366808,-1168.3821323769155,2196.924454786523
19181.5545752,-296.4551679165308,-1736.0065862406261,-839.6656667753505,1951.0620097825042
19181.5727059,-268.5535050537985,-1493.6108901206392,-371.4408868601239,1562.3580923063332
19181.5896049,-241.52376915552657,-1289.579980436909,193.56778611020542,1326.2046391226193
19181.6015204,-253.73074665797196,-1156.17515487447,698.4134985327682,1374.3732009470345
19181.6183847,-355.74620149983696,-990.5090316269971,1105.603390935768,1526.4410763815558
19181.6303173,-500.48607760026084,-800.4289533746332,1429.960221715031,1713.4640524269557
19181.647711,-604.2453863710466,-653.9452233452886,1683.690968373003,1904.6186282475649
19181.664574,-609.4769481578089,-492.6387349201174,1885.106097163352,2041.5141613620747
19181.6762476,-590.2945549396804,-408.0618193674601,2000.2004564721226,2125.0327000044504
19181.6939708,-609.4769481578089,-410.67760026084125,2054.2599282686665,2181.7658202891866
19181.7055155,-576.3437235083143,-391.49520704271276,2065.5949788066514,2179.93651312053
19181.7226087,-522.2842517117705,-315.6375611346593,2082.161591131399,2169.747635364076
19181.7401238,-415.0372350831431,-188.3362243234431,2085.6492989892404,2134.8675458379566
19181.7514265,-290.3516791653081,-32.261297685034236,2075.1861754157158,2095.6484799600676
19181.7687041,-162.17841538963157,122.06977502445386,2038.5652429083796,2048.6461671032685
19181.7802676,-14.822758395826542,237.16413433322467,1993.2250407564395,2007.3396832322621
19181.7978676,158.69070753179003,207.51861754157156,1950.5006194978807,1967.917524680575
19181.8098275,292.09553309422887,76.72957287251386,1886.8499510922727,1910.8662867253984
19181.8273021,349.6427127486143,-140.38024127812196,1829.3027714378873,1867.700529611171
19181.8436585,349.6427127486143,-334.81995435278776,1801.401108575155,1865.3150893044344
19181.8559505,347.89885881969354,-380.16015650472775,1737.750440169547,1812.5484691095016
19181.8736377,326.9726116726443,-322.61297685034236,1570.3404629931529,1636.1416171376545
19181.8847831,377.5443756113466,-285.9920443430062,1307.8904466905772,1391.0099300607926
19181.9021038,517.9246168894686,-336.56380828170853,959.9915878708836,1141.53622570992
19181.9197681,633.0189761982393,-609.4769481578089,521.4123247473101,1021.7856854356581
19181.9310039,801.3008803390936,-921.6268014346267,-43.59634822301924,1222.039157937752
19181.9477921,891.1093576785132,-1145.7120313009457,-674.8714704923378,1600.6821819756858
19181.9643182,998.3563743071405,-1270.3975872187807,-1351.4867949135964,2106.4524766908044
19181.9762764,852.7445712422563,-1191.924160417346,-2049.028366481904,2519.201015127065
19181.9932067,629.5312683403978,-951.2723182262798,-2764.88040430388,2990.9517367128237
19182.0048848,310.40599934789697,-565.8805999347898,-3388.3081838930552,3449.232535920183
19182.0221643,5.231561786762309,35.74900554287578,-3969.8834691881316,3970.047873712511
19182.0391703,-292.09553309422887,891.9812846429736,-4109.391783501794,4215.216630603816
19182.0512683,-441.1950440169547,1621.7841538963157,-3775.443756113466,4132.6519892522365
19182.0688739,-389.751353113792,2164.122725790675,-3019.4830779263125,3735.3194438255277
19182.0803891,-496.9983697424193,2590.4950114118033,-2233.0049559830454,3456.0067877712427
19182.0976749,-576.3437235083143,2546.8986631887838,-1663.636648190414,3096.215720098081
19182.1098266,-802.172807303554,2467.553309422889,-1208.4907727420932,2862.2981143521542
19182.1275814,-909.4198239321813,2539.0513205086404,-762.0641669383763,2802.6001889083273
19182.1449689,-776.0149983697424,2557.3617867623084,-236.29220736876428,2682.933579749991
19182.1565754,-591.1664819041408,2457.0901858493644,317.38141506358005,2547.0573125377337
19182.1740721,-612.0927290511901,2408.262275839583,887.6216498206717,2638.6088932275948
19182.1857522,-653.9452233452886,2228.6453211607436,1380.260384740789,2701.7814590289468
19182.2034532,-839.6656667753505,1977.5303553961526,1697.6417998043692,2738.184146276058
19182.2149548,-1238.1362895337463,1815.351940006521,1875.5149005542876,2888.951415262464
19182.232321,-1495.35474404956,1606.0894685360288,1929.5743723508315,2922.133886379434
19182.2500968,-1578.1878056732965,1349.7429409846757,2002.8162373655039,2885.0919634162046
19182.2618841,-1483.1477665471145,1086.4209977176395,2151.9157482882297,2830.3320069254028
19182.2788359,-1215.4661884577763,844.0253015976524,2381.2325399413107,2803.570076580293
19182.2909207,-801.3008803390936,749.8571894359309,2619.268601238996,2839.8832565472558
19182.3080772,-574.5998695793935,739.3940658624063,2762.264623410499,2916.671809528515
19182.3250337,-568.4963808281709,674.8714704923378,2789.2943593087707,2925.543139242856
19182.3366508,-760.3203130094555,513.5649820671666,2754.4172807303553,2903.213827048647
19182.3533998,-1048.0562112813825,320.8691229214216,2627.115943919139,2846.597442358859
19182.3645842,-1180.5891098793609,182.2327355722204,2490.223410498859,2761.921803830884
19182.3815177,-1057.6474078904466,88.93655037495924,2343.739680469514,2572.8667744788727
19182.3984773,-722.8274535376589,-12.206977502445387,2204.231366155853,2319.755257227102
19182.4101252,-333.9480273883274,-82.83306162373655,2096.9843495272253,2125.0237559275984
19182.4270793,51.443690903162704,-140.38024127812196,2006.3039452233454,2011.8669404545133
19182.4452288,390.6232800782524,-298.19902184545157,1901.6727094880991,1964.1456915362683
19182.456342,525.771959569612,-402.8302575806978,1802.2730355396152,1920.12928328417
19182.4728629,412.421454189762,-449.04238669709815,1627.8876426475383,1738.317778201438
19182.4850026,157.81878056732964,-460.37743723508316,1377.644603847408,1461.0813826494345
19182.5027505,-6.103488751222693,-504.84571242256277,1082.0613628953374,1194.053281473359
19182.514596,141.25216824258234,-554.5455493968047,697.5415715683079,902.2400930212642
19182.5312434,476.0721225953701,-629.5312683403978,175.25731985653735,808.4982448305176
19182.5487414,873.6708183893055,-799.5570264101729,-388.8794261493316,1246.522902103748
19182.5605614,1164.894424519074,-1007.9475709162048,-1007.9475709162048,1840.89533426194
19182.5771662,1178.84525595044,-1294.8115422236713,-1602.6017606781872,2373.719754031913
19182.5938126,1051.543919139224,-1571.2123899576134,-2167.6104336485164,2876.2802332695096
19182.6050581,983.533615911314,-1792.681838930551,-2792.7820671666123,3461.3116334630176
19182.6219117,992.2528855559178,-1884.2341701988914,-3901.0012389957615,4444.402644190287
19182.6389829,983.533615911314,-1857.2044343006196,-5671.012976850342,6047.886810119585
19182.6507931,983.533615911314,-1848.4851646560157,-7766.253472448647,8043.564432258973
19182.6678476,1487.5074013694164,-1661.8927942614932,-9306.076491685686,9569.619929644648
19182.6794249,1823.1992826866644,-1450.8864688620802,-9395.013042060646,9679.638279936182
19182.6967875,1261.6783175741768,-1375.0288229540267,-7020.755917835018,7264.540597918534
19182.7141739,408.0618193674601,-1151.8155200521683,-4688.351287903489,4844.980004029411
19182.7252643,-564.136746005869,-853.6164982067166,-3315.066318878383,3469.3769026680657
19182.7430161,-589.42262797522,-605.9892402999674,-2290.5521356374306,2441.571436555101
19182.7549435,-263.3219432670362,-287.73589827192694,-1526.7441147701338,1575.7785329625228
19182.7719227,-299.07094880991195,9.591196609064232,-960.863514835344,1006.3767274814069
