timestamp,gx,gy,gz,magnitude
19094.2938269,23.542028040430388,7.847342680143463,-10.463123573524618,26.931112608112915
19094.3744768,-1835.4062601891098,1464.8373002934463,153.4591457450277,2353.2985713005396
19094.408317,-1354.974502771438,1523.2564069122923,238.90798826214544,2052.642933199907
19094.4193471,-1012.3072057385067,1497.970524942941,189.2081512879035,1817.8232303779484
19094.4364187,-819.6113465927617,1395.0831431366157,188.3362243234431,1628.9537344933863
19094.453203,-880.6462341049886,1206.7469188131724,242.39569611998695,1513.4502268676947
19094.4649379,-1249.4713400717314,1053.2877730681448,260.70616237365505,1654.8599534870311
19094.4823028,-1705.4891424845125,1035.849233778937,229.3167916530812,2008.547495377451
19094.4992645,-1839.7658950114119,1040.208868601239,279.88855559178353,2131.9265095952687
19094.5108052,-1578.1878056732965,960.863514835344,349.6427127486143,1880.474799271672
19094.5276906,-1205.8749918487122,842.2814476687316,297.3270948809912,1500.658500260281
19094.539086,-939.0653407238344,695.7977176393871,191.82393218128465,1184.3878583379862
19094.5561633,-810.8920769481579,535.3631561786763,100.27160091294425,976.8388113709117
19094.5733368,-851.0007173133355,467.35285295076625,70.62608412129117,973.4520808891108
19094.5844892,-1080.3175089664167,619.0681447668732,175.25731985653735,1257.3966821205624
19094.6010588,-1293.939615259211,851.0007173133355,407.1898924029997,1601.3386766328142
19094.6179477,-1443.911053146397,1006.203716987284,562.3928920769482,1847.59595543399
19094.6289935,-1449.1426149331594,1048.9281382458428,579.8314313661558,1880.5501977930103
19094.645779,-1203.259210955331,994.868666449299,661.792566025432,1695.7493307319858
19094.6630035,-836.1779589175089,927.7302901858494,882.3900880339094,1529.2119989616424
19094.679603,-451.6581675904793,926.858363221389,1212.8504075643953,1591.8755092511917
19094.6911271,-92.42425823280078,855.3603521356374,1518.8967720899902,1745.6319714592983
19094.7084314,62.7787414411477,634.7628301271601,1614.8087381806326,1736.2235690695204
19094.7195238,-265.065797195957,407.1898924029997,1514.5371372676884,1590.5616069430632
19094.7373475,-905.9321160743398,250.24303880013042,1211.1065536354745,1533.0080435736959
19094.7491889,-1336.6640365177698,149.97143788718617,888.4935767851321,1612.0121012853363
19094.7658501,-1443.911053146397,42.724421258558856,503.101858493642,1529.6457059038125
19094.7826843,-1265.1660254320184,-285.12011737854584,40.980567329638085,1297.5430475094324
19094.7942715,-732.4186501467232,-896.3409194652755,-460.37743723508316,1245.7172663593237
19094.8114588,21.79817411150962,-1731.646951418324,-1075.9578741441148,2038.8137903407692
19094.8291725,686.2065210303228,-2715.180567329638,-1879.8745353765896,3372.982829998751
19094.8408399,837.0498858819693,-3521.713009455494,-2815.4521682425825,4585.8353594612345
19094.8581795,578.087577437235,-4004.760547766547,-3867.8680143462666,5597.561546650255
19094.8697959,245.0114770133681,-4158.219693511575,-4978.702967068797,6491.402381433107
19094.8879615,127.30133681121617,-4023.0710140202154,-5962.236582980111,7193.717473297789
19094.8996754,222.3413759373981,-3438.8799478317574,-6724.300749918487,7555.895152687563
19094.9171081,-56.67525268992501,-2424.82888816433,-7359.0635800456475,7748.4723653309875
19094.9341567,-751.6010433648516,-1079.4455820019564,-7654.646820997717,7766.834931109399
19094.9460382,-1409.9059015324422,217.98174111509618,-7295.412911640039,7433.599413605751
19094.9630517,-1688.0506031953048,887.6216498206717,-7000.701597652429,7255.839709609886
19094.9751608,-1704.6172155200522,1245.98363221389,-6995.470035865667,7307.1742887306755
19094.9927832,-1487.5074013694164,1701.1295076622107,-6552.531137919791,6931.246942966056
19095.0042062,-986.1493968046951,1909.5200521682427,-5558.534398434953,5959.535394729651
19095.0214613,-605.117313335507,2076.058102380176,-4596.798956635148,5080.0339423156165
19095.0380568,-582.447212259537,2307.9906749266383,-3940.2379523964787,4603.427074704542
19095.0496348,-751.6010433648516,2451.858624062602,-3537.407694815781,4369.183910081972
19095.0669287,-825.7148353439844,2576.544179980437,-3286.2927290511902,4256.77164077578
19095.0845529,-1833.662406260189,2266.13818063254,-3076.1583306162374,4237.9771293474605
19095.0963878,-1387.2358004564721,2312.35030974894,-2531.203977828497,3698.429490802675
19095.1133743,-2.6157808933811544,2280.089012063906,-2264.3943267036193,3213.455213948341
19095.1253007,-160.4345614607108,2246.9557874144116,-1256.4467557874145,2579.3813229600096
19095.1430212,-404.57411150961855,1964.451450929247,-490.0229540267362,2064.672422016362
19095.1550937,-646.9698076296055,1751.701271600913,354.0023475709162,1900.6169890323154
19095.1720559,-769.0395826540594,1532.8476035213564,1109.0910987936095,2042.333645791772
19095.1891573,-898.0847733941963,1345.3833061623736,1644.4542549722858,2306.6951028255467
19095.2002657,-932.9618519726117,1211.1065536354745,2004.5600912944246,2521.0033837948877
19095.2178977,-948.6565373328987,1103.8595370068472,2290.5521356374306,2713.8688600112223
19095.2295609,-1004.4598630583632,1061.1351157482882,2548.6425171177048,2937.7756943697095
19095.2470464,-875.4146723182263,1049.8000652103033,2878.2309096837303,3186.321420523111
19095.2642585,-666.152200847734,988.7651776980763,3138.065145092925,3356.9134910166613
19095.2755885,-625.1716335180959,870.183110531464,3269.726116726443,3440.809075728103
19095.2927837,-659.1767851320509,746.3694815780893,3327.273296380828,3473.086383304785
19095.3044347,-638.2505379850016,572.8560156504728,3355.1749592435604,3463.0516558434565
19095.3216133,-610.3488751222693,395.8548418650147,3368.2538637104662,3445.919455760897
19095.3388851,-570.2402347570917,116.83821323769156,3340.352200847734,3390.6898883732642
19095.3505405,-499.61415063580046,-184.84851646560156,3265.366481904141,3308.5346506721207
19095.3679322,-436.83540919465275,-422.8845777632866,3171.1983697424193,3228.9558128121344
19095.3797192,-333.9480273883274,-671.3837626344963,2928.8026736224324,3023.2701736271797
19095.3965131,-177.87310074991848,-914.6513857189436,2532.9478317574176,2698.898055831783
19095.4126721,44.46827518747962,-1152.6874470166285,2079.5458102380176,2378.06151200644
19095.4243028,303.4305836322139,-1449.1426149331594,1646.1981089012065,2214.057960227918
19095.4418339,537.107010107597,-1785.706423214868,1299.1711770459733,2272.6806017310437
19095.4594876,735.0344310401043,-2160.6350179328333,1154.4313009455493,2557.6025735314893
19095.470496,923.3706553635475,-2506.7900228236063,1066.3666775350505,2876.4122577738444
19095.4879329,897.2128464297359,-2831.146853602869,774.2711444408217,3069.1821717808925
19095.4991168,735.0344310401043,-3171.1983697424193,232.80449951092274,3263.5827935053153
19095.5161914,585.0629931529181,-3632.4477339419627,-360.1058363221389,3696.843445309852
19095.5335022,462.12129116400394,-4073.6427779589176,-820.4832735572221,4181.066176509421
19095.5444972,369.6970329312031,-4212.2791653081185,-1035.849233778937,4353.499201535175
19095.5617033,370.5689598956635,-4110.2637104662535,-992.2528855559178,4244.544134828618
19095.5784872,648.7136615585263,-4267.210564069123,-720.2116726442778,4375.913649309006
19095.5895999,761.1922399739159,-4564.537658950114,-585.0629931529181,4664.4095416384
19095.6059637,314.7656341701989,-4320.398108901207,-623.4277795891751,4376.480254749835
19095.6223624,-403.70218454515816,-3433.6483860449953,-726.3151613955005,3532.768094068574
19095.6386393,-548.442060645582,-2730.875252689925,-516.1807629605478,2832.8273720242764
19095.6493188,-120.32592109553309,-2300.143332246495,-127.30133681121617,2306.803699173257
19095.6658892,239.7799152266058,-1838.8939680469514,361.84969025105966,1889.4339448100134
19095.6822755,233.67642647538312,-1521.5125529833715,550.1859145745028,1634.7200560868102
19095.6983872,-304.30251059667427,-1185.8206716661232,533.6193022497555,1335.4850216455632
19095.7092246,-1097.7560482556244,-829.2025432018258,494.38258884903814,1461.8684425389508
19095.7255429,-1763.9082491033585,-479.5598304532116,712.3643299641343,1961.8391577406232
19095.7418865,-1967.067231822628,-142.12409520704273,1242.4959243560484,2330.9544986957912
19095.7587096,-1804.016889468536,96.78389305510271,1799.6572546462342,2550.0216261128953
19095.7700084,-1565.980828170851,296.4551679165308,2189.408607760026,2708.078963493638
19095.7862994,-1470.9407890446691,503.101858493642,2428.3165960221713,2883.31402650003
19095.8039561,-1384.620019563091,674.8714704923378,2565.2091294424517,2992.1433752469625
19095.8158692,-1321.8412781219433,803.9166612324748,2655.0176067818716,3072.891936771607
19095.8337993,-1324.4570590153244,878.0304532116074,2763.1365503749594,3187.482952732537
19095.8452724,-1344.5113791979134,957.3758069775024,2910.4922073687644,3345.929493239928
19095.8620923,-1291.3238343658297,1048.9281382458428,3119.7546788392565,3535.623953497401
19095.8793234,-1203.259210955331,1147.4558852298665,3205.2035213563745,3610.791789983577
19095.8912151,-1014.0510596674275,1252.0871209651125,3216.5385718943594,3597.518880365125
19095.9078681,-755.9606781871536,1412.5216824258232,3189.5088359960873,3569.266124175301
19095.9192732,-465.6089990218455,1599.1140528203457,3125.8581675904793,3541.8846364315345
19095.9372152,-136.89253342028042,1668.8682099771763,3101.4442125855885,3524.6016614305922
19095.9539413,339.1795891750897,1555.5177045973264,3152.015976524291,3531.27212761819
19095.9652165,890.2374307140528,1531.1037495924356,3181.661493315944,3641.396879373329
19095.9822458,1292.1957613302902,1593.010564069123,3118.010824910336,3732.217041798859
19095.9941281,1550.2861428105641,1622.656080860776,2958.4481904140853,3713.3294462933513
19096.0108197,1634.8630583632214,1571.2123899576134,2711.6928594717965,3534.7933119303298
19096.0276958,1450.8864688620802,1236.3924356048256,2450.9866970981416,3105.0078244184774
19096.0393186,835.3060319530485,521.4123247473101,2192.8963156178675,2403.830532809241
19096.0563073,49.69983697424193,-360.97776328659927,1862.435996087382,1897.74678471725
19096.0727056,-575.4717965438539,-1162.278643625693,1457.8618845777632,1951.261312215875
19096.0891381,-649.5855885229867,-1802.2730355396152,1049.8000652103033,2184.5433638098125
19096.1000149,-156.07492663840887,-2498.942680143463,650.457515487447,2586.922666185033
19096.1167454,119.45399413107272,-3409.2344310401045,122.06977502445386,3413.509878772542
19096.1338931,-338.3076622106293,-4525.300945549397,-612.0927290511901,4579.023720298686
19096.1457915,-630.4031953048582,-5480.060971633518,-1510.1775024453864,5719.188100627891
19096.1630305,-22.670101075970003,-5909.9209651124875,-2280.9609390283667,6334.860894505267
19096.1747759,1264.294098467558,-5814.880925986306,-2624.500163025758,6503.789730345031
19096.1923562,1967.9391587870884,-5008.34848386045,-2695.126247147049,6018.309111082268
19096.208937,952.1442451907402,-3343.8399087055755,-3131.089729377242,4678.842473530563
19096.2206129,-809.1482230192371,-1563.3650472774698,-3956.804564721226,4330.719741713011
19096.2378768,-1618.2964460384742,-422.0126507988262,-4704.917900228236,4993.318587130515
19096.2495438,-1068.9824584284318,138.6363873492012,-4578.48849038148,4703.668823469677
19096.2670946,-415.0372350831431,398.47062275839585,-3982.090446690577,4023.4411974491795
19096.2843434,-327.8445386371047,748.9852624714705,-3097.0845777632867,3203.184953563067
19096.2961962,-551.9297685034236,1273.8852950766222,-2200.7436582980113,2602.053585903182
19096.3141321,-809.1482230192371,1658.4050864036517,-1555.5177045973264,2413.4339864061803
19096.3256781,-940.8091946527552,1987.9934789696772,-1179.7171829149006,2495.7909858066632
19096.3425141,-866.6954026736224,2227.773394196283,-1061.1351157482882,2615.366695279756
19096.3594053,-786.4781219432671,2408.262275839583,-1004.4598630583632,2725.2916618268
19096.3707068,-771.6553635474405,2491.095337463319,-832.6902510596674,2737.586717280903
19096.3887993,-810.0201499836975,2545.154809259863,-350.5146397130747,2693.845979103373
19096.4003722,-958.2477339419628,2580.903814802739,183.1046625366808,2759.135831797867
19096.4172791,-1205.0030648842517,2593.110792305184,578.9595044016954,2917.4389582795243
19096.4291718,-1349.7429409846757,2604.4458428431694,834.4341049885882,3049.79088309496
19096.4467487,-1364.565699380502,2614.0370394522333,939.0653407238344,3094.684621363341
19096.4640597,-1224.1854581023802,2531.203977828497,992.2528855559178,2981.6420647183973
19096.4753743,-1001.8440821649821,2395.183371372677,1022.7703293120313,2790.4576853968274
19096.4927756,-785.6061949788067,2297.5275513531137,1056.7754809259864,2648.1284636327714
19096.5042792,-627.787414411477,2195.5120965112487,1123.913857189436,2545.1076130496135
19096.5213948,-489.15102706227583,2101.343984349527,1283.4764916856864,2510.423703789427
19096.5385947,-365.3373981089012,2019.382849690251,1429.0882947505706,2500.734264625731
19096.5501997,-273.78506684056083,1931.3182262797523,1489.2512552983371,2454.1429574075205
19096.5675125,-188.3362243234431,1816.2238669709814,1486.635474404956,2354.6177401240066
19096.5840878,-100.27160091294425,1684.5628953374633,1447.3987610042386,2223.234066771645
19096.5955792,-52.31561786762308,1569.4685360286926,1385.4919465275514,2094.1719946913677
19096.6121596,34.87707857841539,1420.3690251059668,1347.999087055755,1958.5111990473242
19096.6287026,161.30648842517118,1224.1854581023802,1338.4078904466905,1820.9847611244184
19096.6396703,267.68157808933813,912.0356048255625,1379.3884577763288,1675.164137977078
19096.6559347,366.2093250733616,499.61415063580046,1459.605738506684,1585.6142283569045
19096.6722469,475.2001956309097,211.8782523638735,1487.5074013694164,1575.8762289219349
19096.6883365,638.2505379850016,-22.670101075970003,1438.6794913596348,1574.0636459748875
19096.6990037,731.5467231822628,-262.4500163025758,1268.65373328986,1487.7912871926046
19096.7155789,729.802869253342,-571.1121617215521,1084.6771437887187,1426.641453026768
19096.7322935,670.5118356700359,-868.4392566025432,925.9864362569286,1435.6962576791047
19096.7488347,573.7279426149332,-1187.564525595044,820.4832735572221,1553.2759113486957
19096.760131,397.59869579393546,-1531.975676556896,695.7977176393871,1728.9212417953506
19096.776795,193.56778611020542,-1888.5938050211935,441.1950440169547,1949.0787862601037
19096.7932053,-24.413955004890774,-2276.6013042060645,63.65066840560809,2277.6217743734837
19096.8050859,-129.04519074013695,-2791.0382132376917,-350.5146397130747,2815.920361384425
19096.8223184,-237.16413433322467,-3254.031431366156,-819.6113465927617,3364.0348010085304
19096.8342042,-304.30251059667427,-3569.6689925008154,-1374.1568959895665,3837.1140077893056
19096.8516712,-54.05947179654385,-4002.144766873166,-1927.8305184219107,4442.591098588759
19096.86941,427.2442125855885,-4401.4873165960225,-2739.594522334529,5202.019450381639
19096.8809066,542.3385718943593,-4213.151092272579,-3869.6118682751876,5746.1873676358855
19096.8978668,-90.68040430388001,-3229.6174763612653,-4596.798956635148,5618.648647767967
19096.9096611,-521.4123247473101,-2148.428040430388,-4708.405608086077,5201.605254876842
19096.9267924,-643.482099771764,-1024.514183240952,-4770.312422562765,4921.339160558352
19096.944303,-563.2648190414086,-82.83306162373655,-5073.743006194979,5105.584850473075
19096.9554446,-507.4614933159439,873.6708183893055,-5145.24101728073,5243.502931439205
19096.9728281,-618.1962178024128,1446.5268340397784,-4477.344962504076,4745.653206731711
19096.9842754,-637.3786110205413,1512.7932833387677,-3393.5397456798173,3769.735669434928
19097.0011397,-619.9400717313335,1545.0545810238018,-2602.7019889142484,3089.5917196256
19097.0187487,-599.8857515487447,1856.332507336159,-2159.763090968373,2910.3968632840115
19097.0301383,-578.9595044016954,2037.6933159439193,-1818.8396478643626,2792.0540507345017
19097.0476571,-511.82112813824585,2028.9740462993154,-1517.1529181610695,2584.6565583940883
19097.059228,-471.7124877730682,1959.2198891424846,-1262.5502445386371,2378.04296956912
19097.0765528,-436.83540919465275,1793.5537658950113,-961.7354417998043,2081.4887330697475
19097.0944532,-313.8937072057385,1595.6263449625042,-447.2985327681774,1686.6027005724634
19097.1056606,-96.78389305510271,1466.581154222367,262.4500163025758,1493.0195628096553
19097.1224522,-63.65066840560809,1407.290120639061,815.2517117704598,1627.621652836263
19097.1344963,-243.26762308444734,1328.8166938376264,1161.4067166612324,1781.515788245656
19097.1511607,-472.58441473752856,1278.244929898924,1287.8361265079882,1875.0381379065911
19097.1677029,-456.01780241278124,1125.6577111183567,1337.5359634822303,1806.670964045733
19097.1792116,-228.4448646886208,955.6319530485817,1421.240952070427,1727.8151896924924
19097.1958676,-9.591196609064232,765.5518747962178,1527.616041734594,1708.7341616007056
19097.2126236,45.340202151940005,587.6787740462993,1624.3999347896968,1728.0327611305613
19097.2242991,-157.81878056732964,391.49520704271276,1705.4891424845125,1756.948627527206
19097.241856,-551.9297685034236,177.87310074991848,1749.0854907075318,1842.7059893358573
19097.2588706,-678.3591783501794,-12.206977502445387,1729.031170524943,1857.3822906979947
19097.2700083,-455.14587544832085,-260.70616237365505,1662.7647212259537,1743.53433840313
19097.2872051,-91.5523312683404,-554.5455493968047,1575.5720247799152,1672.8209112112252
19097.2992043,191.82393218128465,-820.4832735572221,1484.0196935115748,1706.5472961142489
19097.3173096,231.93257254646235,-1061.1351157482882,1402.0585588522988,1773.5751054108584
19097.3290852,-26.15780893381154,-1271.269514183241,1310.5062275839582,1825.9893157398947
19097.3462693,-251.1149657645908,-1572.0843169220736,1207.618845777633,1998.2119762979594
19097.3636551,-281.6324095207043,-1790.9379850016303,1081.1894359308772,2110.863869742117
19097.3750888,-88.06462341049885,-1943.5252037821977,922.4987283990871,2153.1487406890865
19097.3925048,136.89253342028042,-2153.65960221715,774.2711444408217,2292.7025653237397
19097.4097071,321.741049885882,-2419.5973263775677,652.2013694163678,2526.5263013203976
19097.4215019,234.5483534398435,-2675.0719269644605,580.7033583306162,2747.4058919117047
19097.4398082,-80.2172807303554,-2851.201173785458,484.7913922399739,2893.234459824043
19097.452124,-322.61297685034236,-2905.260645582002,333.076100423867,2942.0330114180165
19097.4697838,-127.30133681121617,-2927.930746657972,183.1046625366808,2936.4113140058744
19097.4812988,293.83938702314964,-2955.8324095207045,30.517443756113465,2970.558555711791
19097.4996155,141.25216824258234,-2927.058819693512,-57.547179654385396,2931.030055605875
19097.5110085,-649.5855885229867,-2798.885555917835,-81.08920769481578,2874.4212028766447
19097.5284012,-1164.0224975546137,-2658.505314639713,99.39967394848387,2903.8731339302594
19097.5406341,-1031.489598956635,-2522.484708183893,333.076100423867,2745.5126268970007
19097.5577374,-354.0023475709162,-2258.2908379523965,542.3385718943593,2349.3246470911317
19097.5697314,35.74900554287578,-1811.8642321486795,647.8417345940659,1924.5334240326606
19097.5869395,-258.9623084447343,-1320.9693511574828,663.5364199543528,1500.7671653185535
19097.6040599,-821.3552005216825,-882.3900880339094,683.5907401369417,1385.8329383029816
19097.6156338,-1049.8000652103033,-493.51066188457776,835.3060319530485,1429.4646261193238
19097.6333164,-883.2620149983698,-171.7696119986958,1088.1648516465602,1412.0054288508043
19097.6450026,-645.2259537006847,128.17326377567656,1305.274665797196,1461.6726275222672
19097.662266,-616.452363873492,389.751353113792,1423.8567329638083,1599.7773689440721
19097.6792257,-749.8571894359309,638.2505379850016,1452.630322791001,1754.9314540684445
19097.6908365,-898.0847733941963,783.8623410498859,1511.9213563743072,1925.331820175275
19097.7075159,-946.9126834039779,891.9812846429736,1614.8087381806326,2073.615562983934
19097.7190714,-947.7846103684383,989.6371046625367,1726.4153896315618,2204.129616001019
19097.7363409,-929.4741441147702,1089.908705575481,1857.2044343006196,2345.4277822719228
19097.7531795,-865.823475709162,1170.1259863058362,1915.6235409194653,2405.9215833942158
19097.7646667,-803.0447342680144,1255.574828822954,1868.5394848386045,2390.144096578759
19097.7816034,-710.6204760352135,1300.0431040104336,1761.2924682099772,2301.5743941525743
19097.7988751,-565.0086729703294,1296.555396152592,1655.7893055102707,2177.5970518133704
19097.8109591,-367.95317900228235,1320.9693511574828,1614.8087381806326,2118.4798393045503
19097.8279199,-152.58721878056733,1347.1271600912944,1652.301597652429,2137.319586396848
19097.8392834,106.37508966416694,1319.225497228562,1724.671535702641,2173.9741208905666
19097.8573284,333.076100423867,1145.7120313009457,1751.701271600913,2119.44641174755
19097.8748376,379.28822954026737,891.9812846429736,1688.0506031953048,1946.5366711596143
19097.8866529,220.59752200847734,708.0046951418324,1553.7738506684057,1721.6698562965214
19097.9041441,15.694685360286925,571.9840886860125,1402.930485816759,1515.132360189226
19097.9158636,-93.29618519726117,444.6827518747962,1233.7766547114445,1314.7820206019956
19097.9331799,-82.83306162373655,304.30251059667427,1025.3861102054125,1072.7898252013704
19097.9447987,44.46827518747962,-27.029735898271927,832.6902510596674,834.3147417675727
19097.9620189,182.2327355722204,-533.6193022497555,659.1767851320509,867.451649202811
19097.9788328,106.37508966416694,-1076.829801108575,420.26879686990543,1160.8203745106607
19097.9898502,-139.50831431366157,-1366.3095533094229,12.206977502445387,1373.4676463342628
19098.0064331,-374.05666775350505,-1532.8476035213564,-493.51066188457776,1653.2068653697804
19098.0236076,-332.2041734594066,-1641.8384740789045,-1082.933289859798,1994.6773418566117
19098.0355599,0.8719269644603848,-1890.3376589501142,-1760.420541245517,2583.1100842087217
19098.0528862,503.9737854581024,-2355.0747310074994,-2416.9815454841864,3412.0618922097738
19098.064548,457.761656341702,-2557.3617867623084,-2890.4378871861754,3886.422033450573
19098.0823867,-38.36478643625693,-2132.733355070101,-3120.626605803717,3779.991247809563
19098.0941673,-382.7759373981089,-1216.3381154222368,-3080.5179654385392,3334.00461377448
19098.1119942,-371.4408868601239,-388.0074991848712,-3061.335572220411,3108.1012913991726
19098.1300645,-60.162960547766545,183.1046625366808,-3190.3807629605476,3196.19716412071
19098.1417112,50.57176393870232,781.2465601565048,-3134.5774372350834,3230.8635689374914
19098.159389,-278.14470166286276,1469.1969351157484,-2732.6191066188458,3114.981748112661
19098.1708304,-839.6656667753505,2030.7179002282362,-2142.3245516791653,3068.9425063034346
19098.1879037,-1129.1454189761982,2287.064427779589,-1452.630322791001,2935.262838095015
19098.1996964,-1215.4661884577763,2451.858624062602,-874.5427453537659,2872.94165988889
19098.2168029,-1121.298076296055,2525.9724160417345,-229.3167916530812,2773.162853754358
19098.2337539,-923.3706553635475,2575.6722530159764,313.0217802412781,2754.0304205016187
19098.2448549,-866.6954026736224,2633.219432670362,673.9995435278774,2852.9424961404675
19098.2621948,-960.863514835344,2666.3526573198565,917.2671666123248,2978.9384421775812
19098.2789497,-1090.7806325399413,2629.7317248125205,1089.0367786110205,3048.1621410248404
19098.2900671,-1157.0470818389306,2529.460123899576,1281.7326377567656,3062.640204575288
19098.3072982,-1148.3278121943267,2475.4006521030324,1481.4039126181938,3104.9674241466078
19098.3239147,-970.4547114444082,2432.6762308444736,1689.7944571242256,3116.905724979195
19098.3351123,-690.5661558526248,2307.118747962178,1851.9728725138573,3038.0062628860505
19098.3526445,-461.24936419954355,2151.0438213237694,1941.7813498532769,2934.3236542460104
19098.364209,-374.05666775350505,2003.6881643299641,2003.6881643299641,2858.225132917773
19098.3810763,-392.36713400717315,1883.3622432344312,2070.826540593414,2826.5399109717378
19098.3982405,-473.45634170198895,1804.8888164329965,2124.0140854254973,2827.228392307322
19098.4097004,-554.5455493968047,1729.9030974894033,2088.2650798826216,2767.839687719722
19098.4264648,-570.2402347570917,1559.005412455168,1947.0129116400392,2558.618978959813
19098.4446165,-377.5443756113466,1356.7183567003588,1774.371372676883,2265.3075338988147
19098.4563037,-14.822758395826542,1184.0768177372024,1652.301597652429,2032.8202562139847
19098.4738174,380.16015650472775,1015.7949135963482,1544.1826540593413,1887.0244090047333
19098.4856792,694.0538637104663,765.5518747962178,1487.5074013694164,1811.203662723832
19098.502627,693.1819367460059,571.1121617215521,1494.4828170850994,1743.6023598457944
19098.5151965,406.3179654385393,456.01780241278124,1584.291294424519,1697.9474169551936
19098.5328558,120.32592109553309,342.66729703293123,1673.2278447994784,1712.1888401562635
19098.544029,-26.15780893381154,202.28705575480927,1633.1192044343006,1645.8075889320387
19098.5615899,-53.18754483208347,32.261297685034236,1411.649755461363,1413.0197232691812
19098.5789133,-5.231561786762309,-106.37508966416694,984.4055428757744,990.1501410313166
19098.5909268,95.04003912618194,-291.2236061297685,506.58956635148354,592.0107993445025
19098.6082338,246.75533094228888,-551.9297685034236,108.1189435930877,614.1696578897125
19098.6196839,256.3465275513531,-797.8131724812521,-207.51861754157156,863.2979653622507
19098.636812,186.59237039452233,-1161.4067166612324,-422.8845777632866,1250.0054561102138
19098.6545013,64.52259537006847,-1422.1128790348876,-579.8314313661558,1537.1313199692183
19098.66608,-21.79817411150962,-1567.7246820997718,-631.2751222693186,1690.1905570838956
19098.683873,-22.670101075970003,-1827.5589175089665,-608.6050211933485,1926.3659056033712
19098.6955308,-282.5043364851647,-2257.418910987936,-644.3540267362243,2364.5170651932435
19098.7124416,-847.513009455494,-2566.0810564069125,-972.198565373329,2871.9715074771693
19098.7242757,-1416.8813172481252,-2546.8986631887838,-1654.0454515813499,3351.135900499493
19098.7413969,-1400.314704923378,-2617.524747310075,-2520.7408542549724,3894.412860742349
19098.7585202,-708.0046951418324,-3099.700358656668,-3200.843886534072,4511.631029656758
19098.7697476,-108.1189435930877,-3925.4151940006523,-3832.119008803391,5486.867070458983
19098.7865655,26.15780893381154,-4042.2534072383437,-4928.131203130095,6373.929242983694
19098.8040967,-441.1950440169547,-2830.274926638409,-6342.396739484839,6959.246053147645
19098.8151488,-1063.7508966416694,-863.2076948157809,-7175.958917508967,7305.551305703875
19098.8321197,-1432.5760026084122,461.24936419954355,-7155.032670361918,7311.601568272876
19098.8491356,-1333.1763286599282,1056.7754809259864,-6415.638604499511,6637.360337056438
19098.861137,-1362.8218454515813,1890.3376589501142,-5970.955852624715,6409.600115551546
19098.8782839,-1661.020867297033,2680.3034887512226,-5841.910661884578,6638.594527070385
19098.8894966,-1256.4467557874145,3273.2138245842843,-4671.784675578741,5841.075178984667
19098.9069177,-684.4626671014021,3444.11150961852,-3016.867297032931,4629.458015928983
19098.9243186,-291.2236061297685,3474.628953374633,-1802.2730355396152,3925.053585243099
19098.935969,-123.81362895337463,3370.8696446038475,-966.9670035865666,3509.005152696624
19098.9529088,-26.15780893381154,3009.891881317248,-331.3322464949462,3028.1866563597246
19098.9643435,-40.980567329638085,2685.535050537985,193.56778611020542,2692.8138447331116
19098.9814499,-47.084056080860776,2443.139354417998,666.152200847734,2532.7663864117626
19098.9986403,152.58721878056733,2220.7979784806,1103.8595370068472,2484.6996595161513
19099.010563,456.01780241278124,2025.486338441474,1541.5668731659603,2585.918708655225
19099.0278034,624.2997065536355,1889.4657319856537,1869.411411803065,2730.298500627828
19099.0392256,577.2156504727747,1632.2472774698404,2101.343984349527,2722.6927154051664
19099.0565145,238.90798826214544,1276.5010759700033,2274.857450277144,2619.4481179991844
19099.0739547,-194.4397130746658,953.0161721552006,2311.47838278448,2507.783670991153
19099.0851645,-452.5300945549397,660.0487120965113,2299.2714052820347,2434.56295543282
19099.1020809,-520.5403977828497,423.756504727747,2270.497815454842,2367.63430685742
19099.1193362,-508.3334202804043,221.46944897293773,2223.413759373981,2291.510490566406
19099.1308793,-423.756504727747,62.7787414411477,2231.2611020541244,2272.011630959621
19099.1489908,-246.75533094228888,-208.39054450603194,2287.064427779589,2309.757240318285
19099.1607319,-147.355656993805,-636.5066840560809,2321.0695793935442,2411.2690519480125
19099.1777823,-267.68157808933813,-1030.6176719921748,2242.59615259211,2482.5518557911137
19099.1890653,-575.4717965438539,-1294.8115422236713,1981.8899902184546,2436.307175177457
19099.2055074,-814.3797848059994,-1511.9213563743072,1579.9316596022172,2333.5176602663214
19099.2222785,-698.4134985327682,-1788.322204108249,1177.1014020215193,2251.9869962502876
19099.2395256,-257.2184545158135,-2013.2793609390285,774.2711444408217,2172.3146465556656
19099.2508628,115.09435930877079,-2174.5858493641995,313.8937072057385,2200.136265603355
19099.2684786,281.6324095207043,-2348.0993152918163,-156.94685360286925,2370.1306975401535
19099.2800651,279.01662862732314,-2595.7265731985653,-456.8897293772416,2650.357512991433
19099.2978269,-147.355656993805,-2793.653994131073,-795.1973915878709,2908.359541074784
19099.3089882,-915.523312683404,-2883.4624714704923,-1302.6588849038149,3293.8516862275937
19099.3267157,-1348.8710140202152,-2959.320117378546,-1762.1643951744377,3698.9528146768494
19099.3443053,-1033.2334528855558,-3102.316139550049,-1925.2147375285294,3794.520863491407
19099.3562879,-192.69585914574503,-3152.8879034887514,-1912.1358330616238,3692.4378491960942
19099.3741214,449.91431366155854,-2951.472774698402,-1832.7904792957288,3503.2464044683616
19099.385694,388.8794261493316,-2855.56080860776,-1888.5938050211935,3445.6118905215176
19099.403407,-358.3619823932181,-2913.1079882621457,-2194.6401695467885,3664.8420068933233
19099.4150658,-1189.3083795239647,-2870.3835670035864,-2408.262275839583,3931.0664497769812
19099.4323115,-1585.1632213889795,-2539.0513205086404,-2212.9506358004564,3722.4554481028517
19099.444151,-1212.8504075643953,-2083.033518095859,-1608.7052494294098,2897.924658817353
19099.4620058,-360.1058363221389,-1691.5383110531463,-873.6708183893055,1937.5961318135512
19099.4792965,217.1098141506358,-1279.9887838278448,-444.6827518747962,1372.315819314399
19099.4912175,140.38024127812196,-926.858363221389,-224.95715683077927,964.0429243680614
19099.5085043,-553.6736224323444,-733.2905771111836,-158.69070753179003,932.4442564112597
19099.5198221,-1111.7068796869905,-673.9995435278774,36.62093250733616,1300.5801258349595
19099.5376889,-1207.618845777633,-626.0435604825562,453.4020215194001,1433.8225864509377
19099.5544645,-1058.5193348549071,-453.4020215194001,1074.214020215194,1574.7927916416315
19099.5659319,-851.8726442777959,-164.79419628301272,1714.2084121291164,1921.2898296227029
19099.5831186,-776.0149983697424,66.26644929898924,2161.506944897294,2297.5427727980864
19099.5946068,-832.6902510596674,211.8782523638735,2403.902641017281,2552.8441698475135
19099.611106,-990.5090316269971,278.14470166286276,2434.420084773394,2642.8911755775857
19099.6284168,-1265.1660254320184,347.02693185523316,2323.6853602869255,2668.442695084923
19099.6399774,-1239.880143462667,260.70616237365505,2455.3463319204434,2762.9687082787927
19099.6568581,-1105.603390935768,193.56778611020542,2618.3966742745356,2848.8293191625617
19099.673305,-854.488425171177,198.79934789696773,2801.5013368112163,2935.6568923548966
19099.6846782,-585.9349201173785,257.2184545158135,2914.851842191066,2984.265793437494
19099.7015475,-319.1252689925008,300.8148027388327,2909.620280404304,2942.4854560382046
19099.7178156,-95.91196609064232,260.70616237365505,2785.806651450929,2799.6223866098817
19099.7297108,32.261297685034236,153.4591457450277,2632.3475057059018,2637.014200101546
19099.7465613,27.901662862732312,16.56661232474731,2488.4795565699383,2488.6911135978567
19099.7628326,-84.57691555265733,-79.34535376589501,2322.813433322465,2325.70659925794
19099.7745711,-165.6661232474731,-126.42940984675579,2096.9843495272253,2107.3141726444505
19099.7925115,-12.206977502445387,-190.08007825236388,1836.2781871535703,1846.1302844231154
19099.8039465,333.076100423867,-328.71646560156506,1542.4388001304205,1611.8658925540071
19099.8205582,555.4174763612651,-580.7033583306162,1165.7663514835344,1415.879991268753
19099.8374986,585.0629931529181,-886.7497228562113,653.0732963808282,1247.0479170378098
19099.8491697,497.8702967068797,-1044.568503423541,40.980567329638085,1157.8763308687812
19099.8661806,466.48092598630586,-1151.8155200521683,-553.6736224323444,1360.4550439905915
19099.8832991,537.107010107597,-1000.9721552005217,-1108.219171829149,1587.00312810126
19099.8953395,572.8560156504728,-828.3306162373656,-1594.7544179980437,1886.1434935304862
19099.9126649,552.801695467884,-938.193413759374,-2060.3634170198893,2330.427859069555
19099.9245422,292.96746005868926,-1173.6136941636778,-2774.4716009129443,3026.696499494819
19099.9423802,-58.41910661884578,-1055.0316269970656,-3607.1618519726117,3758.7393035842083
19099.9595259,-262.4500163025758,-318.25334202804044,-4035.2779915226606,4056.3078864450613
19099.9714237,-444.6827518747962,798.6850994457125,-3745.798239321813,3855.7288659341625
19099.9887253,-585.9349201173785,1595.6263449625042,-3164.2229540267363,3591.88670007018
19100.0004212,-690.5661558526248,1806.6326703619172,-2728.259471796544,3344.279140065264
19100.0172325,-827.4586892729052,1821.4554287577437,-2350.715096185197,3086.7862292094787
19100.0291406,-958.2477339419628,1974.042647538311,-1865.9237039452235,2880.408714548967
19100.0468154,-985.2774698402347,2140.580697750245,-1048.9281382458428,2579.3618697964016
19100.0636717,-827.4586892729052,2138.836843821324,-177.87310074991848,2300.206461801024
19100.0748353,-792.5816106944898,2015.0232148679493,368.82510596674274,2196.4826711948394
19100.0922756,-882.3900880339094,1927.8305184219107,800.4289533746332,2266.2368112401214
19100.1042868,-978.3020541245517,1849.357091620476,1215.4661884577763,2419.6186924214603
19100.1215681,-1048.9281382458428,1745.5977828496902,1491.8670361917184,2524.48591051111
19100.1384411,-1109.9630257580698,1674.0997717639386,1718.5680469514184,2643.5022406596318
19100.1498789,-1069.854385392892,1653.1735246168896,2063.851124877731,2852.5519406485323
19100.1668486,-946.9126834039779,1579.9316596022172,2405.6464949462015,3029.8453322986115
19100.1836616,-959.1196609064232,1401.1866318878383,2679.4315617867624,3172.158255134426
19100.1947767,-1054.159700032605,1198.899576133029,2826.7872187805674,3246.434790210018
19100.2120365,-1201.5153570264101,1048.9281382458428,2893.925595044017,3304.3448279538047
19100.2293497,-1232.904727746984,965.2231496576459,2910.4922073687644,3304.947001918517
19100.2412995,-1173.6136941636778,937.3214867949137,2878.2309096837303,3246.5603093419927
19100.2590031,-980.9178350179328,898.0847733941963,2816.324095207043,3114.5525310231233
19100.2707236,-740.2659928268666,852.7445712422563,2757.904988588197,2980.1353945750097
19100.2881596,-447.2985327681774,775.1430714052821,2670.7122921421587,2816.6694704852043
19100.2995821,-178.74502771437886,621.6839256602543,2629.7317248125205,2708.122898400734
19100.3170237,26.15780893381154,427.2442125855885,2589.6230844473425,2624.7608591372027
19100.3343621,-24.413955004890774,269.4254320182589,2525.1004890772742,2539.5508627620547
19100.3462181,-297.3270948809912,148.2275839582654,2457.0901858493644,2479.448930587952
19100.3636706,-442.06697098141507,9.591196609064232,2418.7253994131074,2458.8102317281773
19100.3748891,-262.4500163025758,-83.70498858819694,2365.537854581024,2381.5238561953493
19100.3929112,140.38024127812196,-165.6661232474731,2249.571568307793,2260.0274594508655
19100.4042649,530.131594391914,-331.3322464949462,2023.7424845125531,2118.1015576598165
19100.4214687,766.4238017606782,-539.7227910009782,1654.0454515813499,1901.2029063011996
19100.4384851,612.0927290511901,-747.2414085425497,1158.7909357678514,1508.5833302856424
19100.4508546,312.14985327681774,-950.4003912618194,670.5118356700359,1204.2776076905855
19100.4680723,106.37508966416694,-1162.278643625693,167.40997717639388,1179.0815941179137
19100.4793831,225.82908379523965,-1405.5462667101401,-392.36713400717315,1476.65535952016
19100.4962723,693.1819367460059,-1676.71555265732,-1084.6771437887187,2113.8592072821543
19100.5140118,969.5827844799478,-1904.2884903814804,-1876.386827518748,2843.806068817833
19100.5250755,592.9103358330616,-1885.106097163352,-2682.919269644604,3332.149977316515
19100.5423178,75.85764590805347,-1655.7893055102707,-3408.362504075644,3790.030021764167
19100.5593322,233.67642647538312,-1394.2112161721552,-3782.419171829149,4037.96042316059
19100.5708082,1016.6668405608086,-1436.0637104662537,-3901.8731659602217,4280.245863084789
19100.5878709,1456.1180306488425,-1834.5343332246496,-4351.78747962178,4942.049191049555
19100.5992428,1554.645777632866,-1715.0803390935769,-5353.631561786762,5832.6490519159815
19100.6163679,1149.199739158787,-557.1613302901859,-6385.121160743398,6511.594353599314
19100.6336898,156.07492663840887,786.4781219432671,-6652.8027388327355,6700.947059993903
19100.6460824,-285.9920443430062,1426.4725138571894,-5985.778611020542,6160.045524374682
19100.6634716,-196.18356700358657,1607.8333224649496,-5169.654972285622,5417.4669834959195
19100.6748328,-415.9091620476035,2027.2301923703947,-4209.663384414737,4690.832388181802
19100.6917765,-769.0395826540594,2529.460123899576,-2949.7289207694816,3961.122455076424
19100.7092096,-710.6204760352135,2494.5830453211606,-1648.8138897945876,3073.5180614637466
19100.7211543,-340.0515161395501,2108.31940006521,-659.1767851320509,2234.985404958422
19100.7383089,6.975415715683078,1894.697293772416,54.05947179654385,1895.4811837482969
19100.7493166,235.4202804043039,1756.9328333876754,566.7525268992501,1861.033077677012
19100.7665595,382.7759373981089,1640.0946201499837,1005.3317900228236,1961.4076040758114
19100.7838213,376.6724486468862,1613.0648842517119,1342.7675252689926,2132.342627556051
19100.7956389,78.47342680143463,1559.8773394196282,1545.926507988262,2197.558682003646
19100.8130738,-498.74222367134007,1437.8075643951745,1623.5280078252365,2225.2814631182273
19100.824179,-1198.0276491685686,1243.3678513205086,1665.3805021193348,2398.901014779266
19100.8415068,-1572.0843169220736,947.7846103684383,1778.731007499185,2556.096391805806
19100.8587275,-1536.335311379198,578.087577437235,1901.6727094880991,2512.144607738511
19100.8704886,-1232.0328007825237,268.5535050537985,1953.9883273557223,2325.53137814202
19100.8874521,-1002.7160091294425,163.92226931855234,1904.2884903814804,2158.384710829466
19100.9044858,-845.7691555265732,45.340202151940005,1755.1889794587546,1948.8636565919064
19100.9160959,-663.5364199543528,-213.62210629279426,1546.7984349527226,1696.61438850288
19100.9329259,-401.086403651777,-635.6347570916205,1293.939615259211,1496.389513313427
19100.9445791,-192.69585914574503,-964.3512226931855,1032.3615259210956,1425.789358581376
19100.9622405,-122.94170198891425,-1109.0910987936095,776.8869253342028,1359.6878400082785
19100.9797374,-118.58206716661233,-1196.2837952396478,544.9543527877405,1319.8984324669786
19100.9911808,-33.13322464949462,-1270.3975872187807,352.2584936419954,1318.747089676372
19101.0084112,227.57293772416043,-1422.9848059993478,166.5380502119335,1450.6585133165554
19101.0198338,442.06697098141507,-1562.4931203130095,-71.49801108575156,1625.3983891487608
19101.0372316,572.8560156504728,-1870.2833387675253,-354.87427453537657,1987.9787555870275
19101.0542272,598.1418976198239,-2188.5366807955656,-638.2505379850016,2356.8687452028507
19101.065636,358.3619823932181,-2162.3788718617543,-891.1093576785132,2366.089935577497
19101.083235,146.48373002934463,-2016.76706879687,-1065.4947505705902,2285.6259441212846
19101.0949054,208.39054450603194,-1941.7813498532769,-1212.8504075643953,2298.901376920431
19101.1122725,423.756504727747,-2099.6001304206065,-1359.3341375937398,2536.864123399009
19101.1289889,550.1859145745028,-2310.6064558200196,-1559.8773394196282,2841.6234881328305
19101.1410345,248.49918487120965,-2357.69051190088,-1855.4605803716988,3010.513305086422
19101.1591143,-329.58839256602545,-2122.2702314965763,-2127.501793283339,3023.0652200100826
19101.1710307,-683.5907401369417,-1889.4657319856537,-2169.3542875774374,2956.936772638141
19101.1885435,-380.16015650472775,-1907.776198239322,-1943.5252037821977,2749.803990268909
19101.2003309,347.02693185523316,-2213.8225627649167,-1539.8230192370395,2718.9139304899213
19101.2177287,658.3048581675905,-2277.473231170525,-1283.4764916856864,2695.8415216208764
19101.2298942,246.75533094228888,-2047.2845125529834,-1143.968177372025,2358.161415070567
19101.2464865,-505.71763938702315,-1657.5331594391914,-964.3512226931855,1983.2145083519063
19101.2634561,-692.3100097815455,-1464.8373002934463,-634.7628301271601,1740.1049728351902
19101.2748225,-387.13557222041084,-1471.8127160091294,-171.7696119986958,1531.538906424116
19101.2920154,-170.02575806977504,-1184.0768177372024,304.30251059667427,1234.3203338944477
19101.3086639,-152.58721878056733,-867.5673296380828,705.3889142484512,1128.5076212127021
19101.3204749,-279.88855559178353,-708.8766221062928,1015.7949135963482,1269.9145543729685
19101.3378455,-463.8651450929247,-561.5209651124878,1268.65373328986,1462.8598572943476
19101.3494516,-656.5610042386697,-469.096706879687,1452.630322791001,1661.7036220048824
19101.3665208,-748.1133355070101,-385.39171829149006,1625.2718617541573,1830.2210150418764
19101.3843164,-751.6010433648516,-319.9971959569612,1735.1346592761656,1917.809849705874
19101.3955377,-676.6153244212586,-286.8639713074666,1827.5589175089665,1969.789540088616
19101.41237,-606.8611672644278,-273.78506684056083,1930.4462993152918,2042.0239111475994
19101.4242731,-534.4912292142159,-285.12011737854584,2031.5898271926965,2119.983863474845
19101.4417425,-492.6387349201174,-244.13955004890772,2076.058102380176,2147.629923310847
19101.470803,-462.12129116400394,13.07890446690577,1976.6584284316923,2030.0014010288733
19101.487729,-394.9829149005543,152.58721878056733,1888.5938050211935,1935.4795071927156
19101.4995964,-227.57293772416043,278.14470166286276,1844.9974567981742,1879.6727195549915
19101.5164446,-6.975415715683078,314.7656341701989,1858.0763612650799,1884.5619716982123
19101.5334974,244.13955004890772,300.8148027388327,1861.5640691229214,1901.4506170012344
19101.5450643,490.0229540267362,220.59752200847734,1864.1798500163027,1940.090790503417
19101.5615831,646.9698076296055,121.19784805999348,1856.332507336159,1969.5759005815473
19101.5784401,699.2854254972286,-6.975415715683078,1831.046625366808,1960.0460471643064
19101.5904053,669.6399087055755,-145.61180306488424,1804.016889468536,1929.7920463124387
19101.6076352,589.42262797522,-316.50948809911966,1760.420541245517,1883.2625341319622
19101.6245547,537.107010107597,-514.436909031627,1686.306749266384,1843.0300394464807
19101.6360123,558.9051842191067,-786.4781219432671,1556.3896315617867,1831.194016611958
19101.6530677,663.5364199543528,-1328.8166938376264,1175.3575480925986,1894.0696270954888
19101.6652694,734.1625040756439,-1935.677861102054,485.6633192044343,2126.4318056246034
19101.6822164,569.3683077926313,-2421.3411803064887,-484.7913922399739,2534.185485586372
19101.6941893,416.7810890120639,-2692.5104662536683,-1768.2678839256603,3248.090269122236
19101.7111929,425.50035865666774,-2507.6619497880665,-3112.7792631235734,4019.8027004523465
19101.7286496,763.808020867297,-1790.0660580371698,-4286.392957287251,4707.5369110777765
19101.7406724,826.5867623084448,-508.3334202804043,-4737.17919791327,4835.547052293023
19101.757979,-26.15780893381154,921.6268014346267,-4248.028170850995,4346.9326579134495
19101.7699829,-857.9761330290186,1677.5874796217802,-3363.022301923704,3854.9113867723854
19101.7879743,-914.6513857189436,1845.8693837626345,-2524.228562112814,3258.1514349544827
19101.7996092,-689.6942288881644,2098.7282034561463,-1804.016889468536,2852.15973234874
19101.8171403,-586.8068470818389,2410.0061297685033,-1364.565699380502,2830.991234396477
19101.82919,-629.5312683403978,2531.203977828497,-954.7600260841214,2777.565463243167
19101.846064,-544.0824258232801,2389.951809585915,-373.18474078904467,2479.3471295868435
19101.862894,-552.801695467884,2186.792826866645,191.82393218128465,2263.7245864073375
19101.8746711,-644.3540267362243,2108.31940006521,694.0538637104663,2311.2580059772517
19101.8917028,-776.0149983697424,2075.1861754157158,1046.3123573524617,2450.176828206438
19101.9089705,-876.2865992826867,2091.752787740463,1289.579980436909,2608.8933391470937
19101.9206477,-969.5827844799478,2143.1964786436256,1393.339289207695,2734.0037119360554
19101.9384853,-1106.4753179002282,2083.9054450603194,1416.0093902836647,2751.7325681188527
19101.9504411,-1219.8258232800783,1779.6029344636454,1539.8230192370395,2650.6634214974956
19101.9677324,-1287.8361265079882,1396.8269970655365,1757.8047603521356,2588.344089178804
19101.9792353,-1384.620019563091,1198.0276491685686,2015.0232148679493,2722.638683924848
19101.9964654,-1470.0688620802086,1143.968177372025,2306.246820997718,2964.5471913025353
19102.0132635,-1502.330159765243,1071.5982393218128,2607.0616237365502,3194.07091427503
19102.0253,-1409.0339745679817,1022.7703293120313,2918.3395500489078,3398.2556727514702
19102.0431502,-1219.8258232800783,1045.4404303880012,3223.5139876100425,3601.661166871249
19102.0545318,-1067.238604499511,1114.3226605803718,3465.9096837300294,3793.8427967682815
19102.071476,-1013.1791327029671,1176.229475057059,3586.2356048255624,3907.829774472822
19102.0885279,-969.5827844799478,1195.4118682751875,3572.2847733941962,3889.771048917544
19102.0996271,-932.0899250081513,1191.924160417346,3403.1309422888817,3724.3489421444265
19102.116692,-916.3952396478644,1198.0276491685686,3063.951353113792,3415.0912693029845
19102.1342037,-882.3900880339094,1245.98363221389,2714.308640365178,3114.2509331083884
19102.145752,-837.0498858819693,1055.9035539615259,2379.48868601239,2734.5111507515508
19102.1625553,-668.7679817411151,526.6438865340724,2037.6933159439193,2208.3474469540165
19102.1794076,-313.0217802412781,-96.78389305510271,1670.612063906097,1702.437788857176
19102.1905791,31.38937072057385,-519.6684708183893,1278.244929898924,1380.1995192613501
19102.2081571,448.17045973263777,-931.217998043691,858.848059993479,1343.742427331974
19102.2193154,818.7394196283013,-1181.4610368438214,389.751353113792,1489.3255305967857
19102.2368535,966.9670035865666,-1313.1220084773395,-90.68040430388001,1633.2597867141224
19102.2550021,900.7005542875775,-1428.2163677861101,-524.9000326051516,1768.214785011987
19102.2663589,655.6890772742094,-1615.680665145093,-962.6073687642647,1991.7241586574319
19102.2834616,355.74620149983696,-1845.8693837626345,-1334.920182588849,2305.6020982981554
19102.2947286,217.1098141506358,-2124.0140854254973,-1709.8487773068146,2735.3528744467403
19102.31224,461.24936419954355,-2390.823736550375,-2094.368568633844,3211.723651952104
19102.329378,925.1145092924683,-2661.1210955330944,-2638.450994457124,3859.8997384059717
19102.3410411,1319.225497228562,-2907.004499510923,-3444.11150961852,4696.055276868178
19102.3579347,1201.5153570264101,-2893.0536680795567,-4578.48849038148,5547.608091431348
19102.3696747,953.888099119661,-2233.0049559830454,-5952.645386371047,6428.856876223912
19102.3865783,762.0641669383763,-1025.3861102054125,-6902.173850668406,7019.413247158512
19102.404277,930.3460710792306,115.09435930877079,-6787.079491359635,6851.513595224913
19102.4161394,890.2374307140528,910.2917508966417,-6443.540267362243,6568.132530020502
19102.4330839,673.1276165634171,1712.4645582001956,-6146.2131724812525,6415.728486528572
19102.4445587,374.05666775350505,2588.7511574828823,-5251.616106944897,5866.943214381991
19102.4615317,69.75415715683079,2934.0342354091945,-4358.762895337463,5254.73467596267
19102.4785051,271.1692859471797,2749.185718943593,-3194.74039778285,4223.496313258747
19102.4903297,401.086403651777,2555.617932833388,-2016.76706879687,3280.1528518648997
19102.5074593,245.8834039778285,2582.6476687316595,-1020.1545484186502,2787.6949136905314
19102.5244905,58.41910661884578,2559.1056406912294,-376.6724486468862,2587.3377448268043
19102.5360561,-136.89253342028042,2501.5584610368437,60.162960547766545,2506.0235197446004
19102.5532621,-245.0114770133681,2255.675057059015,359.2339093576785,2297.2047337011268
19102.5652181,-85.44884251711771,1722.9276817737202,681.8468862080209,1854.9114473584054
19102.5825511,-69.75415715683079,1454.3741767199217,991.3809585914574,1761.506767914369
19102.594483,-171.7696119986958,1361.0779915226606,1216.3381154222368,1833.4438932354763
19102.6109973,-164.79419628301272,1210.234626671014,1389.8515813498534,1850.273600552843
19102.6276377,-95.04003912618194,1029.7457450277143,1535.4633844147374,1851.2311344935154
19102.6446422,-17.438539289207696,844.8972285621128,1622.656080860776,1829.5267656525098
19102.6556526,38.36478643625693,764.6799478317574,1593.010564069123,1767.452951761405
19102.6730848,135.14867949135964,488.27910009781544,1525.8721878056733,1607.783436498667
19102.6844816,291.2236061297685,116.83821323769156,1515.4090642321487,1547.5551650253892
19102.7019251,265.065797195957,-102.88738180632541,1459.605738506684,1487.042232776101
19102.719209,99.39967394848387,-231.93257254646235,1354.974502771438,1378.2702625210306
19102.7312323,-31.38937072057385,-387.13557222041084,1288.7080534724487,1345.9671953496513
19102.7488843,21.79817411150962,-555.4174763612651,1284.3484186501466,1399.4693972828577
19102.7605746,273.78506684056083,-645.2259537006847,1287.8361265079882,1466.2184976642968
19102.7776529,526.6438865340724,-638.2505379850016,1241.6239973915879,1492.0950651216974
19102.7944521,727.1870883599609,-739.3940658624063,1113.4507336159113,1521.6034904993446
19102.8058915,974.8143462667101,-1226.8012389957614,961.7354417998043,1838.5427244703328
19102.8229957,1262.5502445386371,-1668.8682099771763,698.4134985327682,2206.113242150044
19102.83986,1321.8412781219433,-1816.2238669709814,351.38656667753503,2273.632780099615
19102.8516065,1279.1168568633843,-1985.3776980762962,77.60149983697424,2363.024868745089
19102.8686296,1268.65373328986,-2117.0386697098143,-132.5328985979785,2471.6189012968366
19102.8802475,1162.278643625693,-2305.374894033257,-313.8937072057385,2600.802627438421
19102.8983326,1133.5050537985003,-2561.72142158461,-525.771959569612,2850.208150690382
19102.9093651,1096.884121291164,-2758.7769155526576,-734.1625040756439,3058.2673898332605
19102.9263927,1040.208868601239,-2886.950179328334,-987.0213237691555,3223.4650489520723
19102.9434127,891.1093576785132,-2941.8815780893383,-1224.1854581023802,3308.6814809940474
19102.9549355,876.2865992826867,-2940.1377241604173,-1337.5359634822303,3346.8329051092396
19102.9724336,851.8726442777959,-2808.4767525268994,-1335.7921095533095,3224.5262026378023
19102.9897711,693.1819367460059,-2671.584219106619,-1296.555396152592,3049.41294883177
19103.0012445,433.3477013368112,-2523.3566351483537,-1126.5296380828172,2797.1749970068236
19103.0180213,-169.15383110531465,-2312.35030974894,-971.3266384088686,2513.7725458076548
19103.030439,-841.4095207042712,-1865.051776980763,-657.4329312031301,2149.0942676814416
19103.0478153,-1010.5633518095859,-1358.4622106292795,-81.96113465927617,1695.1033872077094
19103.0593933,-667.8960547766548,-965.2231496576459,450.7862406260189,1257.3579853641465
19103.0765302,-313.0217802412781,-585.9349201173785,711.4924029996739,973.4083444498656
19103.0932435,-211.8782523638735,-205.77476361265082,782.9904140854255,836.8450488078888
19103.1049038,-238.90798826214544,89.80847733941962,833.5621780241278,871.7617186420945
19103.1218272,-392.36713400717315,191.82393218128465,860.5919139223997,965.0734848264727
19103.1393619,-707.132768177372,156.94685360286925,899.8286273231171,1155.1452831727438
19103.1507028,-1021.8984023475709,142.12409520704273,1036.7211607433974,1462.6231121830654
19103.1678341,-1195.4118682751875,135.14867949135964,1252.959047929573,1737.0034761536933
19103.179063,-1184.948744701663,149.97143788718617,1463.965373328986,1889.388677339386
19103.1963416,-1113.4507336159113,216.2378871861754,1586.9070753179003,1950.59104523182
19103.2135098,-987.0213237691555,255.47460058689273,1687.1786762308445,1971.3067368241082
19103.2247271,-816.9955656993806,304.30251059667427,1787.4502771437888,1988.733331945059
19103.2421511,-659.1767851320509,370.5689598956635,1878.1306814476688,2024.650647566208
19103.2596327,-569.3683077926313,415.9091620476035,1929.5743723508315,2054.3655856314595
19103.2723712,-573.7279426149332,429.85999347896967,1949.6286925334202,2077.256701729586
19103.2841578,-622.5558526247147,437.70733615911314,1937.4217150309748,2081.5298229039036
19103.3018307,-712.3643299641343,394.9829149005543,1913.0077600260843,2079.200118215802
19103.3200687,-740.2659928268666,306.9182914900554,1858.9482882295404,2024.3224338278376
19103.3323182,-633.8909031626997,141.25216824258234,1749.0854907075318,1865.762553474922
19103.3441219,-393.23906097163353,-98.52774698402348,1553.7738506684057,1605.7888575465097
19103.360849,-188.3362243234431,-335.69188131724815,1342.7675252689926,1396.847951457759
19103.3774612,-85.44884251711771,-604.2453863710466,1143.0962504075644,1295.7943622867188
19103.3891431,-107.24701662862732,-848.3849364199543,935.5776328659929,1267.5032268358
19103.4067676,-356.61812846429734,-1122.1700032605152,735.9063580045647,1388.5244590998839
19103.4235067,-524.0281056406913,-1484.0196935115748,378.416302575807,1618.6781039745686
19103.4350098,-571.9840886860125,-1802.2730355396152,-250.24303880013042,1907.347758226347
19103.4516885,-512.6930551027062,-2016.76706879687,-1123.0419302249757,2364.6197909130137
19103.4687928,-122.94170198891425,-2124.8860123899576,-2035.9494620149985,2945.393936236304
19103.4798118,651.3294424519074,-2072.5703945223345,-2725.6436909031627,3485.528885637787
19103.4966668,1210.234626671014,-1702.001434626671,-3253.1595044016954,3865.8147260498476
19103.513588,353.1304206064558,-903.3163351809586,-3491.1955656993805,3623.413856202665
19103.5254726,-857.1042060645582,-37.49285947179654,-3592.339093576785,3693.363439712508
19103.5425659,-1266.0379523964787,789.9658298011086,-3433.6483860449953,3743.906963073605
19103.554378,-978.3020541245517,1463.965373328986,-2889.565960221715,3383.764318312172
19103.5716072,-880.6462341049886,2058.6195630909683,-2265.2662536680796,3185.103372763836
19103.5897618,-1291.3238343658297,2471.0410172807306,-1795.297619823932,3316.120398602942
19103.6016143,-1534.5914574502772,2395.183371372677,-1265.1660254320184,3113.2811302044342
19103.6189629,-1532.8476035213564,2246.0838604499513,-656.5610042386697,2797.4250367224877
19103.6305194,-1500.5863058363223,2222.541832409521,-214.49403325725464,2690.252617948124
19103.6476985,-1428.2163677861101,2202.487512226932,129.91711770459733,2628.23737364044
19103.6593363,-1229.4170198891425,2144.0684056080863,380.16015650472775,2500.603383448403
19103.6766751,-1014.0510596674275,1974.9145745027715,558.9051842191067,2289.3147737135428
19103.6936778,-879.7743071405282,1802.2730355396152,705.3889142484512,2125.9737642977593
19103.7053387,-920.7548744701663,1685.4348223019238,830.9463971307466,2092.59456034681
19103.7224334,-898.0847733941963,1508.4336485164656,951.2723182262798,1996.7091314467416
19103.7392485,-867.5673296380828,1334.920182588849,1130.0173459406587,1952.338128364339
19103.7505716,-842.2814476687316,1211.1065536354745,1443.911053146397,2064.2422945827043
19103.7669664,-829.2025432018258,1089.0367786110205,1806.6326703619172,2266.605296128745
19103.7843776,-905.9321160743398,960.863514835344,2083.9054450603194,2467.110373904806
19103.7961611,-957.3758069775024,840.5375937398109,2314.9660906423214,2642.3739105394466
19103.8128291,-1002.7160091294425,731.5467231822628,2509.4058037169875,2799.592379417347
19103.8240518,-1031.489598956635,592.0384088686012,2711.6928594717965,2961.0400933526234
19103.8413047,-1002.7160091294425,507.4614933159439,2899.1571568307795,3109.351826694119
19103.8594881,-915.523312683404,527.5158134985328,3021.226931855233,3200.666812294775
19103.8710132,-755.9606781871536,597.2699706553635,3100.5722856211282,3246.8071182584385
19103.888636,-520.5403977828497,635.6347570916205,3138.937072057385,3244.6756066644075
19103.8999658,-263.3219432670362,591.1664819041408,3131.089729377242,3197.2705779374533
19103.917928,-85.44884251711771,376.6724486468862,3064.8232800782525,3089.0654535582075
19103.9294923,-28.773589827192698,139.50831431366157,2841.609977176394,2845.1779824156183
19103.9467871,-177.0011737854581,0.0,2508.533876752527,2514.770690607096
19103.963933,-313.0217802412781,-83.70498858819694,2137.9649168568635,2162.379047653474
19103.9760647,-422.8845777632866,-200.5432018258885,1844.9974567981742,1903.4349365030428
19103.9930569,-285.12011737854584,-405.44603847407893,1702.001434626671,1772.706646605559
19104.0046723,-102.01545484186502,-675.7433974567982,1475.300423866971,1625.899022970096
19104.0219624,-12.206977502445387,-1064.6228236061297,1030.6176719921748,1481.8041546255038
19104.0385994,-138.6363873492012,-1494.4828170850994,414.1653081186828,1556.994489684821
19104.0505712,-208.39054450603194,-1872.8991196609065,-275.5289207694816,1904.4930867940986
19104.0679318,38.36478643625693,-2288.80828170851,-974.8143462667101,2488.0470688761407
19104.0796379,645.2259537006847,-2804.1171177045976,-1714.2084121291164,3349.313335796925
19104.0968812,1159.6628627323116,-3312.4505379850016,-2787.55050537985,4481.917484943368
19104.114434,1168.3821323769155,-3519.097228562113,-4618.597130746658,5922.887941492092
19104.125962,949.528464297359,-3172.9422236713403,-6813.237300293446,7575.577150909181
19104.1423532,932.0899250081513,-1709.8487773068146,-8489.952852950766,8710.434771863353
19104.1592854,316.50948809911966,366.2093250733616,-8060.092859471797,8074.613577697431
19104.1705436,-67.13837626344963,1151.8155200521683,-5716.353179002283,5831.627579063143
19104.1875877,-113.35050537985002,1244.2397782849691,-4661.321552005217,4825.857392642764
19104.2040116,-469.9686338441474,1728.1592435604825,-4971.727551353114,5284.456427371173
19104.2152388,-638.2505379850016,2458.834039778285,-5418.1541571568305,5984.114224772651
19104.2326361,-757.7045321160743,3205.2035213563745,-4971.727551353114,5963.683477196638
19104.2443135,-61.906814476687316,3788.522660580372,-3262.7507010107597,5000.227848844073
19104.261282,526.6438865340724,3953.3168568633846,-1265.1660254320184,4184.102415798561
19104.2790274,467.35285295076625,3487.707857841539,-182.2327355722204,3523.5966796336056
19104.2900709,-399.34254972285623,2853.8169546788395,-44.46827518747962,2881.9651473134973
19104.3076497,-817.867492663841,2338.508118682752,-2.6157808933811544,2477.404750744429
19104.3192033,-649.5855885229867,2184.177045973264,408.0618193674601,2314.9741366587077
19104.3363149,-479.5598304532116,2041.1810238017606,837.9218128464297,2257.988168117044
19104.3536728,-106.37508966416694,1974.9145745027715,1196.2837952396478,2311.4277308705755
19104.3657952,376.6724486468862,1717.696119986958,1429.0882947505706,2265.9778128615876
19104.3828667,859.7199869579393,1308.7623736550374,1596.4982719269644,2236.2433094222797
19104.3941294,915.523312683404,998.3563743071405,1720.3119008803392,2189.605312036171
19104.412474,513.5649820671666,854.488425171177,1764.7801760678187,2026.9061471610196
19104.4241976,-209.26247147049233,665.2802738832736,1763.9082491033585,1896.7764591640782
19104.4421023,-878.0304532116074,374.05666775350505,1824.071209651125,2058.6625865682686
19104.459127,-1265.1660254320184,136.89253342028042,1940.037495924356,2320.1573488033346
19104.4706952,-1349.7429409846757,-19.182393218128464,2009.791653081187,2421.040367226938
19104.4875406,-1122.1700032605152,-276.400847733942,2096.9843495272253,2394.3697097582626
19104.5049163,-671.3837626344963,-489.15102706227583,2161.506944897294,2315.628890138609
19104.5169714,-231.93257254646235,-687.9503749592436,2149.2999673948484,2268.602826952766
19104.5343063,88.06462341049885,-872.7988914248451,2026.3582654059342,2208.089921753147
19104.5460154,284.24819041408546,-1032.3615259210956,1817.9677208999021,2109.875348969649
19104.5636629,234.5483534398435,-1200.6434300619499,1552.9019237039452,1976.8818783366091
19104.5754445,97.6558200195631,-1437.8075643951745,1239.880143462667,1901.0865371067887
19104.593246,142.12409520704273,-1656.6612324747312,886.7497228562113,1884.4231925469085
19104.6047147,343.5392239973916,-1808.376524290838,480.431757417672,1902.3825917954503
19104.6224333,673.9995435278774,-1961.8356700358656,-3.487707857841539,2074.388282122458
19104.6396873,1130.0173459406587,-2252.1873492011737,-562.3928920769482,2581.777066883826
19104.6512288,1673.2278447994784,-2537.30746657972,-985.2774698402347,3195.057478848898
19104.6685005,1886.8499510922727,-2517.253146397131,-1287.8361265079882,3399.3069925680834
19104.6799559,1545.0545810238018,-2226.9014672318226,-1481.4039126181938,3088.825238731122
19104.6978114,908.5478969677209,-2205.103293120313,-1558.1334854907075,2848.810238155911
19104.7096388,455.14587544832085,-2571.3126181936746,-1811.8642321486795,3178.31061165509
19104.7271801,183.1046625366808,-2705.5893707205737,-2182.433192044343,3480.913069603388
19104.7444128,78.47342680143463,-2465.809455493968,-2404.7745679817413,3445.1872332761814
19104.7563779,-17.438539289207696,-2044.6687316596021,-2294.911770459733,3073.693927357383
19104.7728782,234.5483534398435,-1674.9716987283991,-1680.2032605151614,2384.035678904202
19104.7841416,681.8468862080209,-1723.7996087381807,-909.4198239321813,2064.8110527305685
19104.8014195,583.3191392239974,-1899.9288555591784,-558.9051842191067,2064.5498006389744
19104.8185021,-232.80449951092274,-1742.9820019563092,-609.4769481578089,1861.0874091433511
19104.8305969,-1032.3615259210956,-1372.4130420606457,-748.1133355070101,1873.2222081172624
19104.84848,-1307.8904466905772,-917.2671666123248,-664.4083469188132,1730.143036556478
19104.8602487,-1136.9927616563418,-517.0526899250082,-183.97658950114118,1262.5147166279185
19104.8779544,-727.1870883599609,-249.37111183567004,558.9051842191067,950.4535853173417
19104.8896446,-489.15102706227583,-117.71014020215195,1164.894424519074,1268.898508415119
19104.9068651,-578.087577437235,-62.7787414411477,1598.2421258558852,1700.736402392953
19104.9243771,-1004.4598630583632,-130.78904466905772,1831.9185523312683,2093.315784366076
19104.9353951,-1485.7635474404956,-292.09553309422887,1879.0026084121291,2413.185430458288
19104.9525451,-1708.1049233778938,-346.1550048907728,1887.721878056733,2569.229379711506
19104.9639076,-1593.8824910335834,-295.5832409520704,1956.6041082491033,2540.8916710423564
19104.9811208,-1259.934463645256,-220.59752200847734,2065.5949788066514,2429.563898288866
19104.9985401,-1019.2826214541898,-234.5483534398435,2230.389175089664,2463.4499923597027
19105.0100317,-827.4586892729052,-281.6324095207043,2360.3062927942615,2516.9526202036186
19105.0268728,-849.2568633844147,-324.35683077926313,2453.602477991523,2616.602700771526
19105.0443218,-867.5673296380828,-341.79537006847085,2518.125073361591,2685.228301569145
19105.0558044,-819.6113465927617,-376.6724486468862,2550.3863710466253,2705.2015700597276
19105.0729435,-735.0344310401043,-392.36713400717315,2530.332050864037,2663.983459087773
19105.0844926,-647.8417345940659,-383.6478643625693,2448.3709162047603,2561.5239097516046
19105.1010143,-499.61415063580046,-517.9246168894686,2377.744832083469,2484.2565678277433
19105.1192424,-324.35683077926313,-743.7537006847082,2324.557287251386,2462.101440369362
19105.1306078,-162.17841538963157,-840.5375937398109,2219.0541245516793,2378.4462349605515
19105.1479851,-111.60665145092925,-934.7057059015325,2053.388001304206,2258.8787229935683
19105.1595225,-44.46827518747962,-1055.9035539615259,1830.1746984023475,2113.3975417414617
19105.1763529,111.60665145092925,-1164.894424519074,1515.4090642321487,1914.6539365850608
19105.1935202,218.85366807955657,-1356.7183567003588,1076.829801108575,1745.8934812854798
19105.2055855,282.5043364851647,-1524.1283338767525,578.9595044016954,1654.6812339529042
19105.2229126,301.6867297032931,-1666.2524290837953,118.58206716661233,1697.4904261763077
19105.2343635,362.72161721552004,-1628.7595696119988,-355.74620149983696,1706.159449488725
19105.2514963,307.7902184545158,-1449.1426149331594,-1002.7160091294425,1788.9070775074008
19105.2684361,275.5289207694816,-1416.8813172481252,-1947.8848386044995,2424.4018226796593
19105.2799864,388.8794261493316,-1295.6834691881318,-3130.217802412781,3410.0273240769684
19105.2969722,296.4551679165308,-738.5221388979459,-4175.658232800783,4250.814309445164
19105.3139703,-83.70498858819694,306.9182914900554,-4449.443299641343,4460.801614002687
19105.3253419,-512.6930551027062,1094.2683403977828,-3914.9520704271276,4097.2096704085225
19105.3423052,-500.48607760026084,1396.8269970655365,-3300.2435604825564,3618.455406953276
19105.3594371,-619.0681447668732,1623.5280078252365,-2802.3732637756766,3297.3299000225647
19105.3710487,-852.7445712422563,1885.106097163352,-2150.1718943593087,2983.963383930554
19105.3885601,-875.4146723182263,2199.8717313335505,-1246.8555591783502,2675.8989645135066
19105.4011722,-813.507857841539,2352.458950114118,-472.58441473752856,2533.6128701509947
19105.4177849,-670.5118356700359,2255.675057059015,76.72957287251386,2354.4730858867324
19105.4295269,-538.8508640365178,2110.9351809585914,391.49520704271276,2213.5211968759186
19105.4469632,-531.8754483208347,2032.461754157157,548.442060645582,2171.308584361801
19105.46444,-609.4769481578089,2123.142158461037,583.3191392239974,2284.6128760810598
19105.4758531,-814.3797848059994,2169.3542875774374,509.2053472448647,2372.4676066479897
19105.4933852,-935.5776328659929,2028.9740462993154,549.3139876100424,2300.823123288576
19105.504612,-891.1093576785132,1777.8590805347246,769.0395826540594,2132.200899838174
19105.5218522,-843.153374633192,1570.3404629931529,1000.1002282360613,2043.7899230074288
19105.5388865,-920.7548744701663,1429.0882947505706,1163.1505705901532,2059.854883946407
19105.5502595,-941.6811216172156,1318.3535702641018,1313.1220084773395,2085.451720895481
19105.5672133,-872.7988914248451,1198.0276491685686,1478.7881317248125,2093.7675352280557
19105.5846236,-727.1870883599609,1123.913857189436,1627.015715683078,2106.93226254182
19105.596195,-551.9297685034236,1053.2877730681448,1731.646951418324,2100.629135904639
19105.6131126,-391.49520704271276,936.4495598304533,1736.8785132050864,2011.7040649353914
19105.6243847,-270.2973589827193,790.837756765569,1742.1100749918487,1932.2092363890447
19105.6424819,-285.9920443430062,643.482099771764,1740.366221062928,1877.427826993897
19105.6595234,-476.0721225953701,458.6335833061624,1717.696119986958,1840.5079163825842
19105.6711628,-650.457515487447,316.50948809911966,1726.4153896315618,1871.8395585806936
19105.6881542,-673.1276165634171,174.38539289207696,1789.1941310727095,1919.5641932739572
19105.6999207,-590.2945549396804,112.47857841538963,1861.5640691229214,1956.149246771133
19105.7176412,-415.9091620476035,21.79817411150962,1945.2690577111184,1989.3534875325797
19105.7348796,-209.26247147049233,-103.75930877078578,2034.2056080860777,2047.5715450482749
19105.7462354,-178.74502771437886,-249.37111183567004,2021.1267036191718,2044.2819982657168
19105.7636522,-255.47460058689273,-385.39171829149006,1879.8745353765896,1935.9034885112553
19105.7752284,-217.1098141506358,-537.107010107597,1673.2278447994784,1770.6812339660555
19105.793081,10.463123573524618,-708.0046951418324,1419.4970981415063,1586.3014016667673
19105.8041849,420.26879686990543,-903.3163351809586,1079.4455820019564,1468.9482725851099
19105.8213185,835.3060319530485,-1202.3872839908706,631.2751222693186,1594.3586885378816
19105.8384853,1054.159700032605,-1569.4685360286926,127.30133681121617,1894.9115517909543
19105.8505451,1033.2334528855558,-2096.112422562765,-342.66729703293123,2361.9228464620955
19105.8675101,846.6410824910336,-2655.0176067818716,-806.5324421258559,2901.1056849216684
19105.8844792,496.9983697424193,-2897.4133029018585,-1395.0831431366157,3253.961924120075
19105.8968586,124.68555591783502,-2852.0731007499185,-2241.724225627649,3629.765138909359
19105.9145741,-13.950831431366156,-2529.460123899576,-3588.8513857189437,4390.696688781003
19105.9259994,231.93257254646235,-2170.2262145418977,-5265.566938376263,5699.9885721827595
19105.9437458,915.523312683404,-1631.3753505053799,-6658.906227583959,6916.6900044790045
19105.9552977,1104.7314639713074,-830.0744701662862,-6957.10524942941,7093.008436844572
19105.9730884,237.16413433322467,236.29220736876428,-6359.835278774047,6368.640797455622
19105.9846875,-755.0887512226932,1597.370198891425,-5668.397195956962,5937.3796699943505
19106.0022488,-806.5324421258559,2650.6579719595697,-5020.555461362896,5734.322924734455
19106.0196323,-142.9960221715031,2927.058819693512,-4177.402086729703,5102.823668373828
19106.0312934,626.0435604825562,2764.0084773394196,-3173.8141506358006,4254.96999580513
19106.0483576,537.9789370720574,2979.3744375611345,-2056.8757091620478,3660.168173577108
19106.060064,88.06462341049885,3158.991392239974,-1201.5153570264101,3380.9201628126307
19106.0766555,-121.19784805999348,3242.6963808281707,-516.1807629605478,3285.758864655321
19106.0940944,-68.01030322791001,3221.7701336811215,58.41910661884578,3223.0173731525197
19106.1057012,-71.49801108575156,3085.749527225302,384.5197913270297,3110.436879327818
19106.1229928,110.73472448646886,2665.480730355396,663.5364199543528,2749.059890891588
19106.1349333,332.2041734594066,2218.182197587219,929.4741441147702,2427.8826287805996
19106.1521408,360.97776328659927,1983.6338441473754,1084.6771437887187,2289.461220351186
19106.169189,337.4357352461689,1811.8642321486795,1198.0276491685686,2198.1776814746377
19106.1813283,382.7759373981089,1616.5525921095534,1291.3238343658297,2104.109537668699
19106.1983687,544.0824258232801,1368.9253342028042,1354.1025758069775,2000.8938109052901
19106.2100099,834.4341049885882,1095.1402673622433,1416.0093902836647,1975.0177402083932
19106.2270987,1085.549070753179,832.6902510596674,1456.1180306488425,1998.0164059395424
19106.2445023,1103.8595370068472,590.2945549396804,1382.0042386697098,1864.6418569616662
19106.2559489,855.3603521356374,356.61812846429734,1252.0871209651125,1557.7355295561838
19106.2730682,364.4654711444408,13.950831431366156,1124.7857841538964,1182.4435570414603
19106.2842019,-132.5328985979785,-303.4305836322139,1038.4650146723181,1089.974621260764
19106.3014423,-394.1109879360939,-552.801695467884,1055.9035539615259,1255.3268501042714
19106.3186913,-415.9091620476035,-698.4134985327682,1131.7611998695795,1393.4293163049754
19106.3308329,-184.84851646560156,-751.6010433648516,1256.4467557874145,1475.71391284198
19106.3479142,212.75017932833387,-869.3111835670036,1355.8464297358983,1624.587367212513
19106.3593669,602.5015324421258,-1082.933289859798,1347.1271600912944,1830.4382514407066
19106.3770691,789.9658298011086,-1379.3884577763288,1194.539941310727,1988.3873367849003
19106.3937231,679.2311053146398,-1634.8630583632214,857.9761330290186,1967.2964084944397
19106.4055695,399.34254972285623,-1790.9379850016303,438.5792631235735,1886.6067709469476
19106.423165,226.70101075970004,-1889.4657319856537,74.1137919791327,1904.4597540481336
19106.43493,299.07094880991195,-1987.121552005217,-156.07492663840887,2015.553243551474
19106.4524006,450.7862406260189,-2143.1964786436256,-295.5832409520704,2209.9476991865454
19106.4643397,826.5867623084448,-2366.4097815454843,-290.3516791653081,2523.379683561675
19106.4815971,1009.6914248451255,-2652.4018258884903,-308.6621454189762,2854.817776916247
19106.4989683,857.9761330290186,-2859.0485164656016,-532.7473752852951,3032.1776383030324
19106.5108841,503.101858493642,-2988.965634170199,-851.0007173133355,3148.2104858376333
19106.5286552,130.78904466905772,-2930.5465275513534,-1125.6577111183567,3142.023871161541
19106.5401948,-38.36478643625693,-2721.284056080861,-1164.0224975546137,2960.0349905924227
19106.5578657,13.950831431366156,-2451.858624062602,-984.4055428757744,2642.131641484264
19106.5699328,52.31561786762308,-2292.2959895663516,-759.4483860449951,2415.3922411735116
19106.5870128,-68.8822301923704,-2211.206781871536,-679.2311053146398,2314.2029055936077
19106.6042115,-441.1950440169547,-1919.9831757417671,-680.1030322791001,2084.113383794603
19106.6159485,-810.0201499836975,-1488.3793283338769,-573.7279426149332,1789.0135327963224
19106.6336753,-971.3266384088686,-1044.568503423541,-261.57808933811543,1450.1799521607475
19106.6459249,-759.4483860449951,-688.822301923704,202.28705575480927,1045.0636667781382
19106.6625809,-411.54952722530163,-358.3619823932181,612.0927290511901,820.0328241854104
19106.6739816,-368.82510596674274,-46.21212911640039,877.158526247147,952.6670981181816
19106.6910556,-532.7473752852951,162.17841538963157,998.3563743071405,1143.169739982371
19106.7070565,-727.1870883599609,266.80965112487775,1096.0121943267036,1342.0995423304682
19106.723479,-821.3552005216825,264.1938702314966,1235.5205086403653,1506.9617426341179
19106.7347125,-859.7199869579393,233.67642647538312,1406.4181936746006,1664.852925565556
19106.7515902,-920.7548744701663,205.77476361265082,1573.8281708509944,1834.9571939324908
19106.7684603,-1000.1002282360613,303.4305836322139,1749.9574176719923,2038.2888777762673
19106.7796428,-995.7405934137594,412.421454189762,1917.367394848386,2199.5200640311673
19106.7961265,-872.7988914248451,484.7913922399739,2033.3336811216172,2265.2254761162294
19106.812978,-704.5169872839908,523.1561786762309,2093.4966416693837,2269.970211553406
19106.8241671,-516.1807629605478,584.1910661884577,2132.733355070101,2270.7429061198254
19106.8403351,-353.1304206064558,663.5364199543528,2158.8911640039128,2285.999285340593
19106.8567566,-220.59752200847734,694.9257906749267,2218.182197587219,2334.9341281831307
19106.8733546,-168.28190414085427,606.8611672644278,2300.143332246495,2384.7973969444083
19106.8847589,-229.3167916530812,391.49520704271276,2357.69051190088,2400.9496533619595
19106.9014279,-211.0063253994131,186.59237039452233,2359.434365829801,2376.1883150766243
19106.9186465,-29.645516791653083,95.91196609064232,2354.2028040430387,2356.342251131894
19106.9301684,314.7656341701989,37.49285947179654,2327.173068144767,2348.662940497054
19106.9465947,694.0538637104663,-95.04003912618194,2234.748809911966,2341.974726202544
19106.9641275,1033.2334528855558,-284.24819041408546,2096.9843495272253,2354.9334946188205
19106.9758754,1155.3032279100098,-596.3980436909031,1932.1901532442125,2328.8999470203776
19106.9930623,795.1973915878709,-1026.2580371698728,1702.8733615911315,2141.3365303147925
19107.0042788,74.98571894359308,-1513.665210303228,1354.1025758069775,2032.3383115846864
19107.021503,-506.58956635148354,-2026.3582654059342,943.4249755461364,2291.9012834324603
19107.0380683,-720.2116726442778,-2479.760286925334,435.091555265732,2618.6295262004205
19107.0501601,-586.8068470818389,-2821.555656993805,-285.9920443430062,2896.0852975565763
19107.0676312,-178.74502771437886,-2989.837561134659,-1315.7377893707205,3271.4284887923823
19107.0792768,52.31561786762308,-2669.840365177698,-2457.9621128138247,3629.3749113908384
19107.0962534,-91.5523312683404,-1640.9665471144442,-3478.1166612324746,3846.8751665803125
19107.1133809,-193.56778611020542,-538.8508640365178,-3894.0258232800784,3935.8945430314316
19107.1254119,-262.4500163025758,-41.85249429409847,-3955.9326377567654,3964.8498933509527
19107.1420407,-728.9309422888816,265.065797195957,-3637.6792957287253,3719.450342999987
19107.1594611,-1308.7623736550374,844.8972285621128,-2925.314965764591,3314.2386646790233
19107.1710538,-1475.300423866971,1614.8087381806326,-2307.9906749266383,3179.7703623241273
19107.1880315,-1380.260384740789,2251.3154222367134,-1912.1358330616238,3260.33791257347
19107.1991767,-1506.6897945875448,2610.549331594392,-1602.6017606781872,3413.7097640442444
19107.2161122,-1823.1992826866644,2546.8986631887838,-1252.959047929573,3373.522610081421
19107.2329253,-1909.5200521682427,2328.9169220736876,-713.2362569285947,3094.9679833160308
19107.2442041,-1831.9185523312683,2211.206781871536,-98.52774698402348,2873.1635406805353
19107.2607651,-1759.5486142810564,2169.3542875774374,512.6930551027062,2839.8879414159187
19107.2781398,-1689.7944571242256,2212.078708835996,986.1493968046951,2953.1657850908996
19107.2896657,-1585.1632213889795,2202.487512226932,1206.7469188131724,2969.836999908404
19107.3064876,-1508.4336485164656,2130.9895011411804,1216.3381154222368,2880.271990104329
19107.324335,-1516.2809911966092,2012.407433974568,1184.0768177372024,2784.0491437621818
19107.3360208,-1544.1826540593413,1831.046625366808,1118.6822954026736,2643.6115243001045
19107.3531131,-1442.1671992174763,1604.345614607108,1145.7120313009457,2442.627098080175
19107.3643919,-1272.1414411477015,1377.644603847408,1299.1711770459733,2281.248396834999
19107.38164,-1126.5296380828172,1216.3381154222368,1525.000260841213,2252.5925579371183
19107.3986943,-1136.1208346918813,1134.3769807629606,1670.612063906097,2317.008060748701
19107.4103712,-1243.3678513205086,1038.4650146723181,1766.5240299967395,2396.868863528349
19107.4271666,-1344.5113791979134,928.6022171503098,1842.381675904793,2462.596833872508
19107.4439334,-1388.1077274209326,829.2025432018258,1880.74646234105,2480.2474022134274
19107.4558196,-1376.7726768829475,736.7782849690251,1945.2690577111184,2494.4772903158764
19107.4733132,-1314.8658624062602,686.2065210303228,2051.6441473752852,2531.599362672767
19107.4854564,-1144.8401043364852,607.7330942288881,2186.792826866645,2542.058466273663
19107.5022735,-879.7743071405282,565.8805999347898,2314.9660906423214,2540.3329871713563
19107.519433,-656.5610042386697,592.0384088686012,2410.878056732964,2567.8619188537123
19107.5311262,-506.58956635148354,561.5209651124878,2524.228562112814,2635.084176413188
19107.5487657,-414.1653081186828,483.04753831105313,2622.7563090968374,2698.8365055380214
19107.5603324,-404.57411150961855,426.3722856211281,2607.933550701011,2673.3482643534426
19107.5777781,-405.44603847407893,393.23906097163353,2436.163938702315,2500.783514305417
19107.5943334,-425.50035865666774,297.3270948809912,2117.0386697098143,2179.749225395899
19107.6059282,-364.4654711444408,111.60665145092925,1730.7750244538638,1772.2509160888876
19107.6231517,-150.84336485164656,-255.47460058689273,1342.7675252689926,1375.1529439236256
19107.6344007,128.17326377567656,-847.513009455494,891.9812846429736,1237.0680251694112
19107.652311,418.52494294098466,-1416.8813172481252,329.58839256602545,1513.7187002692388
19107.664234,660.0487120965113,-1942.6532768177372,-499.61415063580046,2111.677142885836
19107.6812009,832.6902510596674,-2537.30746657972,-1531.1037495924356,3078.2431557930936
19107.6984861,932.9618519726117,-3093.596869905445,-2690.7666123247473,4204.876261286
19107.709942,1130.0173459406587,-3510.377958917509,-3933.2625366807956,5391.6831137444715
19107.7270523,1722.05575480926,-3839.094424519074,-5405.075252689925,6849.741638214261
19107.7441291,2505.918095859146,-3596.698728399087,-6660.650081512879,7973.7147399677815
19107.7561992,2132.733355070101,-2115.2948157808933,-6650.186957939354,7297.123426189582
19107.7740531,729.802869253342,-20.05432018258885,-5730.304010433649,5776.625178745835
19107.7856654,-54.05947179654385,982.6616889468536,-4981.318747962178,5077.606019593711
19107.8034062,183.1046625366808,1204.1311379197914,-4765.080860776003,4918.277617671094
19107.8148641,582.447212259537,1729.9030974894033,-4380.561069448973,4745.642713578875
19107.8318516,366.2093250733616,2221.6699054450605,-4105.904075643952,4682.774254319822
19107.849044,-37.49285947179654,2428.3165960221713,-3379.588914248451,4161.700185541854
19107.8610075,-40.1086403651777,2521.6127812194327,-2294.911770459733,3409.8034775681385
19107.8780536,236.29220736876428,2471.0410172807306,-1294.8115422236713,2799.7168867981336
19107.8893321,495.25451581349853,2291.4240626018914,-583.3191392239974,2415.8150774199676
19107.9064637,658.3048581675905,2090.008933811542,-12.206977502445387,2191.2671311364243
19107.9242247,592.9103358330616,1943.5252037821977,434.2196283012716,2077.8304958962367
19107.9359994,449.04238669709815,1790.9379850016303,740.2659928268666,1989.243994915725
19107.9528731,225.82908379523965,1685.4348223019238,985.2774698402347,1965.314480659645
19107.9642031,182.2327355722204,1579.0597326377567,1235.5205086403653,2013.2434866213043
19107.9809623,251.9868927290512,1339.279817411151,1394.2112161721552,1949.613484445655
19107.9985542,380.16015650472775,1016.6668405608086,1484.8916204760353,1839.303219659429
19108.0101424,407.1898924029997,661.792566025432,1527.616041734594,1713.8797448731814
19108.0273082,220.59752200847734,488.27910009781544,1552.9019237039452,1642.7367807874841
19108.0449742,8.719269644603848,330.46031953048583,1587.7790022823606,1621.8268121276374
19108.0565107,-111.60665145092925,236.29220736876428,1661.020867297033,1681.4518647607727
19108.0735314,-171.7696119986958,108.1189435930877,1729.031170524943,1740.9030111458599
19108.0848082,-141.25216824258234,-97.6558200195631,1764.7801760678187,1773.1153104236862
19108.1018938,3.487707857841539,-305.17443756113465,1735.1346592761656,1761.770668182517
19108.1194551,115.09435930877079,-510.0772742093251,1663.636648190414,1743.8785606835547
19108.1311147,197.92742093250735,-684.4626671014021,1545.926507988262,1702.2200723506173
19108.148682,224.95715683077927,-780.3746331920444,1368.9253342028042,1591.711927818996
19108.160717,270.2973589827193,-874.5427453537659,1187.564525595044,1499.3982720330569
19108.1773298,325.2287577437235,-965.2231496576459,1028.873818063254,1447.760617987176
19108.1890546,359.2339093576785,-1111.7068796869905,854.488425171177,1447.4431445577763
19108.206402,360.1058363221389,-1341.0236713400718,684.4626671014021,1548.0664853627047
19108.2237445,363.5935441799804,-1579.9316596022172,482.17561134659275,1691.4129107229364
19108.2356366,317.38141506358005,-1788.322204108249,186.59237039452233,1825.8269307422852
19108.2524464,264.1938702314966,-1973.1707205738508,-181.36080860776002,1999.0229704774997
19108.2694002,277.2727746984024,-2113.5509618519727,-529.2596674274536,2196.3819466340024
19108.281556,396.7267688294751,-2179.817411150962,-810.0201499836975,2359.0525043844127
19108.2983122,363.5935441799804,-2245.2119334854906,-1042.8246494946202,2502.1311199113034
19108.3103661,44.46827518747962,-2355.0747310074994,-1298.2992500815128,2689.597620256683
19108.3273787,-224.95715683077927,-2509.4058037169875,-1452.630322791001,2908.239684900434
19108.3436512,-141.25216824258234,-2736.9787414411476,-1539.8230192370395,3143.574356796141
19108.3553038,43.59634822301924,-2791.0382132376917,-1572.0843169220736,3203.6298239409266
19108.3728994,128.17326377567656,-2522.484708183893,-1610.4491033583306,2995.480562960832
19108.3894289,136.02060645582003,-2088.2650798826216,-1622.656080860776,2648.0871220547547
19108.4011535,233.67642647538312,-1836.2781871535703,-1510.1775024453864,2388.9659566009923
19108.4184683,205.77476361265082,-1545.926507988262,-1266.0379523964787,2008.7518807331314
19108.4303187,-53.18754483208347,-1236.3924356048256,-865.823475709162,1510.3461394114897
19108.4479857,-285.12011737854584,-1008.8194978806652,-388.0074991848712,1117.8372332597671
19108.4602397,-376.6724486468862,-835.3060319530485,6.975415715683078,916.3334311325737
19108.4769729,-449.91431366155854,-639.9943919139224,260.70616237365505,824.6110685762235
19108.4940493,-490.0229540267362,-435.96348223019237,438.5792631235735,789.011041338067
19108.505649,-519.6684708183893,-272.04121291164006,567.6244538637105,816.2470592346629
19108.5228207,-482.17561134659275,-149.09951092272578,727.1870883599609,885.1695011760708
19108.5394226,-537.9789370720574,-30.517443756113465,917.2671666123248,1063.8287954608068
19108.5513317,-667.0241278121944,34.87707857841539,1150.9435930877078,1330.7173825284715
19108.568569,-866.6954026736224,13.07890446690577,1414.265536354744,1658.7582663180367
19108.5800163,-1110.8349527225303,-35.74900554287578,1573.8281708509944,1926.69857397351
19108.5975299,-1230.288946853603,-62.7787414411477,1656.6612324747312,2064.48020148215
19108.6139881,-1219.8258232800783,-63.65066840560809,1696.7698728399087,2090.706686292116
19108.6261351,-1082.933289859798,-38.36478643625693,1773.4994457124226,2078.3446901481802
19108.6432552,-943.4249755461364,-15.694685360286925,1902.5446364525596,2123.669725104916
19108.655013,-882.3900880339094,68.01030322791001,2000.2004564721226,2187.2447359353573
19108.6723544,-868.4392566025432,104.63123573524616,2031.5898271926965,2211.8977516722402
19108.6897274,-856.2322791000978,105.50316269970655,2022.8705575480926,2199.1520924455226
19108.7018339,-854.488425171177,42.724421258558856,2008.9197261167265,2183.51421128975
19108.7187318,-774.2711444408217,-54.93139876100424,2023.7424845125531,2167.4978448212078
19108.7302131,-677.487251385719,-106.37508966416694,2109.191327029671,2217.880224337739
19108.7472352,-515.3088359960874,-109.86279752200848,2193.768242582328,2256.154279498138
19108.7641986,-317.38141506358005,-164.79419628301272,2192.8963156178675,2221.8646090180073
19108.7762973,-188.3362243234431,-265.065797195957,2056.8757091620478,2082.418808303559
19108.7928845,-146.48373002934463,-483.04753831105313,1817.9677208999021,1886.7429718076767
19108.809838,-147.355656993805,-727.1870883599609,1505.8178676230846,1678.6906211623532
19108.8214953,-136.02060645582003,-1082.0613628953374,1168.3821323769155,1598.27256927883
19108.83904,-1.7438539289207695,-1492.7389631561787,740.2659928268666,1666.2131896270223
19108.8505473,106.37508966416694,-1688.0506031953048,204.90283664819043,1703.7651455278592
19108.8683979,275.5289207694816,-1740.366221062928,-385.39171829149006,1803.6955247837477
19108.8799507,519.6684708183893,-1762.1643951744377,-1063.7508966416694,2122.9330289222903
19108.8975767,672.2556895989567,-1776.9871535702641,-1824.071209651125,2633.7894437540062
19108.9145545,646.9698076296055,-1533.7195304858167,-2594.854646234105,3082.877903073789
19108.9261067,380.16015650472775,-1109.0910987936095,-3238.336746005869,3444.042637736762
19108.9432456,102.01545484186502,-509.2053472448647,-3449.343071405282,3488.2180067967342
19108.9545954,8.719269644603848,167.40997717639388,-3158.1194652755134,3162.565522336799
19108.9721202,46.21212911640039,852.7445712422563,-2581.775741767199,2719.3519164385807
19108.9892066,-66.26644929898924,1388.1077274209326,-1990.6092598630585,2427.7066401608236
19109.000738,-381.03208346918814,1802.2730355396152,-1481.4039126181938,2363.880516351565
19109.0186524,-781.2465601565048,2087.393152918161,-1116.9384414737528,2493.0118019471565
19109.0305364,-865.823475709162,2173.713922399739,-777.7588522986632,2465.682733007734
19109.0475926,-671.3837626344963,2084.77737202478,-418.52494294098466,2229.8466260035816
19109.059269,-371.4408868601239,1990.6092598630585,-86.3207694815781,2026.8065603623552
19109.0770597,-266.80965112487775,1994.9688946853603,143.86794913596347,2017.8667615786962
19109.0949932,-306.04636452559504,1992.3531137919792,354.87427453537657,2046.7220275364555
19109.1063419,-529.2596674274536,1932.1901532442125,487.40717313335506,2061.805115979966
19109.1240284,-833.5621780241278,1848.4851646560157,483.04753831105313,2084.4803268090764
19109.152497,-1134.3769807629606,1589.5228562112814,460.37743723508316,2006.325354875949
19109.1695765,-1034.1053798500163,1460.4776654711445,535.3631561786763,1867.8818637612992
19109.1811365,-719.3397456798174,1316.609716335181,785.6061949788067,1693.5430046066115
19109.1982617,-397.59869579393546,1266.9098793609392,1077.7017280730356,1710.1422104640874
19109.2094659,-265.93772416041736,1285.2203456146071,1341.0236713400718,1876.3951334960761
19109.226371,-307.7902184545158,1243.3678513205086,1515.4090642321487,1984.2285816484484
19109.2435399,-446.426605803717,1191.924160417346,1604.345614607108,2047.9025293370487
19109.2547544,-563.2648190414086,1074.214020215194,1679.331333550701,2071.5590132655684
19109.2720614,-642.6101728073036,973.9424193022497,1737.750440169547,2093.152708863165
19109.28943,-676.6153244212586,924.2425823280079,1782.2187153570264,2118.569375215001
19109.3007825,-545.8262797522009,859.7199869579393,1865.051776980763,2124.961861884158
19109.3180989,-224.08522986631888,810.0201499836975,1973.1707205738508,2144.7026661413424
19109.3299669,138.6363873492012,782.1184871209651,2105.7036191718294,2250.537070920398
19109.3469266,426.3722856211281,773.3992174763613,2229.517248125204,2398.058972424701
19109.3638976,517.9246168894686,739.3940658624063,2335.8923377893707,2504.2648636188096
19109.375646,370.5689598956635,494.38258884903814,2405.6464949462015,2483.7211109225154
19109.3926814,286.8639713074666,-100.27160091294425,2361.1782197587218,2380.6528342971183
19109.4098461,150.84336485164656,-732.4186501467232,2127.501793283339,2255.0952707649267
19109.4214148,-252.85881969351158,-1057.6474078904466,1683.690968373003,2004.3380201690027
19109.4388267,-589.42262797522,-1205.8749918487122,1145.7120313009457,1764.7123247155853
19109.4506678,-694.0538637104663,-1356.7183567003588,530.131594391914,1613.5163378508632
19109.4681833,-712.3643299641343,-1686.306749266384,-238.03606129768505,1846.0104435524531
19109.4793225,-579.8314313661558,-2178.073557222041,-1025.3861102054125,2476.211942559075
19109.4959913,33.13322464949462,-2650.6579719595697,-1740.366221062928,3171.1133814963714
19109.5128965,1009.6914248451255,-2676.815780893381,-2796.269775024454,4000.492988740379
19109.5254309,1541.5668731659603,-2504.174241930225,-4237.56504727747,5157.933170204631
19109.5426246,1737.750440169547,-2651.52989892403,-5725.072448646886,6544.222027059686
19109.5597412,1904.2884903814804,-2129.2456472122594,-6794.926834039778,7370.958713812307
19109.5714417,659.1767851320509,-488.27910009781544,-6372.914183240952,6425.493420789026
19109.5887622,-322.61297685034236,810.0201499836975,-4910.692663840887,4987.495785954366
19109.5999884,0.0,990.5090316269971,-4079.7462667101404,4198.266039982456
19109.6166347,269.4254320182589,1226.8012389957614,-3935.0063906097166,4130.606085982912
19109.6340791,111.60665145092925,1785.706423214868,-3828.6313009455494,4226.0644946733755
19109.6456803,-37.49285947179654,2108.31940006521,-3002.044538637105,3668.608430885418
19109.6636341,193.56778611020542,2018.5109227257908,-1731.646951418324,2666.5438300052947
19109.6753097,170.89768503423542,1810.1203782197588,-715.8520378219758,1954.017897167367
19109.6926249,82.83306162373655,1754.317052494294,-57.547179654385396,1757.2140776400593
19109.7046729,-31.38937072057385,1776.9871535702641,324.35683077926313,1806.620045892647
19109.7218612,-68.01030322791001,1702.8733615911315,551.9297685034236,1791.3764418240169
19109.7392305,157.81878056732964,1389.8515813498534,698.4134985327682,1563.4499034549294
19109.750611,427.2442125855885,1120.4261493315944,803.9166612324748,1443.6669877437364
19109.7678606,515.3088359960874,999.2283012716009,878.0304532116074,1426.5124854990763
19109.779317,454.27394848386047,957.3758069775024,959.1196609064232,1429.2808611305875
19109.7967334,402.8302575806978,834.4341049885882,1139.6085425497229,1468.7614245489092
19109.8146873,361.84969025105966,712.3643299641343,1332.304401695468,1553.5228211124409
19109.8261024,145.61180306488424,582.447212259537,1422.1128790348876,1543.6491158866413
19109.8427844,-80.2172807303554,340.92344310401046,1453.5022497554614,1495.1028045689213
19109.8597961,-242.39569611998695,87.19269644603848,1440.4233452885555,1463.2763421388652
19109.8711079,-339.1795891750897,-78.47342680143463,1368.9253342028042,1412.5004223182384
19109.8875597,-277.2727746984024,-214.49403325725464,1326.2009129442451,1371.749519185651
19109.9047419,-45.340202151940005,-299.07094880991195,1313.1220084773395,1347.5119945665797
19109.9162406,251.1149657645908,-339.1795891750897,1287.8361265079882,1355.2207969489818
19109.9337025,469.096706879687,-382.7759373981089,1207.618845777633,1350.8931916823292
19109.9446038,572.8560156504728,-605.9892402999674,1096.884121291164,1377.8758106473006
19109.9613837,753.3448972937724,-1179.7171829149006,1028.0018910987935,1736.6775907018348
19109.9784145,885.8777958917509,-1598.2421258558852,923.3706553635475,2047.3814322936682
19109.9893186,673.1276165634171,-1708.976850342354,760.3203130094555,1987.910873646305
19110.0061347,468.22477991522663,-1893.8253668079558,489.15102706227583,2011.237850620366
19110.0226831,360.97776328659927,-2152.78767525269,157.81878056732964,2188.539807224679
19110.0392017,289.4797522008477,-2402.15878708836,-82.83306162373655,2420.955737186875
19110.050612,375.8005216824258,-2597.4704271274863,-206.6466905771112,2632.6377469422378
19110.0671174,552.801695467884,-2741.33837626345,-324.35683077926313,2815.2678667153614
19110.0837673,520.5403977828497,-2798.013628953375,-510.0772742093251,2891.3701594914437
19110.0949514,299.07094880991195,-2753.545353765895,-683.5907401369417,2852.8497590424877
19110.1119147,6.103488751222693,-2675.943853928921,-875.4146723182263,2815.5041485433703
19110.1292311,153.4591457450277,-2572.184545158135,-823.0990544506033,2705.0277442570955
19110.1409346,401.9583306162374,-2377.744832083469,-619.0681447668732,2489.675953596479
19110.1570355,375.8005216824258,-2116.166742745354,-457.761656341702,2197.4834354813606
19110.1735943,-93.29618519726117,-1910.391979132703,-415.0372350831431,1957.1810336840044
19110.1846658,-632.147049233779,-1651.4296706879688,-328.71646560156506,1798.5784286044163
19110.2011047,-823.9709814150636,-1302.6588849038149,-103.75930877078578,1544.8670955100133
19110.2177399,-686.2065210303228,-886.7497228562113,245.8834039778285,1147.8950774534362
19110.2341765,-476.0721225953701,-462.12129116400394,547.5701336811217,860.2521752132386
19110.2450375,-383.6478643625693,-151.71529181610694,733.2905771111836,841.3787994006383
19110.2615614,-456.8897293772416,146.48373002934463,845.7691555265732,972.3842719901694
19110.2780959,-673.9995435278774,361.84969025105966,908.5478969677209,1187.7162388782278
19110.2891249,-905.9321160743398,393.23906097163353,980.9178350179328,1391.958963858149
19110.305441,-1106.4753179002282,330.46031953048583,1084.6771437887187,1584.3030512387
19110.3220773,-1206.7469188131724,308.6621454189762,1335.7921095533095,1826.431221268573
19110.3384292,-1199.7715030974894,316.50948809911966,1672.3559178350179,2082.403474742438
19110.3494682,-1172.7417671992175,390.6232800782524,1891.2095859145745,2259.3325335876993
19110.365606,-1151.8155200521683,530.131594391914,1951.372546462341,2327.138439090481
19110.3820559,-1060.263188783828,620.8119986957939,1954.8602543201825,2308.905407576388
19110.3988292,-939.9372676882948,708.0046951418324,1948.75676556896,2276.489764282504
19110.4101013,-829.2025432018258,832.6902510596674,2014.1512879034888,2331.899509504102
19110.4263445,-735.9063580045647,955.6319530485817,2168.4823606129767,2481.3517174573653
19110.4432868,-581.5752852950766,945.1688294750571,2369.0255624388656,2616.0764599235404
19110.4550354,-258.0903814802739,796.9412455167917,2559.1056406912294,2692.721239570884
19110.47182,61.906814476687316,621.6839256602543,2655.889533746332,2728.3827760353392
19110.4882702,267.68157808933813,460.37743723508316,2717.7963482230193,2769.4796988564335
19110.5001588,313.0217802412781,348.77078578415393,2763.1365503749594,2802.59652678368
19110.5174931,316.50948809911966,271.1692859471797,2715.180567329638,2746.9831726645807
19110.5347797,262.4500163025758,135.14867949135964,2538.17939354418,2555.2885963111453
19110.5462195,256.3465275513531,-102.01545484186502,2258.2908379523965,2275.082021377244
19110.5633299,200.5432018258885,-448.17045973263777,1899.9288555591784,1962.3465527174226
19110.5748387,43.59634822301924,-830.0744701662862,1414.265536354744,1640.4484981007467
19110.5921449,-206.6466905771112,-1199.7715030974894,866.6954026736224,1494.428129883426
19110.6091975,-306.9182914900554,-1602.6017606781872,317.38141506358005,1662.3062905517024
19110.6208624,-100.27160091294425,-1926.9585914574502,-234.5483534398435,1943.7686943776687
19110.6376761,422.8845777632866,-2415.237691555266,-888.4935767851321,2607.9925821995125
19110.6494226,1008.8194978806652,-2811.0925334202802,-1775.2432996413434,3474.3987657833595
19110.6668426,1692.4102380176068,-2905.260645582002,-2916.595696119987,4450.991157836645
19110.6842765,2307.118747962178,-2631.475578741441,-4112.007564395174,5399.6358070109045
19110.6958097,1326.2009129442451,-1499.7143788718618,-5356.247342680143,5718.158591334912
19110.7134844,-530.131594391914,242.39569611998695,-5421.6418650146725,5452.888747567639
19110.7253601,-1030.6176719921748,995.7405934137594,-4047.4849690251062,4293.693828125
19110.7431966,-408.0618193674601,1133.5050537985003,-2715.180567329638,2970.446711963828
19110.7544073,-303.4305836322139,1591.2667101402021,-2240.852298663189,2765.0712262630605
19110.771663,-604.2453863710466,2127.501793283339,-2039.43716987284,3008.4348650475144
19110.7890619,-895.4689925008151,2464.0656015650475,-1598.2421258558852,3070.482355951078
19110.8007255,-915.523312683404,2505.0461688946853,-727.1870883599609,2764.460219615788
19110.8177419,-870.183110531464,2413.493837626345,108.1189435930877,2567.851408488864
19110.8292843,-867.5673296380828,2358.562438865341,701.0292794261494,2609.009754695165
19110.8470041,-960.863514835344,2381.2325399413107,1049.8000652103033,2774.095759041608
19110.8641457,-1042.8246494946202,2339.3800456472122,1266.0379523964787,2857.1024385685228
19110.8756129,-1062.878969677209,2238.2365177698075,1320.9693511574828,2807.9128263459
19110.8928783,-1019.2826214541898,2127.501793283339,1326.2009129442451,2706.290783400131
19110.9046511,-932.9618519726117,1984.5057711118357,1296.555396152592,2547.4961958960316
19110.9212693,-851.0007173133355,1839.7658950114119,1292.1957613302902,2403.8948926512826
19110.9383158,-748.1133355070101,1699.38565373329,1334.0482556243887,2286.322355052415
19110.9502461,-626.0435604825562,1516.2809911966092,1456.1180306488425,2193.471746584968
19110.9675094,-555.4174763612651,1383.7480925986306,1567.7246820997718,2163.5637350636785
19110.9791535,-623.4277795891751,1276.5010759700033,1555.5177045973264,2106.5973802869407
19110.9963101,-828.3306162373656,1188.4364525595045,1450.8864688620802,2050.264460282007
19111.0139606,-1016.6668405608086,1097.7560482556244,1316.609716335181,1993.0230684379715
19111.0260593,-1078.5736550374959,976.5582001956309,1205.8749918487122,1889.7411313924467
19111.0430256,-1019.2826214541898,832.6902510596674,1134.3769807629606,1737.561869716652
19111.0541721,-912.9075317900229,706.2608412129116,1077.7017280730356,1579.1280987055256
19111.071847,-808.2762960547767,626.0435604825562,987.8932507336159,1421.6800572670127
19111.0840666,-551.9297685034236,423.756504727747,898.9567003586567,1136.802178824022
19111.1010351,-217.98174111509618,204.03090968373004,849.2568633844147,900.2121258744928
19111.1175467,74.1137919791327,49.69983697424193,831.818324095207,836.5910902330668
19111.1290815,295.5832409520704,-88.06462341049885,828.3306162373656,883.8871195035803
19111.1461457,391.49520704271276,-253.73074665797196,805.6605151613956,930.9869250570353
19111.1635829,449.04238669709815,-561.5209651124878,817.867492663841,1088.9683626569342
19111.175353,392.36713400717315,-895.4689925008151,866.6954026736224,1306.5135305059111
19111.1922335,273.78506684056083,-1198.899576133029,791.7096837300294,1462.5739912184788
19111.2095653,53.18754483208347,-1293.0676882947505,531.8754483208347,1399.1942159556277
19111.2210286,-133.40482556243887,-1420.3690251059668,127.30133681121617,1432.2886040591618
19111.2379302,-126.42940984675579,-1815.351940006521,-409.80567329638086,1865.3224256480537
19111.249178,43.59634822301924,-2297.5275513531137,-955.6319530485817,2488.7277714712923
19111.2664995,285.12011737854584,-2638.450994457124,-1592.1386371046626,3094.773428095704
19111.2839326,403.70218454515816,-2838.9941962830126,-2572.184545158135,3852.1418502808956
19111.2954867,708.8766221062928,-3102.316139550049,-3876.5872839908707,5015.456157268375
19111.3121421,1034.1053798500163,-3022.0988588196938,-5173.142680143463,6079.791167321122
19111.3239801,1368.0534072383437,-2007.1758721878057,-6447.899902184546,6890.264019291336
19111.3411747,1153.559373981089,-755.9606781871536,-6919.612389957613,7055.7218910271495
19111.3588657,307.7902184545158,-50.57176393870232,-6456.619171829149,6464.1490895489005
19111.3710504,-796.0693185523313,684.4626671014021,-5655.318291490055,5751.94232243839
19111.3880871,-1232.904727746984,1452.630322791001,-4999.629214215846,5350.372062018988
19111.3996161,-881.518161069449,1786.5783501793283,-4331.733159439192,4767.897716416513
19111.4167842,-455.14587544832085,1899.9288555591784,-3419.697554613629,3938.4284669337926
19111.4345137,-386.26364525595045,2089.137006847082,-2352.458950114118,3169.819576726161
19111.4462906,-698.4134985327682,2267.882034561461,-1521.5125529833715,2818.877575650526
19111.4640588,-622.5558526247147,2178.073557222041,-793.4535376589502,2400.2393061381745
19111.4755223,-744.6256276491686,2291.4240626018914,-329.58839256602545,2431.81415172647
19111.4927968,-872.7988914248451,2376.872905119009,20.05432018258885,2532.1344529308276
19111.509653,-680.1030322791001,2310.6064558200196,355.74620149983696,2434.7479721880745
19111.5210932,-407.1898924029997,2251.3154222367134,691.4380828170852,2390.0442174248165
19111.5384368,-210.13439843495271,2095.2404955983047,981.7897619823932,2323.3812292721345
19111.5501071,-3.487707857841539,1787.4502771437888,1228.5450929246822,2168.9429920394
19111.5683369,195.3116400391262,1481.4039126181938,1467.4530811868276,2094.3072206674883
19111.5800106,272.04121291164006,1267.7818063253994,1654.0454515813499,2101.7001417588285
19111.5966361,203.15898271926966,1104.7314639713074,1772.6275187479623,2098.550332960893
19111.6134047,96.78389305510271,996.6125203782198,1839.7658950114119,2094.5983352845174
19111.6249877,-30.517443756113465,928.6022171503098,1844.1255298337137,2064.9533558544013
19111.6422548,-95.91196609064232,912.0356048255625,1779.6029344636454,2001.99766584792
19111.654345,-91.5523312683404,817.867492663841,1647.0700358656668,1841.2302321989596
19111.6715124,49.69983697424193,412.421454189762,1550.2861428105641,1604.9762161046876
19111.6883155,129.91711770459733,-88.06462341049885,1478.7881317248125,1487.093868556812
19111.6998549,-71.49801108575156,-456.8897293772416,1374.1568959895665,1449.8852938061368
19111.7167091,-521.4123247473101,-648.7136615585263,1198.0276491685686,1458.75648250948
19111.7338924,-898.0847733941963,-837.0498858819693,1014.0510596674275,1592.327957196681
19111.74559,-942.553048581676,-961.7354417998043,800.4289533746332,1566.5336953940337
19111.762753,-681.8468862080209,-867.5673296380828,498.74222367134007,1210.9219848361663
19111.774406,-187.46429735898272,-872.7988914248451,112.47857841538963,899.7623009768095
19111.7922759,750.7291164003913,-1456.989957613303,-123.81362895337463,1643.6981953850075
19111.8090702,1795.297619823932,-2289.6802086729704,-186.59237039452233,2915.5695351720938
19111.8206391,2121.398304532116,-2553.0021519400066,-280.7604825562439,3331.2125724497464
19111.8380175,1727.2873165960223,-2393.4395174437564,-509.2053472448647,2995.2235781987383
19111.8493866,1207.618845777633,-2430.9323769155526,-805.6605151613956,2831.406781708295
19111.8663145,937.3214867949137,-2731.7471796543855,-1159.6628627323116,3112.2069626484704
19111.8836263,739.3940658624063,-2967.1674600586894,-1427.3444408216499,3374.6256790062125
19111.895055,462.9932181284643,-2903.5167916530813,-1343.6394522334529,3232.6675450844873
19111.912753,381.9040104336485,-2573.0564721225956,-836.1779589175089,2732.3367034274406
19111.9241084,562.3928920769482,-2295.783697424193,-320.8691229214216,2385.343904861883
19111.9413308,611.2208020867297,-2163.2507988262146,-158.69070753179003,2253.536693329563
19111.9580191,224.95715683077927,-1892.081512879035,-59.29103358330617,1906.329877133384
19111.9691642,-416.7810890120639,-1484.0196935115748,104.63123573524616,1544.9817547077232
19111.9857801,-709.7485490707531,-1061.1351157482882,517.0526899250082,1377.3504350530618
19112.0026187,-635.6347570916205,-634.7628301271601,1056.7754809259864,1386.9858730428061
19112.0191217,-462.9932181284643,-261.57808933811543,1395.0831431366157,1492.997921337692
19112.0299627,-428.9880665145093,-28.773589827192698,1498.8424519074015,1559.2906644763802
19112.0475251,-521.4123247473101,130.78904466905772,1531.1037495924356,1622.730809043772
19112.059637,-728.0590153244212,243.26762308444734,1541.5668731659603,1722.1142501817349
19112.0770493,-991.3809585914574,297.3270948809912,1603.4736876426475,1908.4987485902102
19112.0942992,-1153.559373981089,329.58839256602545,1673.2278447994784,2058.8878450333823
19112.1056688,-1170.9979132702967,326.9726116726443,1746.4697098141507,2127.9811204439156
19112.1233194,-1123.0419302249757,336.56380828170853,1830.1746984023475,2173.485173807415
19112.1352256,-984.4055428757744,350.5146397130747,1898.1850016302576,2166.799733688325
19112.1527972,-832.6902510596674,383.6478643625693,1948.75676556896,2153.6507770273633
19112.1698612,-741.137919791327,407.1898924029997,1966.1953048581677,2140.330115069655
19112.1817859,-657.4329312031301,416.7810890120639,1983.6338441473754,2130.8983464340376
19112.1981345,-601.6296054776655,435.96348223019237,2051.6441473752852,2182.0325495933253
19112.2104491,-542.3385718943593,426.3722856211281,2106.5755461362896,2216.660773345711
19112.2273777,-426.3722856211281,380.16015650472775,2104.8316922073686,2180.970316868164
19112.2395878,-230.18871861754158,279.88855559178353,2074.3142484512555,2105.731239037389
19112.2570354,33.13322464949462,248.49918487120965,2052.5160743397455,2067.769786722006
19112.2738852,22.670101075970003,251.9868927290512,2001.9443104010434,2017.868268628343
19112.285685,-80.2172807303554,189.2081512879035,1866.7956309096837,1878.073604581312
19112.3029382,-202.28705575480927,43.59634822301924,1715.0803390935769,1727.5188172780263
19112.3146337,-246.75533094228888,-173.51346592761658,1564.2369742419303,1593.0575720268876
19112.3323466,-288.6078252363873,-357.4900554287577,1354.1025758069775,1429.925663216527
19112.3445223,-419.39686990544504,-565.0086729703294,1072.4701662862733,1282.7005857144854
19112.3619651,-504.84571242256277,-881.518161069449,739.3940658624063,1256.442217644428
19112.3790009,-365.3373981089012,-1336.6640365177698,411.54952722530163,1445.5155392925835
19112.3912406,-34.87707857841539,-1919.1112487773069,10.463123573524618,1919.4566608154178
19112.4086297,102.01545484186502,-2546.0267362243235,-588.5507010107597,2615.1579727152107
19112.4200661,-209.26247147049233,-3028.202347570916,-1462.2215194000653,3369.256893084376
19112.437108,-503.9737854581024,-3220.026279752201,-2730.0033257254645,4251.526429083543
19112.4492074,-696.6696446038475,-2920.0834039778288,-4037.0218454515816,5030.882731743256
19112.4674615,-810.0201499836975,-1791.8099119660906,-4801.701793283339,5188.743153753129
19112.479671,-742.8817737202478,-496.9983697424193,-4476.473035539615,4564.832039315973
19112.4979799,-394.9829149005543,379.28822954026737,-3790.2665145092924,3829.620257302485
19112.5090642,-543.2104988588197,940.8091946527552,-3495.5552005216823,3660.478895815108
19112.5264543,-879.7743071405282,1396.8269970655365,-3216.5385718943594,3615.4182158804156
19112.5440435,-932.9618519726117,1753.4451255298338,-2587.879230518422,3262.224170290742
19112.555978,-809.1482230192371,2067.3388327355724,-1688.0506031953048,2788.9291018417266
19112.57321,-742.0098467557874,2289.6802086729704,-834.4341049885882,2547.448595406657
19112.5849146,-592.0384088686012,2299.2714052820347,-131.6609716335181,2377.917804335291
19112.6024093,-491.766807955657,2259.1627649168568,349.6427127486143,2338.354339780839
19112.6142775,-610.3488751222693,2335.0204108249104,635.6347570916205,2495.771947264989
19112.631216,-719.3397456798174,2353.3308770785784,790.837756765569,2584.770830122495
19112.6490544,-656.5610042386697,2255.675057059015,871.0550374959244,2505.569634568576
19112.6609881,-544.9543527877405,2090.8808607760025,919.0110205412456,2348.050100925865
19112.6787538,-472.58441473752856,1967.067231822628,943.4249755461364,2232.205234302477
19112.69063,-465.6089990218455,1863.3079230518422,990.5090316269971,2160.9757744622093
19112.7072388,-533.6193022497555,1737.750440169547,1035.849233778937,2092.249934200831
19112.7192677,-570.2402347570917,1598.2421258558852,1123.913857189436,2035.3707712794242
19112.7367312,-560.6490381480274,1470.0688620802086,1273.8852950766222,2024.4044922511312
19112.7539104,-537.107010107597,1347.1271600912944,1413.3936093902837,2025.0721026244107
19112.7652268,-536.2350831431366,1284.3484186501466,1518.02484512553,2059.489828889924
19112.7827906,-655.6890772742094,1184.0768177372024,1566.8527551353113,2070.5056466077267
19112.7944985,-974.8143462667101,984.4055428757744,1552.029996739485,2080.4120729584097
19112.8121172,-1263.4221715030976,752.472970329312,1495.35474404956,2097.2689300786737
19112.8240878,-1327.944766873166,528.3877404629932,1478.7881317248125,2056.5615105480256
19112.8420566,-1285.2203456146071,377.5443756113466,1481.4039126181938,1997.2202293833257
19112.8595247,-1200.6434300619499,269.4254320182589,1546.7984349527226,1976.5424629745098
19112.8715072,-1117.8103684382133,231.06064558200197,1639.2226931855234,1997.4834366219777
19112.8887637,-1107.3472448646887,246.75533094228888,1707.2329964134333,2049.8172157781887
19112.9003525,-1111.7068796869905,177.0011737854581,1731.646951418324,2065.386832102207
19112.9171436,-1092.524486468862,44.46827518747962,1711.5926312357353,2031.0432088787938
19112.9296115,-1076.829801108575,-95.91196609064232,1681.0751874796217,1998.6934011384915
19112.9469854,-932.9618519726117,-282.5043364851647,1633.9911313987611,1902.6701066813691
19112.9637998,-497.8702967068797,-537.107010107597,1525.8721878056733,1692.5261316058288
19112.9762071,132.5328985979785,-828.3306162373656,1315.7377893707205,1560.4045979761486
19112.9933293,846.6410824910336,-1191.924160417346,993.9967394848386,1767.9122842648824
19113.0045053,1369.7972611672644,-1613.0648842517119,458.6335833061624,2165.333143246918
19113.0212258,1549.4142158461036,-2251.3154222367134,-293.83938702314964,2748.717360521632
19113.037905,1297.4273231170525,-2975.886729703293,-1395.955070101076,3533.823714411309
19113.0491488,642.6101728073036,-3439.751874796218,-2660.249168568634,4395.653129311916
19113.0660075,31.38937072057385,-3580.1321160743396,-4282.90524942941,5582.258381401846
19113.0830662,47.95598304532116,-3091.853015976524,-6058.148549070754,6801.692340243056
19113.0942699,751.6010433648516,-1951.372546462341,-7215.195630909684,7512.110684472923
19113.1124463,645.2259537006847,-447.2985327681774,-6966.696446038474,7010.795381409347
19113.1242279,42.724421258558856,811.7640039126183,-5597.77111183567,5656.48544546188
19113.1414915,-138.6363873492012,1719.4399739158787,-4503.5027714378875,4822.575150699656
19113.1584108,98.52774698402348,2454.474404955983,-3863.508379523965,4578.30201277304
19113.1706889,223.2133029018585,2889.565960221715,-3661.221323769156,4669.470762162065
19113.1881528,558.9051842191067,3036.92161721552,-3104.05999347897,4378.407970618383
19113.1997955,779.502706227584,3427.5448972937725,-1939.1655689598956,4014.4802398094153
19113.2170505,809.1482230192371,3621.984610368438,-560.6490381480274,3753.3745761031237
19113.2347505,974.8143462667101,3099.700358656668,410.67760026084125,3275.2192925817462
19113.2465671,816.1236387349202,2634.9632865992826,969.5827844799478,2923.8980986668994
19113.2642315,119.45399413107272,2412.6219106618846,1088.1648516465602,2649.3615240051045
19113.276307,-230.18871861754158,2172.841995435279,1093.3964134333226,2443.3061413205683
19113.2933569,-54.93139876100424,1919.1112487773069,1198.899576133029,2263.4852854404403
19113.3044877,344.411150961852,1705.4891424845125,1347.999087055755,2201.00290657295
19113.3217374,694.0538637104663,1626.1437887186175,1476.1723508314315,2303.2887783946594
19113.3382394,703.6450603195304,1424.7286599282686,1519.7686990544507,2198.7871711374737
19113.3493795,473.45634170198895,952.1442451907402,1583.4193674600588,1907.3427757996956
19113.3663598,26.15780893381154,475.2001956309097,1591.2667101402021,1660.9121589344497
19113.3837218,-389.751353113792,136.89253342028042,1546.7984349527226,1601.009394517236
19113.3953703,-592.0384088686012,-41.85249429409847,1437.8075643951745,1555.490823208638
19113.4124995,-600.7576785132051,-175.25731985653735,1306.1465927616564,1448.3244934194672
19113.4242248,-403.70218454515816,-338.3076622106293,1228.5450929246822,1336.6938966967232
19113.4410374,-42.724421258558856,-530.131594391914,1206.7469188131724,1318.750548666986
19113.4585451,431.60384740789044,-822.2271274861429,1200.6434300619499,1517.855057778025
19113.4701158,711.4924029996739,-1160.5347896967721,1177.1014020215193,1799.619445400557
19113.4870519,536.2350831431366,-1403.8024127812193,1041.0807955656994,1828.1297824332958
19113.5040336,179.61695467883925,-1608.7052494294098,797.8131724812521,1804.6331173217563
19113.5158193,-110.73472448646886,-1817.9677208999021,498.74222367134007,1888.3888950938342
19113.5329058,-159.5626344962504,-2029.8459732637757,184.84851646560156,2044.4813238428183
19113.5445439,28.773589827192698,-2213.8225627649167,-98.52774698402348,2216.2007977176427
19113.5613747,311.27792631235735,-2417.853472448647,-388.8794261493316,2468.6305049001435
19113.5782093,438.5792631235735,-2558.2337137267687,-709.7485490707531,2690.8464294712753
19113.5900885,251.1149657645908,-2583.51959569612,-1096.884121291164,2817.9402057030034
19113.6070748,-230.18871861754158,-2559.9775676556897,-1552.9019237039452,3002.9945683804594
19113.6245438,-482.17561134659275,-2674.2000000000003,-1919.1112487773069,3326.6840765785164
19113.6362634,-299.07094880991195,-2858.1765895011413,-2010.6635800456472,3507.333015457246
19113.6529002,10.463123573524618,-2775.3435278774045,-1838.8939680469514,3329.290044499784
19113.6697982,201.4151287903489,-2395.183371372677,-1455.2461036843822,2809.842105687505
19113.6813571,306.04636452559504,-2046.412585588523,-1038.4650146723181,2315.1411262367606
19113.6992301,304.30251059667427,-1790.0660580371698,-729.802869253342,1956.9232836426118
19113.7112932,228.4448646886208,-1558.1334854907075,-515.3088359960874,1656.9581199492236
19113.7286925,6.103488751222693,-1375.9007499184872,-415.0372350831431,1437.1485771160378
19113.7403858,-185.72044343006195,-1188.4364525595045,-280.7604825562439,1235.1921848219786
19113.757399,-319.1252689925008,-832.6902510596674,12.206977502445387,891.8312630868539
19113.7691625,-391.49520704271276,-514.436909031627,403.70218454515816,762.1609307213037
19113.7867714,-413.2933811542224,-336.56380828170853,807.4043690903163,967.464950877864
19113.8039434,-535.3631561786763,-298.19902184545157,1084.6771437887187,1245.8173509310386
19113.8153755,-845.7691555265732,-246.75533094228888,1239.880143462667,1521.0247953079447
19113.8336116,-1178.84525595044,-201.4151287903489,1343.6394522334529,1798.7804672001264
19113.8449832,-1300.0431040104336,-228.4448646886208,1419.4970981415063,1938.3681642350202
19113.8618759,-1242.4959243560484,-245.8834039778285,1500.5863058363223,1963.6736061923875
19113.8788977,-1125.6577111183567,-194.4397130746658,1597.370198891425,1963.7982678796736
19113.8902176,-1048.9281382458428,-56.67525268992501,1657.5331594391914,1962.3655363137177
19113.9074021,-980.0459080534724,70.62608412129117,1794.4256928594718,2045.8351822287295
19113.9191541,-905.9321160743398,96.78389305510271,2003.6881643299641,2201.101174586442
19113.9361366,-826.5867623084448,124.68555591783502,2213.8225627649167,2366.390183990189
19113.953762,-766.4238017606782,181.36080860776002,2384.7202477991523,2511.411524833675
19113.9654897,-714.1081838930551,206.6466905771112,2546.8986631887838,2653.17661560295
19113.9825149,-653.0732963808282,202.28705575480927,2666.3526573198565,2752.6099027229284
19113.9992346,-513.5649820671666,195.3116400391262,2746.569938050212,2800.9894773350306
19114.0107472,-322.61297685034236,215.36596022171503,2743.0822301923704,2770.3721322688057
19114.0278635,-124.68555591783502,223.2133029018585,2651.52989892403,2663.828348699475
19114.0394337,89.80847733941962,214.49403325725464,2526.8443430061952,2537.5215440833995
19114.0559741,232.80449951092274,98.52774698402348,2345.483534398435,2359.067328851055
19114.0728528,200.5432018258885,-141.25216824258234,2071.698467557874,2086.169765698241
19114.0840178,-15.694685360286925,-488.27910009781544,1708.976850342354,1777.432045887258
19114.1004456,-232.80449951092274,-927.7302901858494,1341.895598304532,1647.8972125317555
19114.1166161,-183.97658950114118,-1387.2358004564721,988.7651776980763,1713.4547347919317
19114.1329872,28.773589827192698,-1788.322204108249,565.8805999347898,1875.9384527645589
19114.1438953,326.9726116726443,-2109.191327029671,-3.487707857841539,2134.3878061184937
19114.1602971,295.5832409520704,-2357.69051190088,-812.6359308770786,2511.264852298861
19114.1768805,-146.48373002934463,-2543.410955330942,-1918.2393218128464,3189.049837586389
19114.1934328,-595.5261167264428,-2342.8677535050538,-3152.015976524291,3972.264515661246
19114.2044399,-322.61297685034236,-1579.0597326377567,-4191.352918161069,4490.539840224956
19114.2370999,513.5649820671666,35.74900554287578,-5060.664101728074,5086.781706808556
19114.253824,9.591196609064232,329.58839256602545,-4850.52970329312,4861.723861152081
19114.2652696,-859.7199869579393,1119.5542223671341,-4084.105901532442,4321.162011279739
19114.2816234,-1313.1220084773395,1924.3428105640692,-3175.558004564721,3938.470934521703
19114.2983241,-1303.5308118682751,2276.6013042060645,-2530.332050864037,3644.8163689591443
19114.3099635,-1224.1854581023802,2390.823736550375,-1874.6429735898273,3275.508274071635
19114.3270616,-1233.7766547114445,2278.3451581349855,-1169.254059341376,2842.5721712199993
19114.3442032,-1354.1025758069775,2162.3788718617543,-456.01780241278124,2591.800225209996
19114.3558144,-1386.3638734920119,2054.2599282686665,69.75415715683079,2479.2850350564418
19114.3733591,-1342.7675252689926,1981.8899902184546,504.84571242256277,2446.5857339559075
19114.385366,-1204.1311379197914,1918.2393218128464,800.4289533746332,2402.1366327620563
19114.4025094,-1063.7508966416694,1854.5886534072383,982.6616889468536,2353.0170076683917
19114.4141735,-943.4249755461364,1818.8396478643626,1165.7663514835344,2357.3798029547165
19114.4319701,-995.7405934137594,1793.5537658950113,1404.6743397456798,2486.251081702756
19114.4495447,-1143.0962504075644,1729.031170524943,1646.1981089012065,2646.9201045918626
19114.4611449,-1287.8361265079882,1583.4193674600588,1896.4411477013368,2786.0774950961927
19114.4787311,-1361.0779915226606,1351.4867949135964,2137.0929898924032,2871.622590675947
19114.4904467,-1220.6977502445386,1119.5542223671341,2353.3308770785784,2877.7892332976
19114.507732,-1031.489598956635,987.0213237691555,2539.0513205086404,2912.8960665474156
19114.5194344,-923.3706553635475,931.217998043691,2694.254320182589,2996.462358997615
19114.5361429,-884.1339419628301,905.9321160743398,2804.989044669058,3077.396524170894
19114.5540532,-796.0693185523313,857.1042060645582,2862.536224323443,3092.3239829548656
19114.5658444,-666.152200847734,814.3797848059994,2869.511640039126,3056.3164497340554
19114.583351,-503.9737854581024,746.3694815780893,2884.3343984349526,3021.6621090809003
19114.5951123,-362.72161721552004,632.147049233779,2902.644864688621,2992.745240402804
19114.6128806,-230.18871861754158,391.49520704271276,2941.8815780893383,2976.730179713576
19114.6246721,-95.04003912618194,161.30648842517118,2947.1131398761004,2953.0540549531993
19114.6420434,-86.3207694815781,-10.463123573524618,2826.7872187805674,2828.1242427552547
19114.659782,-175.25731985653735,-243.26762308444734,2573.0564721225956,2590.4659567993613
19114.671603,-189.2081512879035,-509.2053472448647,2223.413759373981,2288.811603332631
19114.6884724,-93.29618519726117,-789.0939028366482,1810.992305184219,1977.641649820004
19114.6996765,170.02575806977504,-1116.9384414737528,1355.8464297358983,1764.8738712657625
19114.7163674,469.9686338441474,-1376.7726768829475,750.7291164003913,1637.0606973536696
19114.7333553,454.27394848386047,-1547.6703619171828,-91.5523312683404,1615.5587884037675
19114.744546,204.90283664819043,-1853.716726442778,-1036.7211607433974,2133.785752950221
19114.7623239,136.89253342028042,-2298.399478317574,-1907.776198239322,2990.1487839579486
19114.779003,331.3322464949462,-2614.908966416694,-2850.329246820998,3882.255372267127
19114.7905575,509.2053472448647,-2765.7523312683406,-3918.439778284969,4823.157299904802
19114.8072566,623.4277795891751,-2777.959308770786,-5208.019758721878,5935.418260307123
19114.8241582,830.9463971307466,-2493.7111183567004,-6490.624323443104,7002.661720002734
19114.8356918,1125.6577111183567,-1846.741310727095,-7269.255102706228,7584.169598549783
19114.8527314,970.4547114444082,-1057.6474078904466,-7039.938311053146,7184.784743457236
19114.8644386,-55.803325725464624,-456.01780241278124,-5799.186240626019,5817.355696598373
19114.8812106,-810.8920769481579,-234.5483534398435,-4872.32787740463,4944.91029600062
19114.898748,-537.9789370720574,-334.81995435278776,-4759.84929898924,4801.842468017287
19114.9104548,-74.1137919791327,-264.1938702314966,-4746.770394522335,4754.694567850089
19114.9281351,-91.5523312683404,258.0903814802739,-4083.233974567982,4092.4066471258134
19114.9398027,-332.2041734594066,835.3060319530485,-2562.593348549071,2715.691523334146
19114.9578313,-264.1938702314966,961.7354417998043,-834.4341049885882,1300.3898402594
19114.9742088,-96.78389305510271,694.0538637104663,465.6089990218455,841.349884207785
19114.9859196,-260.70616237365505,621.6839256602543,1228.5450929246822,1401.3499391205821
19115.002965,-627.787414411477,743.7537006847082,1478.7881317248125,1770.3392170727643
19115.0143036,-702.7731333550701,820.4832735572221,1530.2318226279754,1873.1503704017503
19115.0308154,-453.4020215194001,849.2568633844147,1621.7841538963157,1885.999590390359
19115.0475678,-178.74502771437886,840.5375937398109,1731.646951418324,1933.146242729427
19115.0643049,-131.6609716335181,818.7394196283013,1790.0660580371698,1972.816600913907
19115.0764469,-415.9091620476035,830.9463971307466,1718.5680469514184,1953.6961068656817
19115.0937302,-680.9749592435605,919.0110205412456,1615.680665145093,1979.5787841651365
19115.1053644,-659.1767851320509,896.3409194652755,1599.985979784806,1948.8191843967534
19115.1224406,-387.13557222041084,828.3306162373656,1638.350766221063,1876.2192820274881
19115.1343858,-170.89768503423542,840.5375937398109,1580.8035865666775,1798.5131204809275
19115.1515784,-170.89768503423542,762.0641669383763,1495.35474404956,1687.0191533687657
19115.1685991,-328.71646560156506,544.9543527877405,1464.8373002934463,1597.1155492671412
19115.1801852,-449.91431366155854,297.3270948809912,1517.1529181610695,1610.148834136947
19115.1972923,-491.766807955657,115.96628627323118,1603.4736876426475,1681.1932190920863
19115.2141588,-502.2299315291816,-70.62608412129117,1702.8733615911315,1776.7950454396237
19115.226,-436.83540919465275,-264.1938702314966,1741.2381480273884,1814.5340624909763
19115.2427337,-285.9920443430062,-420.26879686990543,1701.1295076622107,1775.4601974950172
19115.2595609,-12.206977502445387,-580.7033583306162,1599.985979784806,1702.1517371210318
19115.2708523,255.47460058689273,-664.4083469188132,1434.319856537333,1601.2430089957295
19115.2881801,462.12129116400394,-715.8520378219758,1173.6136941636778,1450.2997383056636
19115.2996848,493.51066188457776,-728.0590153244212,777.7588522986632,1174.1088260965648
19115.3164787,388.0074991848712,-816.1236387349202,309.5340723834366,955.206236941478
19115.3339658,359.2339093576785,-955.6319530485817,-110.73472448646886,1026.9097382569423
19115.3458994,449.04238669709815,-1082.0613628953374,-467.35285295076625,1261.3146107465661
19115.3638538,546.6982067166613,-1208.4907727420932,-759.4483860449951,1528.427534460284
19115.3756359,602.5015324421258,-1312.250081512879,-1061.1351157482882,1791.9308320635037
19115.3923011,574.5998695793935,-1397.6989240299968,-1412.5216824258232,2068.5610447067656
19115.4092162,394.1109879360939,-1482.275839582654,-1764.7801760678187,2338.143324363241
19115.4209504,224.95715683077927,-1608.7052494294098,-1994.9688946853603,2572.6327356840607
19115.4384328,128.17326377567656,-1702.001434626671,-2049.9002934463647,2667.45730651676
19115.4503345,132.5328985979785,-1829.3027714378873,-1940.9094228888164,2670.4012782088976
19115.4676102,184.84851646560156,-2021.9986305836323,-1730.7750244538638,2668.001053484592
19115.4792655,130.78904466905772,-2055.1318552331268,-1505.8178676230846,2551.1095952648393
19115.4967129,-45.340202151940005,-1960.9637430714054,-1354.974502771438,2383.9862496945116
19115.5139781,-164.79419628301272,-1809.2484512552983,-1193.6680143462668,2173.7940136939424
19115.5260436,-119.45399413107272,-1726.4153896315618,-905.9321160743398,1953.3285318157555
19115.5429195,-146.48373002934463,-1647.9419628301273,-589.42262797522,1756.2998691535956
19115.5545145,-221.46944897293773,-1551.1580697750244,-314.7656341701989,1598.1919405100014
19115.5714083,-365.3373981089012,-1359.3341375937398,-158.69070753179003,1416.4898350294075
19115.5890719,-452.5300945549397,-1138.7366155852626,17.438539289207696,1225.4830348907412
19115.6010951,-478.6879034887512,-851.8726442777959,279.88855559178353,1016.448087492202
19115.6176442,-479.5598304532116,-595.5261167264428,617.3242908379524,982.7096553642742
19115.6292443,-475.2001956309097,-409.80567329638086,925.9864362569286,1118.573554097075
19115.6466896,-535.3631561786763,-272.91313987610044,1143.968177372025,1292.1913487369038
19115.6638259,-621.6839256602543,-142.9960221715031,1284.3484186501466,1434.0465913875846
19115.6754009,-643.482099771764,-68.8822301923704,1407.290120639061,1548.9607670987848
19115.692627,-656.5610042386697,22.670101075970003,1515.4090642321487,1651.6812397453214
19115.7041409,-680.9749592435605,122.94170198891425,1619.1683730029345,1760.8372376053585
19115.7208967,-625.1716335180959,201.4151287903489,1695.8979458754484,1818.6471533219087
19115.7384848,-531.0035213563743,265.065797195957,1763.9082491033585,1861.074132803654
19115.7502504,-448.17045973263777,313.8937072057385,1842.381675904793,1921.9147379917974
19115.7677672,-401.086403651777,346.1550048907728,1906.0323443104012,1978.2954501698302
19115.779155,-348.77078578415393,359.2339093576785,2015.0232148679493,2076.296852356537
19115.7962333,-287.73589827192694,399.34254972285623,2132.733355070101,2188.793727833227
19115.8132743,-211.0063253994131,428.1161395500489,2285.3205738506686,2334.6299971445046
19115.8248292,-142.12409520704273,408.9337463319205,2452.730551027062,2490.6451419800846
19115.8421615,-106.37508966416694,265.065797195957,2593.110792305184,2608.7926551785995
19115.8591593,-11.335050537985001,54.05947179654385,2680.3034887512226,2680.8725634900284
19115.8713316,134.27675252689926,-71.49801108575156,2736.9787414411476,2741.2031743304174
19115.8888582,336.56380828170853,-129.04519074013695,2746.569938050212,2770.121709040848
19115.9006112,494.38258884903814,-112.47857841538963,2670.7122921421587,2718.413088947051
19115.9175865,675.7433974567982,-47.084056080860776,2466.6813824584283,2557.999822148255
19115.9291828,804.7885881969352,-36.62093250733616,2185.048972937724,2328.8333513856087
19115.9465498,821.3552005216825,-197.05549396804696,1852.8447994783176,2036.2929759935948
19115.964573,717.5958917508966,-692.3100097815455,1388.1077274209326,1709.1167533048158
19115.9761052,658.3048581675905,-1534.5914574502772,660.0487120965113,1795.5502025581686
19115.9927351,719.3397456798174,-2332.404629931529,-172.6415389631562,2446.909505563355
19116.0090834,749.8571894359309,-2827.6591457450277,-1240.7520704271276,3177.6418535343873
19116.0208624,660.9206390609717,-3106.675774372351,-2671.584219106619,4150.375006910621
19116.0379137,780.3746331920444,-2976.7586566677537,-4339.580502119335,5319.965752009154
19116.0497039,985.2774698402347,-2034.2056080860777,-5787.851190088034,6213.532453214282
19116.0670425,205.77476361265082,-401.9583306162374,-6154.060515161395,6170.605689651558
19116.0838347,-548.442060645582,712.3643299641343,-5619.56928594718,5691.02895723184
19116.0955577,-951.2723182262798,1466.581154222367,-4936.850472774699,5237.200769101713
19116.1122402,-1226.8012389957614,2074.3142484512555,-4164.323182262798,4811.383215631528
19116.1297272,-1286.0922725790674,2536.435539615259,-3264.4945549396807,4329.487646297396
19116.1415004,-1092.524486468862,2527.7162699706555,-2478.888359960874,3705.110902005219
19116.1583845,-880.6462341049886,2529.460123899576,-1838.8939680469514,3248.8824745996612
19116.1703104,-843.153374633192,2584.3915226605804,-1494.4828170850994,3102.171182594189
19116.1875899,-795.1973915878709,2512.893511574829,-1297.4273231170525,2937.7355821914452
19116.2046789,-759.4483860449951,2383.848320834692,-1025.3861102054125,2703.869697824752
19116.2164262,-656.5610042386697,2318.453798500163,-379.28822954026737,2439.2949655862685
19116.2332155,-676.6153244212586,2351.587023149658,388.8794261493316,2477.699948090928
19116.24511,-961.7354417998043,2454.474404955983,925.9864362569286,2794.0706048218785
19116.2623598,-1239.880143462667,2443.139354417998,1247.7274861428107,3010.4910820222094
19116.2793611,-1385.4919465275514,2307.118747962178,1432.5760026084122,3048.714295295768
19116.2907974,-1307.8904466905772,1953.1164003912618,1635.734985327682,2863.7161235441527
19116.3086811,-1034.9773068144766,1491.8670361917184,1890.3376589501142,2621.1107844082835
19116.3201778,-1037.5930877078579,1140.4804695141834,2130.11757417672,2629.5809546045416
19116.3370243,-1254.7029018584938,930.3460710792306,2353.3308770785784,2824.5334837661453
19116.3545742,-1371.5411150961852,837.0498858819693,2551.2582980110856,3015.0781822408394
19116.366163,-1304.4027388327356,820.4832735572221,2749.185718943593,3151.61568477264
19116.3841812,-1100.3718291490056,864.0796217802413,2906.1325725464626,3225.3772313290942
19116.3959886,-852.7445712422563,944.2969025105967,2971.527094880991,3232.467048476459
19116.4128303,-639.122464949462,919.8829475057059,2923.5711118356703,3130.8034445290427
19116.4294623,-425.50035865666774,645.2259537006847,2832.89070753179,2936.4326737328543
19116.4406322,-364.4654711444408,312.14985327681774,2686.4069775024454,2728.9292880782205
19116.4581315,-381.9040104336485,54.05947179654385,2524.228562112814,2553.5275470341708
19116.4697569,-474.32826866644933,-135.14867949135964,2346.3554613628953,2397.631419357833
19116.4864441,-572.8560156504728,-290.3516791653081,2161.506944897294,2254.901413609979
19116.5039739,-486.5352461688947,-551.9297685034236,2021.9986305836323,2151.7019954461525
19116.5152813,-156.94685360286925,-860.5919139223997,1938.2936419954353,2126.5542550718965
19116.5320464,211.0063253994131,-1115.194587544832,1726.4153896315618,2066.081492827557
19116.5494766,488.27910009781544,-1409.9059015324422,1267.7818063253994,1957.9381602129404
19116.5607162,494.38258884903814,-1658.4050864036517,521.4123247473101,1807.371679308098
19116.5781069,340.92344310401046,-1920.8551027062276,-439.4511900880339,1999.7576023409024
19116.5900199,288.6078252363873,-2181.5612650798826,-1466.581154222367,2644.4969865751077
19116.607318,280.7604825562439,-2345.483534398435,-2434.420084773394,3392.1262664953215
19116.6245206,251.9868927290512,-2508.533876752527,-3388.3081838930552,4223.3721069731655
19116.636109,420.26879686990543,-2642.8106292794264,-4473.857254646234,5213.105851486764
19116.6531455,650.457515487447,-2230.389175089664,-5759.949527225302,6210.857381070204
19116.6648595,596.3980436909031,-973.0704923377893,-6808.005738506684,6903.006514926434
19116.6818446,243.26762308444734,158.69070753179003,-6826.316204760352,6832.49257624711
19116.6991867,89.80847733941962,870.183110531464,-5741.639060971634,5807.90007790522
19116.7107183,-230.18871861754158,1647.0700358656668,-5101.644669057711,5365.874102003352
19116.7286139,-565.0086729703294,2428.3165960221713,-5082.462275839583,5661.040458818579
19116.7404809,-555.4174763612651,2781.4470166286274,-5082.462275839583,5820.3400987135
19116.7574006,-197.92742093250735,2637.579067492664,-4644.75493968047,5345.067544093207
19116.7749085,-231.93257254646235,2646.298337137268,-3538.2796217802415,4424.489833782965
19116.7864208,-485.6633192044343,3033.4339093576787,-1858.0763612650799,3590.269893246712
19116.8037734,-459.5055102706228,3083.1337463319205,-558.0332572546463,3166.7428263030765
19116.8153464,-378.416302575807,2701.229735898272,97.6558200195631,2729.3548034910896
19116.8330985,-381.9040104336485,2348.0993152918163,415.0372350831431,2414.8865344286182
19116.8446194,-558.0332572546463,2274.857450277144,563.2648190414086,2409.0755055940876
19116.8616684,-583.3191392239974,2130.11757417672,783.8623410498859,2343.5234728326805
19116.8791597,-372.3128138245843,1902.5446364525596,1038.4650146723181,2199.250443158023
19116.8907928,-79.34535376589501,1599.1140528203457,1256.4467557874145,2035.2198626242975
19116.9081516,143.86794913596347,1272.1414411477015,1433.4479295728725,1921.929967472981
19116.9195143,243.26762308444734,1021.0264753831106,1640.0946201499837,1947.1991585144376
19116.9369501,163.92226931855234,849.2568633844147,1795.297619823932,1992.7873128182932
19116.954716,62.7787414411477,728.9309422888816,1890.3376589501142,2026.982474973104
19116.9664428,-55.803325725464624,638.2505379850016,1896.4411477013368,2001.7409390565329
19116.9832936,-116.83821323769156,483.04753831105313,1861.5640691229214,1926.7607209486168
19116.994718,39.23671340071731,108.1189435930877,1843.2536028692534,1846.8386692217214
19117.0121417,229.3167916530812,-326.1006847081839,1833.662406260189,1876.4982461044603
19117.0240535,276.400847733942,-582.447212259537,1784.8344962504077,1897.702917398399
19117.0411993,249.37111183567004,-738.5221388979459,1688.0506031953048,1859.332068246172
19117.0585843,279.01662862732314,-885.8777958917509,1593.010564069123,1843.993602358861
19117.0702604,385.39171829149006,-1062.878969677209,1493.6108901206392,1873.2623873330508
19117.0867501,476.0721225953701,-1293.0676882947505,1331.4324747310075,1916.0848486412929
19117.1039078,478.6879034887512,-1552.029996739485,1003.5879360939028,1909.22182189468
19117.114802,422.8845777632866,-1872.027192696446,341.79537006847085,1949.3950988204554
19117.1318785,463.8651450929247,-2324.557287251386,-540.5947179654386,2431.250728254438
19117.1493011,517.9246168894686,-2652.4018258884903,-1347.1271600912944,3019.6411939520785
19117.1606776,388.0074991848712,-2669.840365177698,-1875.5149005542876,3285.750072229633
19117.178482,214.49403325725464,-2516.3812194326706,-2147.556113465928,3315.143947448029
19117.190123,310.40599934789697,-2413.493837626345,-2057.747636126508,3186.789877396334
19117.2079437,445.5546788392566,-2473.6567981741114,-1913.0077600260843,3158.6540831355
19117.2246367,541.466644929899,-2455.3463319204434,-1777.8590805347246,3079.3984229856637
19117.2368266,569.3683077926313,-2249.571568307793,-1689.7944571242256,2870.567508034811
19117.2541405,636.5066840560809,-1982.7619171829149,-1512.7932833387677,2573.913187579143
19117.2663488,478.6879034887512,-1931.3182262797523,-1443.911053146397,2458.457103450284
19117.2834008,229.3167916530812,-1778.731007499185,-1331.4324747310075,2233.6478287190803
19117.2946281,-61.906814476687316,-1616.5525921095534,-1055.0316269970656,1931.3638887322197
19117.3117381,-110.73472448646886,-1399.4427779589175,-670.5118356700359,1555.727607829233
19117.3290772,13.07890446690577,-1049.8000652103033,-302.5586566677535,1092.6083357645623
19117.3405292,224.95715683077927,-683.5907401369417,-17.438539289207696,719.8653520366853
19117.3570008,319.9971959569612,-395.8548418650147,188.3362243234431,542.7428439332056
19117.3740266,161.30648842517118,-223.2133029018585,344.411150961852,440.97959443412384
19117.385382,-163.92226931855234,-96.78389305510271,561.5209651124878,592.910976955483
19117.4026336,-608.6050211933485,-89.80847733941962,805.6605151613956,1013.6836292028725
19117.4144491,-975.6862732311705,-198.79934789696773,1148.3278121943267,1519.9150136619478
19117.4316692,-1228.5450929246822,-319.1252689925008,1450.8864688620802,1927.7540113266339
19117.4495392,-1402.930485816759,-360.97776328659927,1686.306749266384,2223.0945428035225
19117.4604838,-1418.625171177046,-321.741049885882,1885.9780241278122,2381.7908780940065
19117.4782322,-1335.7921095533095,-214.49403325725464,2016.76706879687,2428.5175848717595
19117.4897486,-1152.6874470166285,-100.27160091294425,2081.2896641669386,2381.283143733119
19117.5067609,-985.2774698402347,21.79817411150962,2066.4669057711117,2289.4393037633918
19117.523909,-924.2425823280079,87.19269644603848,2014.1512879034888,2217.7989827450906
19117.5357639,-973.9424193022497,63.65066840560809,1978.402282360613,2206.05775866238
19117.5534227,-959.1196609064232,-3.487707857841539,2028.102119334855,2243.4618103488824
19117.5646108,-840.5375937398109,-57.547179654385396,2149.2999673948484,2308.5288549679385
19117.5816048,-678.3591783501794,-61.03488751222693,2308.8626018910986,2407.2272320570187
19117.5988723,-538.8508640365178,-66.26644929898924,2491.96726442778,2550.4219931131533
19117.6107995,-371.4408868601239,-48.82791000978155,2671.584219106619,2697.7239919989743
19117.6275,-187.46429735898272,-61.906814476687316,2780.575089664167,2787.5747784990162
19117.6452455,-13.950831431366156,-152.58721878056733,2822.4275839582656,2826.5836183848
19117.657272,119.45399413107272,-360.1058363221389,2807.6048255624387,2833.1237753738583
19117.6743482,235.4202804043039,-670.5118356700359,2772.7277469840237,2862.3465878705783
19117.6863091,427.2442125855885,-1041.9527225301597,2708.205151613955,2933.0152124399656
19117.7032127,701.0292794261494,-1405.5462667101401,2555.617932833388,2999.6975476029506
19117.7145418,647.8417345940659,-1861.5640691229214,2136.2210629279425,2906.640694380426
19117.7321678,250.24303880013042,-2334.14848386045,1447.3987610042386,2757.8676357890286
19117.7443463,-226.70101075970004,-2455.3463319204434,256.3465275513531,2479.0789620627825
19117.7624638,-545.8262797522009,-2298.399478317574,-1721.1838278447995,2922.847970530301
19117.7742257,-12.206977502445387,-1882.4903162699707,-4117.239126181937,4527.204084566252
19117.7917056,865.823475709162,-1293.0676882947505,-6252.588262145419,6443.332547177718
19117.8089149,1283.4764916856864,-535.3631561786763,-7252.688490381481,7384.809811512779
19117.8203343,381.03208346918814,508.3334202804043,-6252.588262145419,6284.77909641425
19117.836864,-388.0074991848712,1295.6834691881318,-3894.8977502445387,4123.053959944141
19117.8540568,-782.9904140854255,1657.5331594391914,-2372.513270296707,2998.217700722232
19117.8653237,-1022.7703293120313,1813.6080860776003,-1928.702445386371,2838.1554853894922
19117.8825802,-1046.3123573524617,2150.1718943593087,-1798.7853276817737,2992.262919518335
19117.8991573,-1096.0121943267036,2488.4795565699383,-1708.976850342354,3211.6000854068716
19117.9106093,-1014.0510596674275,2430.9323769155526,-1584.291294424519,3073.712849037504
19117.9282458,-963.4792957287251,2273.113596348223,-1170.1259863058362,2732.129681956784
19117.9391926,-875.4146723182263,2228.6453211607436,-195.3116400391262,2402.3649707686955
19117.9561823,-859.7199869579393,2158.0192370394525,721.9555265731985,2432.5676281980086
19117.9729485,-1061.1351157482882,2080.417737202478,1158.7909357678514,2607.094575952039
19117.985344,-1361.949918487121,2058.6195630909683,1205.8749918487122,2747.1724703727755
19118.0027754,-1531.1037495924356,2068.2107597000327,1061.1351157482882,2783.4838193223136
19118.0144623,-1470.0688620802086,2011.5355070101077,952.1442451907402,2667.2000710239295
19118.0319276,-1213.7223345288555,1751.701271600913,999.2283012716009,2353.728201879852
19118.0492113,-924.2425823280079,1414.265536354744,1224.1854581023802,2086.3847665611565
19118.0607132,-788.2219758721878,1225.0573850668407,1471.8127160091294,2070.8191980375377
19118.0775141,-837.0498858819693,1117.8103684382133,1597.370198891425,2121.7313881708546
19118.0896425,-925.9864362569286,1055.9035539615259,1661.020867297033,2175.172066066631
19118.1068766,-959.1196609064232,959.1196609064232,1724.671535702641,2194.154268491031
19118.1245052,-882.3900880339094,837.9218128464297,1792.681838930551,2166.6641196862424
19118.135825,-821.3552005216825,715.8520378219758,1847.6132376915552,2144.93430705254
19118.1524045,-823.9709814150636,578.9595044016954,1885.106097163352,2137.228879533871
19118.1686939,-857.1042060645582,422.8845777632866,1920.8551027062276,2145.4937221432606
19118.1799637,-844.0253015976524,263.3219432670362,1964.451450929247,2154.248513658756
19118.1965815,-734.1625040756439,138.6363873492012,2031.5898271926965,2164.61817793363
19118.2131758,-548.442060645582,10.463123573524618,2110.9351809585914,2181.042298775695
19118.2241836,-308.6621454189762,-133.40482556243887,2196.384023475709,2221.9747852028686
19118.2408457,-56.67525268992501,-293.83938702314964,2286.192500815129,2305.6950840076274
19118.2574295,115.96628627323118,-380.16015650472775,2342.8677535050538,2376.3415652131157
19118.2740702,199.67127486142812,-378.416302575807,2369.897489403326,2408.2112918803696
19118.2851789,221.46944897293773,-355.74620149983696,2367.2817085099446,2404.085431958628
19118.3016079,393.23906097163353,-401.9583306162374,2282.7047929572873,2350.9463265706036
19118.3182181,653.9452233452886,-660.0487120965113,2117.0386697098143,2311.960507128762
19118.3293151,816.1236387349202,-1102.1156830779264,1897.3130746657973,2341.049695304658
19118.3459213,698.4134985327682,-1610.4491033583306,1661.020867297033,2416.6749990506833
19118.3626704,449.91431366155854,-2090.8808607760025,1325.3289859797849,2516.088747376601
19118.3793139,297.3270948809912,-2498.070753179002,728.9309422888816,2619.1794913416747
19118.3908378,347.89885881969354,-2859.0485164656016,-280.7604825562439,2893.7896405988836
19118.4074363,290.3516791653081,-3056.975937398109,-1802.2730355396152,3560.5609212676504
19118.42374,-151.71529181610694,-2936.6500163025758,-3892.2819693511574,4878.19534018031
19118.4355599,-675.7433974567982,-2251.3154222367134,-6141.85353765895,6576.276693362368
19118.4528577,-92.42425823280078,-1326.2009129442451,-7640.695989566351,7755.487496603895
19118.464544,583.3191392239974,-331.3322464949462,-7488.980697750245,7518.967626411763
19118.4813476,653.9452233452886,279.88855559178353,-6139.237756765569,6180.309231161764
19118.4986272,353.1304206064558,860.5919139223997,-5240.281056406912,5322.204908344234
19118.5104455,-301.6867297032931,1516.2809911966092,-4991.7818715357025,5225.706572334091
19118.5272918,-599.0138245842843,1995.8408216498208,-5004.860776002609,5421.330974454185
19118.5443777,-381.03208346918814,2254.803130094555,-4815.652624714705,5331.0254929083485
19118.5561905,-1.7438539289207695,2368.153635474405,-3707.433452885556,4399.229192689565
19118.5736064,309.5340723834366,2420.469253342028,-1799.6572546462342,3032.0371011155535
19118.5854093,531.0035213563743,2271.3697424193024,-531.0035213563743,2392.2896952843457
19118.6029466,371.4408868601239,2242.59615259211,-78.47342680143463,2274.5030039035623
19118.614304,31.38937072057385,2393.4395174437564,-117.71014020215195,2396.5378556079695
19118.6319908,-67.13837626344963,2439.6516465601567,-250.24303880013042,2453.37100671686
19118.6487144,240.65184219106618,2160.6350179328333,-105.50316269970655,2176.5541360616808
19118.660112,574.5998695793935,1778.731007499185,357.4900554287577,1903.115379290015
19118.6769698,776.0149983697424,1504.0740136941638,1068.1105314639713,2001.3240676584865
19118.693815,714.1081838930551,1375.9007499184872,1682.8190414085425,2287.9976612873666
19118.7059435,634.7628301271601,1278.244929898924,2035.9494620149985,2486.347554788451
19118.722997,582.447212259537,1177.9733289859798,2171.098141506358,2537.820533237837
19118.7348533,449.91431366155854,1100.3718291490056,2090.8808607760025,2405.2076471651417
19118.7527793,190.08007825236388,1104.7314639713074,1825.8150635800457,2142.466496828461
19118.7642458,-113.35050537985002,1021.8984023475709,1483.1477665471145,1804.6750342385965
19118.7809506,-123.81362895337463,612.0927290511901,1288.7080534724487,1432.0460086033147
19118.7983694,85.44884251711771,41.85249429409847,1296.555396152592,1300.0419344231007
19118.8100104,303.4305836322139,-381.9040104336485,1379.3884577763288,1463.0903286247399
19118.8267055,416.7810890120639,-550.1859145745028,1420.3690251059668,1579.19573968357
19118.8436778,416.7810890120639,-653.9452233452886,1385.4919465275514,1587.7464423474248
19118.8554799,400.2144766873166,-754.2168242582328,1238.1362895337463,1503.9933898806437
19118.8724579,310.40599934789697,-832.6902510596674,970.4547114444082,1315.8675030585823
19118.8892073,174.38539289207696,-968.7108575154874,630.4031953048582,1168.8537887063078
19118.901311,89.80847733941962,-1341.895598304532,293.83938702314964,1376.6230220061132
19118.9187804,194.4397130746658,-1837.1501141180306,12.206977502445387,1847.451313059209
19118.9300698,352.2584936419954,-2179.817411150962,-257.2184545158135,2223.027513469708
19118.9471202,428.1161395500489,-2288.80828170851,-626.9154874470166,2411.420703187569
19118.9640949,364.4654711444408,-2291.4240626018914,-1107.3472448646887,2570.9292551598755
19118.9749283,289.4797522008477,-2280.9609390283667,-1574.700097815455,2786.8013439008237
19118.9912545,427.2442125855885,-2447.4989892403,-1906.0323443104012,3131.413134205957
19119.0073736,573.7279426149332,-2614.0370394522333,-2138.836843821324,3425.9270920807585
19119.023486,518.7965438539289,-2504.174241930225,-2167.6104336485164,3352.398168464407
19119.0342076,362.72161721552004,-2228.6453211607436,-1923.4708835996087,2966.170456865649
19119.0504722,263.3219432670362,-1947.0129116400392,-1391.5954352787742,2407.6410819280504
19119.0671654,113.35050537985002,-1872.027192696446,-950.4003912618194,2102.5211178429154
19119.0834866,-84.57691555265733,-1778.731007499185,-687.9503749592436,1909.008373499192
19119.0941389,-229.3167916530812,-1526.7441147701338,-517.0526899250082,1628.1514877547447
19119.110425,-279.01662862732314,-1206.7469188131724,-299.07094880991195,1274.1788875733673
19119.1269188,-395.8548418650147,-796.0693185523313,111.60665145092925,896.0376445308747
19119.1435409,-367.95317900228235,-396.7267688294751,775.1430714052821,945.319232953279
19119.1545926,-314.7656341701989,-206.6466905771112,1393.339289207695,1443.320696876077
19119.1708977,-435.96348223019237,-161.30648842517118,1789.1941310727095,1848.5939466825491
19119.1874343,-690.5661558526248,-146.48373002934463,2074.3142484512555,2191.145522346765
19119.2041831,-1033.2334528855558,-102.88738180632541,2287.93635474405,2512.5305858548786
19119.2155525,-1264.294098467558,-95.91196609064232,2429.188522986632,2740.181664209372
19119.2323147,-1379.3884577763288,-128.17326377567656,2560.84949462015,2911.5444418881443
19119.249619,-1376.7726768829475,-142.12409520704273,2652.4018258884903,2991.8117768714087
19119.2609135,-1300.915030974894,-125.5574828822954,2703.845516791653,3003.1525399150923
19119.2784845,-1295.6834691881318,-91.5523312683404,2682.919269644604,2980.81084423658
19119.2897644,-1349.7429409846757,-45.340202151940005,2627.115943919139,2953.9126465525837
19119.3069406,-1424.7286599282686,33.13322464949462,2502.4303880013044,2879.7755835809553
19119.3239467,-1432.5760026084122,152.58721878056733,2319.3257254646232,2730.3532158654284
19119.3357879,-1273.0133681121617,285.12011737854584,2187.6647538311054,2547.1029802269745
19119.353744,-956.5038800130421,331.3322464949462,2158.8911640039128,2384.4269307449035
19119.3650799,-474.32826866644933,343.5392239973916,2235.6207368764267,2311.0617871516847
19119.382197,-43.59634822301924,408.9337463319205,2294.911770459733,2331.4689542565366
19119.3992001,91.5523312683404,442.93889794587545,2225.157613302902,2270.661379579536
19119.4106891,-104.63123573524616,336.56380828170853,2085.6492989892404,2115.220057325214
19119.4278587,-577.2156504727747,134.27675252689926,1846.741310727095,1939.5003537421453
19119.4395525,-1006.203716987284,-21.79817411150962,1571.2123899576134,1865.912499242646
19119.4567556,-1147.4558852298665,-184.84851646560156,1337.5359634822303,1771.9555401297541
19119.4743479,-955.6319530485817,-413.2933811542224,1153.559373981089,1553.9443612603955
19119.4857088,-489.15102706227583,-734.1625040756439,983.533615911314,1321.2122022197204
19119.5031787,-14.822758395826542,-1062.878969677209,725.4432344310401,1286.9340716331646
19119.514882,298.19902184545157,-1453.5022497554614,419.39686990544504,1541.9095891654142
19119.5321316,408.9337463319205,-1887.721878056733,39.23671340071731,1931.9058510863279
19119.5501787,236.29220736876428,-2174.5858493641995,-462.9932181284643,2235.8489089272493
19119.5619948,30.517443756113465,-2256.546984023476,-1164.894424519074,2539.668211746266
19119.579346,262.4500163025758,-2257.418910987936,-2226.9014672318226,3181.8092801898774
19119.5907063,1316.609716335181,-2035.9494620149985,-3442.367655689599,4210.516171915894
19119.6076645,2175.4577763286597,-1513.665210303228,-4485.19230518422,5209.678389301483
19119.6244737,1620.9122269318552,-824.842908379524,-5283.0054776654715,5587.295333877077
19119.6356621,46.21212911640039,415.9091620476035,-5475.701336811217,5491.668336845258
19119.6526763,-1141.3523964786436,1667.1243560482555,-4842.682360612977,5247.2432149909855
19119.6641667,-984.4055428757744,2158.8911640039128,-3839.094424519074,4513.148715833787
19119.6809237,-517.0526899250082,2350.715096185197,-3047.384740789045,3883.266499480248
19119.6983912,-501.3580045647212,2342.8677535050538,-2559.9775676556897,3506.2621559226395
19119.7091387,-710.6204760352135,2108.31940006521,-2052.5160743397455,3027.0141045384776
19119.726045,-963.4792957287251,2121.398304532116,-1136.1208346918813,2592.179328439804
19119.7433143,-1068.1105314639713,2187.6647538311054,-204.90283664819043,2443.0968779493032
19119.7549464,-1017.538767525269,2083.033518095859,397.59869579393546,2352.1263792204477
19119.7722041,-1034.9773068144766,1989.737332898598,738.5221388979459,2361.2809297484637
19119.7891758,-1022.7703293120313,1906.9042712748615,814.3797848059994,2312.0461674084318
19119.8008732,-1041.9527225301597,1810.992305184219,833.5621780241278,2249.4853878291347
19119.8175807,-1067.238604499511,1670.612063906097,877.158526247147,2167.7984194040555
19119.8294025,-1114.3226605803718,1490.995109227258,958.2477339419628,2093.566365613335
19119.8464458,-1133.5050537985003,1372.4130420606457,1155.3032279100098,2122.0454315174748
19119.8635295,-1075.0859471796543,1288.7080534724487,1445.6549070753179,2215.061252258923
19119.8748599,-982.6616889468536,1181.4610368438214,1692.4102380176068,2285.984818464631
19119.8922303,-997.4844473426801,1117.8103684382133,1838.8939680469514,2371.920375602429
19119.9095609,-1102.1156830779264,1051.543919139224,1902.5446364525596,2437.227869211126
19119.9207983,-1157.9190088033909,919.0110205412456,1964.451450929247,2458.541679508914
19119.9375306,-1083.8052168242582,789.0939028366482,2091.752787740463,2484.498472635765
19119.9543744,-966.9670035865666,691.4380828170852,2242.59615259211,2538.178345194814
19119.9660858,-767.2957287251386,647.8417345940659,2411.7499836974243,2612.466197344229
19119.9837292,-495.25451581349853,595.5261167264428,2582.6476687316595,2696.2932651961314
19119.9951569,-219.72559504401696,553.6736224323444,2740.466449298989,2804.458981163428
19120.0121626,20.926247147049235,439.4511900880339,2866.0239321812846,2899.594529606738
19120.0241298,-76.72957287251386,157.81878056732964,2882.590544506032,2887.927014681732
19120.0406712,-655.6890772742094,-141.25216824258234,2730.875252689925,2812.0384042264072
19120.057817,-1187.564525595044,-373.18474078904467,2504.174241930225,2796.509429119878
19120.0700989,-1288.7080534724487,-532.7473752852951,2269.6258884903814,2663.792388055772
19120.0870357,-820.4832735572221,-714.9801108575155,2068.2107597000327,2337.067630097167
19120.0992277,59.29103358330617,-939.9372676882948,1923.4708835996087,2141.667045529761
19120.116473,871.9269644603847,-1256.4467557874145,1791.8099119660906,2355.737218388704
19120.133896,1283.4764916856864,-1606.961395500489,1570.3404629931529,2587.5869069564073
19120.145799,1257.3186827518748,-2022.8705575480926,1271.269514183241,2699.811426800682
19120.163389,919.0110205412456,-2571.3126181936746,869.3111835670036,2865.6468327819002
19120.1747428,589.42262797522,-3145.040560808608,459.5055102706228,3232.6219199698567
19120.1915469,405.44603847407893,-3480.732442125856,-68.8822301923704,3504.9435923304136
19120.2084523,455.14587544832085,-3674.3002282360612,-864.9515487447017,3802.0758957218422
19120.2196672,624.2997065536355,-3954.188783827845,-2082.161591131399,4512.289435900109
19120.2363052,733.2905771111836,-4277.673687642648,-3723.128138245843,5718.206920200445
19120.2537462,572.8560156504728,-4039.6376263449624,-5800.930094554939,7092.081931898564
19120.2655928,306.9182914900554,-2883.4624714704923,-7611.922399739159,8145.545855354364
19120.2833043,83.70498858819694,-965.2231496576459,-8106.304988588197,8163.996743125237
19120.2945524,-238.03606129768505,529.2596674274536,-6580.432800782523,6605.972510361972
19120.3130203,-142.9960221715031,1159.6628627323116,-4983.93452885556,5119.06917373423
19120.3247533,-392.36713400717315,1852.8447994783176,-4634.291816106945,5006.360599840831
19120.3421068,-569.3683077926313,2735.234887512227,-4567.153439843495,5353.931331541052
19120.3593612,-324.35683077926313,3297.627779589175,-4068.4112161721555,5247.049280335263
19120.3709546,123.81362895337463,3441.4957287251386,-3390.9239647864365,4832.968859873912
19120.3887856,156.07492663840887,3431.9045321160743,-2518.125073361591,4259.493160620916
19120.4005454,295.5832409520704,3315.066318878383,-1463.965373328986,3635.9632513544298
19120.4175235,321.741049885882,3273.2138245842843,-661.792566025432,3354.909156009723
19120.4338789,68.8822301923704,3232.233257254646,-307.7902184545158,3247.585473781334
19120.4452354,-149.97143788718617,3026.4584936419956,-305.17443756113465,3045.500596496491
19120.4625553,-190.95200521682426,2653.273752852951,-302.5586566677535,2677.2870627930997
19120.4797777,-29.645516791653083,2220.7979784806,11.335050537985001,2221.0247637656053
19120.4913516,148.2275839582654,1927.8305184219107,596.3980436909031,2023.4111176237354
19120.5085218,180.48888164329964,1748.2135637430715,1229.4170198891425,2144.8293894026165
19120.5201514,84.57691555265733,1560.7492663840887,1756.9328333876754,2351.574899551047
19120.5373165,-26.15780893381154,1378.5165308118683,2052.5160743397455,2472.612847194814
19120.5490936,-171.7696119986958,1163.1505705901532,2123.142158461037,2426.964497990231
19120.5660841,-290.3516791653081,932.9618519726117,2049.9002934463647,2270.8617588707975
19120.583183,-254.60267362243235,665.2802738832736,1926.9585914574502,2054.4074029815933
19120.5946353,-49.69983697424193,355.74620149983696,1824.9431366155852,1859.957764455193
19120.6120014,137.7644603847408,116.83821323769156,1764.7801760678187,1774.0009257211893
19120.6295087,239.7799152266058,-125.5574828822954,1727.2873165960223,1748.3651115620282
19120.6417017,324.35683077926313,-310.40599934789697,1691.5383110531463,1750.1031672061122
19120.6591556,305.17443756113465,-501.3580045647212,1641.8384740789045,1743.5953834097002
19120.6705518,225.82908379523965,-686.2065210303228,1552.9019237039452,1712.7120450431094
19120.6873096,177.87310074991848,-830.0744701662862,1405.5462667101401,1642.017896935062
19120.7044385,145.61180306488424,-1049.8000652103033,1163.1505705901532,1573.5953177267536
19120.7160159,204.90283664819043,-1378.5165308118683,829.2025432018258,1621.687348362945
19120.7326511,306.04636452559504,-1873.7710466253668,425.50035865666774,1945.6959854067152
19120.7495675,515.3088359960874,-2603.5739158787087,72.36993805021193,2655.06642851606
19120.7613055,551.9297685034236,-3172.9422236713403,-220.59752200847734,3228.134459844099
19120.7781519,299.94287577437234,-3555.7181610694493,-467.35285295076625,3598.82148193657
19120.7899905,-193.56778611020542,-3771.9560482556244,-780.3746331920444,3856.696187920616
19120.8070622,-483.04753831105313,-3936.750244538637,-1102.1156830779264,4116.5515168681795
19120.8246785,-309.5340723834366,-4166.938963156179,-1257.3186827518748,4363.489651028438
19120.836441,129.91711770459733,-4223.614215846103,-1232.904727746984,4401.800718963868
19120.8533222,458.6335833061624,-3988.1939354418,-1114.3226605803718,4166.26338849501
19120.8649716,487.40717313335506,-3571.412846429736,-704.5169872839908,3672.7237382407225
19120.8829411,198.79934789696773,-3289.780436909032,-161.30648842517118,3299.7266988345714
19120.8944797,-277.2727746984024,-2819.8118030648843,306.04636452559504,2849.8917827756754
19120.9115782,-574.5998695793935,-2199.8717313335505,754.2168242582328,2395.5048867483665
19120.928846,-633.0189761982393,-1456.1180306488425,1088.1648516465602,1924.8624594413782
19120.9404935,-453.4020215194001,-681.8468862080209,1300.915030974894,1537.1624791042298
19120.9570274,-226.70101075970004,-37.49285947179654,1445.6549070753179,1463.8022998826677
19120.9746619,-258.9623084447343,353.1304206064558,1525.000260841213,1586.6279862395236
19120.9862572,-537.9789370720574,569.3683077926313,1583.4193674600588,1766.5838502316944
19121.0033763,-984.4055428757744,586.8068470818389,1726.4153896315618,2072.174376393882
19121.0151285,-1401.1866318878383,515.3088359960874,1963.5795239647864,2466.6803037221107
19121.0326806,-1654.0454515813499,482.17561134659275,2226.9014672318226,2815.572734069155
19121.0446037,-1687.1786762308445,485.6633192044343,2446.6270622758398,3011.382527512777
19121.061332,-1570.3404629931529,533.6193022497555,2573.928399087056,3061.9970824731236
19121.0782467,-1425.600586892729,613.8365829801108,2574.800326051516,3006.447921216761
19121.0902832,-1232.0328007825237,701.9012063906097,2513.7654385392893,2886.1023553802193
19121.1073543,-970.4547114444082,800.4289533746332,2439.6516465601567,2744.8805097724644
19121.1243582,-737.6502119334855,867.5673296380828,2341.9958265405935,2604.1784420723607
19121.1357855,-551.9297685034236,896.3409194652755,2290.5521356374306,2520.8495788803607
19121.1529232,-443.81082491033584,931.217998043691,2328.0449951092273,2546.355927092914
19121.1643983,-385.39171829149006,969.5827844799478,2406.518421910662,2622.9655864084334
19121.1815844,-357.4900554287577,1018.4106944897294,2538.17939354418,2758.135985805234
19121.1985452,-347.89885881969354,1090.7806325399413,2724.7717639387024,2955.5400809073635
19121.2096321,-400.2144766873166,1090.7806325399413,2851.201173785458,3078.8507838266396
19121.2261121,-548.442060645582,844.0253015976524,2846.8415389631564,3019.5486668686585
19121.2435846,-779.502706227584,313.8937072057385,2820.6837300293446,2943.1973147058534
19121.2548931,-746.3694815780893,-328.71646560156506,2818.0679491359633,2933.7056573105806
19121.2724161,-733.2905771111836,-940.8091946527552,2852.0731007499185,3091.4653456321444
19121.2841842,-786.4781219432671,-1526.7441147701338,2833.7626344962505,3313.5639569725795
19121.3012452,-673.1276165634171,-2070.826540593414,2618.3966742745356,3405.499154787501
19121.3188561,-332.2041734594066,-2614.0370394522333,2146.684186501467,3398.794235176279
19121.3301015,76.72957287251386,-3132.8335833061624,1273.8852950766222,3382.7972793320887
19121.3478909,156.07492663840887,-3495.5552005216823,-124.68555591783502,3501.2586351873383
19121.3648036,-25.28588196935116,-3294.1400717313336,-2308.8626018910986,4022.7906610243117
19121.3768835,-9.591196609064232,-2680.3034887512226,-4993.525725464623,5667.399575973213
19121.3947338,722.8274535376589,-2017.6389957613303,-7247.456928594718,7557.709876453324
19121.4058762,1320.0974241930226,-1357.590283664819,-8130.718943593088,8348.31115420153
19121.4227969,960.863514835344,-603.3734594065862,-7504.675383110532,7589.958552688097
19121.4344074,262.4500163025758,-307.7902184545158,-6453.131463971307,6465.796201623584
19121.4523734,-840.5375937398109,-84.57691555265733,-6356.347570916205,6412.23916767198
19121.4691257,-1594.7544179980437,465.6089990218455,-6053.788914248451,6277.610501773094
19121.4807246,-1396.8269970655365,1382.8761656341703,-4390.152266058038,4810.084102007439
19121.4977893,-1029.7457450277143,1892.9534398434953,-1679.331333550701,2731.9961113923973
19121.509498,-1259.934463645256,2020.2547766547116,34.00515161395501,2381.180498327148
19121.5260857,-2160.6350179328333,2102.215911313988,531.8754483208347,3061.134905721374
19121.5427125,-2449.2428431692206,1943.5252037821977,637.3786110205413,3190.9766868999145
19121.5541932,-2330.6607760026086,1923.4708835996087,597.2699706553635,3080.3329869835825
19121.5716436,-1954.8602543201825,1970.5549396804695,719.3397456798174,2867.405631216932
19121.5890363,-1521.5125529833715,1939.1655689598956,842.2814476687316,2604.7651698017744
19121.6006644,-1270.3975872187807,1865.9237039452235,925.9864362569286,2439.8836403992236
19121.6179367,-1195.4118682751875,1783.9625692859472,975.6862732311705,2358.7063588327865
19121.6300472,-1234.6485816759048,1676.71555265732,954.7600260841214,2290.6983372250083
19121.6475412,-1365.4376263449626,1597.370198891425,912.0356048255625,2290.812172181413
19121.6647851,-1449.1426149331594,1456.1180306488425,921.6268014346267,2251.5972105859873
19121.6770193,-1462.2215194000653,1283.4764916856864,959.1196609064232,2169.1736215535366
19121.6941553,-1438.6794913596348,1134.3769807629606,1041.9527225301597,2107.6705836851543
19121.7053383,-1376.7726768829475,992.2528855559178,1142.2243234431041,2045.664976913507
19121.7231862,-1345.3833061623736,921.6268014346267,1225.0573850668407,2039.6611969466462
19121.7347757,-1318.3535702641018,859.7199869579393,1320.0974241930226,2054.2229191507226
19121.7517837,-1240.7520704271276,738.5221388979459,1448.2706879686991,2045.0840167437937
19121.7689189,-1057.6474078904466,556.2894033257255,1590.3947831757418,1989.3294111389616
19121.7801502,-817.867492663841,402.8302575806978,1702.001434626671,1930.7999211337294
19121.7971429,-617.3242908379524,333.076100423867,1760.420541245517,1895.0222823944075
19121.8140542,-444.6827518747962,324.35683077926313,1786.5783501793283,1869.4417093928337
19121.8256587,-266.80965112487775,282.5043364851647,1780.4748614281057,1822.3849270238532
19121.8429623,-96.78389305510271,178.74502771437886,1754.317052494294,1766.0535743741705
19121.8548436,47.084056080860776,-12.206977502445387,1723.7996087381807,1724.4857232585823
19121.8723597,171.7696119986958,-256.3465275513531,1654.9173785458104,1683.4398924840639
19121.8894856,279.88855559178353,-536.2350831431366,1548.5422888816433,1662.4887633904718
19121.901497,310.40599934789697,-823.9709814150636,1371.5411150961852,1629.8481809802277
19121.9190837,244.13955004890772,-1121.298076296055,1063.7508966416694,1564.7617920658954
19121.9309536,235.4202804043039,-1375.0288229540267,643.482099771764,1536.2930010602324
19121.9479895,324.35683077926313,-1566.8527551353113,200.5432018258885,1612.5918534293985
19121.959693,515.3088359960874,-1884.2341701988914,-286.8639713074666,1974.3790270956179
19121.9768381,782.9904140854255,-2295.783697424193,-824.842908379524,2562.0426611226358
19121.9941186,989.6371046625367,-2488.4795565699383,-1488.3793283338769,3063.8513553047846
19122.0059763,1209.3626997065537,-2553.874078904467,-2359.434365829801,3681.2717200717934
19122.0232794,1397.6989240299968,-2711.6928594717965,-3489.45171177046,4634.987992985822
19122.0345241,1511.9213563743072,-2810.22060645582,-4732.819563090969,5708.136916857044
19122.0512886,1552.9019237039452,-2397.799152266058,-5543.711640039126,6236.480089534202
19122.0685854,1034.9773068144766,-1158.7909357678514,-5430.361134659276,5648.256059285614
19122.0802867,177.0011737854581,260.70616237365505,-4771.184349527225,4781.578945891677
19122.0971133,-198.79934789696773,1151.8155200521683,-4301.215715683078,4457.202800613452
19122.1090894,-293.83938702314964,1759.5486142810564,-4315.166547114444,4669.369897611467
19122.1260465,-433.3477013368112,2250.443495272253,-4364.866384088686,4929.943681890751
19122.1428989,-429.85999347896967,2341.9958265405935,-3806.83312683404,4490.178450917996
19122.1544323,-394.9829149005543,2303.6310401043365,-2759.648842517118,3616.4055643693496
19122.1721486,-731.5467231822628,2352.458950114118,-1742.9820019563092,3017.815431618433
19122.188692,-1076.829801108575,2410.0061297685033,-966.9670035865666,2811.177182623407
19122.2008473,-1017.538767525269,2242.59615259211,-295.5832409520704,2480.3209670059855
19122.2179949,-673.1276165634171,2060.3634170198893,265.93772416041736,2183.7859491044087
19122.2299113,-496.1264427779589,2024.6144114770134,602.5015324421258,2169.841712885766
19122.2471033,-302.5586566677535,1946.1409846755787,808.2762960547767,2128.923916846879
19122.2749959,-92.42425823280078,1847.6132376915552,880.6462341049886,2048.8422851079226
19122.2807337,-138.6363873492012,1730.7750244538638,827.4586892729052,1923.4058634681721
19122.2922142,-14.822758395826542,1312.250081512879,848.3849364199543,1562.6826264284468
19122.3041777,121.19784805999348,905.0601891098794,981.7897619823932,1340.7960325938573
19122.3217085,37.49285947179654,724.5713074665797,1164.894424519074,1372.3659549809684
19122.3381517,-67.13837626344963,612.0927290511901,1363.6937724160418,1496.270622397874
19122.3491556,-128.17326377567656,460.37743723508316,1493.6108901206392,1568.1993691329621
19122.3660488,-188.3362243234431,336.56380828170853,1544.1826540593413,1591.6173533658298
19122.3838241,-302.5586566677535,326.9726116726443,1512.7932833387677,1577.0213529383534
19122.3954533,-424.62843169220736,340.92344310401046,1395.0831431366157,1497.596432729197
19122.4119419,-364.4654711444408,168.28190414085427,1273.0133681121617,1334.809692169667
19122.4286524,-73.24186501467231,-187.46429735898272,1240.7520704271276,1256.9697426128953
19122.4407315,272.04121291164006,-503.101858493642,1273.0133681121617,1395.5933995739815
19122.4582564,539.7227910009782,-685.3345940658625,1326.2009129442451,1587.3856048369141
19122.4696642,690.5661558526248,-834.4341049885882,1386.3638734920119,1759.3085803522226
19122.4871255,826.5867623084448,-1089.0367786110205,1341.895598304532,1915.706286866571
19122.5051038,1074.214020215194,-1559.005412455168,1109.0910987936095,2194.2006979113403
19122.51627,1247.7274861428107,-2256.546984023476,681.8468862080209,2667.160165234416
19122.5337328,860.5919139223997,-3035.177763286599,190.95200521682426,3160.598861822612
19122.5457401,-60.162960547766545,-3348.1995435278773,-450.7862406260189,3378.9448056811902
19122.5627861,-927.7302901858494,-3359.5345940658626,-1169.254059341376,3676.1816107667864
19122.5742257,-984.4055428757744,-3308.0909031626998,-1740.366221062928,3865.4099756493115
19122.5910501,-437.70733615911314,-3111.035409194653,-1997.5846755787416,3722.9656949127902
19122.6086725,135.14867949135964,-2609.6774046299315,-1892.081512879035,3226.2445309032128
19122.6207995,731.5467231822628,-2006.3039452233454,-1553.7738506684057,2640.9523486497046
19122.6377498,1075.9578741441148,-1741.2381480273884,-1320.0974241930226,2435.6216546170767
19122.6495769,1064.6228236061297,-1611.321030322791,-1095.1402673622433,2220.159774543678
19122.6662526,648.7136615585263,-1358.4622106292795,-877.158526247147,1742.3134254687145
19122.6834065,89.80847733941962,-1044.568503423541,-690.5661558526248,1255.4164793229347
19122.6951619,-289.4797522008477,-759.4483860449951,-420.26879686990543,914.978819221019
19122.7123431,-385.39171829149006,-536.2350831431366,8.719269644603848,660.4171913149515
19122.7244785,-402.8302575806978,-412.421454189762,433.3477013368112,721.2169594181958
19122.7417649,-475.2001956309097,-316.50948809911966,807.4043690903163,988.8858868497181
19122.7590012,-688.822301923704,-325.2287577437235,1056.7754809259864,1302.6988622000656
19122.7707921,-1032.3615259210956,-373.18474078904467,1167.5102054124552,1602.5346332301692
19122.7875992,-1380.260384740789,-422.0126507988262,1177.1014020215193,1862.46640714942
19122.7993448,-1572.0843169220736,-489.15102706227583,1141.3523964786436,2003.347977695329
19122.8162693,-1611.321030322791,-540.5947179654386,1148.3278121943267,2051.159398026307
19122.8331264,-1593.8824910335834,-537.9789370720574,1213.7223345288555,2074.3684912017866
19122.8446537,-1505.8178676230846,-470.8405608086078,1495.35474404956,2173.767258633505
19122.8615208,-1303.5308118682751,-362.72161721552004,1910.391979132703,2341.016245783009
19122.8789636,-1086.4209977176395,-183.97658950114118,2240.852298663189,2497.1137327303213
19122.8905082,-939.9372676882948,-95.04003912618194,2443.139354417998,2619.4359280830745
19122.90737,-803.0447342680144,-40.980567329638085,2491.96726442778,2618.484504272255
19122.924554,-763.808020867297,-14.822758395826542,2480.6322138897945,2595.6037038607146
19122.9365098,-725.4432344310401,-33.13322464949462,2425.7008151287905,2532.072301786409
19122.9544782,-658.3048581675905,-23.542028040430388,2341.123899576133,2432.0322009664815
19122.9657151,-565.8805999347898,-90.68040430388001,2251.3154222367134,2323.115347869783
19122.9827246,-397.59869579393546,-234.5483534398435,2156.2753831105315,2205.1351842476347
19122.9941551,-199.67127486142812,-332.2041734594066,2019.382849690251,2056.2430120225954
19123.0108306,-36.62093250733616,-462.9932181284643,1888.5938050211935,1944.8625589216037
19123.028521,97.6558200195631,-610.3488751222693,1767.3959569612,1872.365049136922
19123.0403896,189.2081512879035,-680.9749592435605,1646.1981089012065,1791.506302913965
19123.0578035,226.70101075970004,-724.5713074665797,1474.4284969025107,1658.4137964818958
19123.0698173,221.46944897293773,-789.0939028366482,1195.4118682751875,1449.3886432339411
19123.0874887,188.3362243234431,-980.9178350179328,719.3397456798174,1230.9021090904764
19123.0992242,197.05549396804696,-1381.1323117052495,115.09435930877079,1399.8585791729013
19123.1162139,356.61812846429734,-1907.776198239322,-448.17045973263777,1991.89439305773
19123.1331366,582.447212259537,-2336.764264753831,-942.553048581676,2586.1396392093816
19123.1446284,701.9012063906097,-2546.0267362243235,-1440.4233452885555,3008.278055425387
19123.1615514,774.2711444408217,-2561.72142158461,-1946.1409846755787,3308.984312315972
19123.1795827,686.2065210303228,-2294.911770459733,-2603.5739158787087,3537.8095707857365
19123.1909238,572.8560156504728,-1605.2175415715683,-3333.376785132051,3743.8333512715667
19123.2075823,326.1006847081839,-574.5998695793935,-3778.9314639713075,3836.2520350050163
19123.2192685,-115.09435930877079,162.17841538963157,-3848.6856211281383,3853.820125569105
19123.2366651,-543.2104988588197,786.4781219432671,-3547.8708183893054,3674.372439797612
19123.2543157,-660.9206390609717,1448.2706879686991,-3050.8724486468864,3441.2391336085234
19123.2661604,-521.4123247473101,2002.8162373655039,-2405.6464949462015,3173.370251278639
19123.2830235,-372.3128138245843,2380.3606129768505,-1832.7904792957288,3027.1858912439743
19123.2950039,-415.0372350831431,2553.0021519400066,-1449.1426149331594,2964.8086300351797
19123.3125561,-512.6930551027062,2541.6671014020217,-1076.829801108575,2807.576934592432
19123.3293871,-787.3500489077275,2525.9724160417345,-678.3591783501794,2731.4150034314907
19123.3408713,-1130.0173459406587,2494.5830453211606,-319.1252689925008,2757.122541607482
19123.3583715,-1304.4027388327356,2439.6516465601567,59.29103358330617,2767.1071696451154
19123.3697035,-1134.3769807629606,2357.69051190088,576.3437235083143,2679.120708743776
19123.3869124,-845.7691555265732,2260.9066188457778,1075.9578741441148,2642.8601080105436
19123.4040688,-723.6993805021193,2239.9803716987285,1414.265536354744,2746.160932329986
19123.4156518,-816.9955656993806,2144.0684056080863,1572.0843169220736,2781.3594125555933
19123.4332781,-961.7354417998043,1953.9883273557223,1652.301597652429,2733.698230065098
19123.4442398,-1147.4558852298665,1756.9328333876754,1694.1540919465276,2696.9660874477945
19123.4622191,-1331.4324747310075,1562.4931203130095,1763.036322138898,2705.9922873088294
19123.4796983,-1437.8075643951745,1397.6989240299968,1879.8745353765896,2748.596213201194
19123.4919702,-1313.1220084773395,1213.7223345288555,2065.5949788066514,2732.0494012650993
19123.5093826,-1009.6914248451255,1081.1894359308772,2226.0295402673623,2672.761658643964
19123.5212552,-741.137919791327,945.1688294750571,2313.222236713401,2606.458641296503
19123.538939,-626.9154874470166,755.9606781871536,2315.8380176067817,2515.473175996719
19123.5502792,-673.1276165634171,559.7771111835671,2296.6556243886535,2457.860504467534
19123.5680494,-752.472970329312,396.7267688294751,2275.729377241604,2429.5168035275146
19123.5799947,-731.5467231822628,241.52376915552657,2242.59615259211,2371.230027409136
19123.5973162,-558.0332572546463,83.70498858819694,2174.5858493641995,2246.6043838584037
19123.6141311,-279.88855559178353,-54.05947179654385,2089.137006847082,2108.4955450320876
19123.6255624,71.49801108575156,-177.87310074991848,2001.9443104010434,2011.1021424847418
19123.6425783,419.39686990544504,-289.4797522008477,1909.5200521682427,1976.3499414459368
19123.660039,669.6399087055755,-402.8302575806978,1783.9625692859472,1947.617075394201
19123.6712984,858.848059993479,-546.6982067166613,1579.0597326377567,1878.810410504423
19123.6881994,871.0550374959244,-704.5169872839908,1261.6783175741768,1687.2798347504609
19123.6999702,743.7537006847082,-851.8726442777959,815.2517117704598,1394.0917914168017
19123.717124,622.5558526247147,-1059.3912618193674,283.37626344962507,1261.0264636173138
19123.7341788,528.3877404629932,-1375.0288229540267,-274.6569938050212,1498.4439704146214
19123.746117,394.9829149005543,-1882.4903162699707,-716.7239647864362,2052.6749707668628
19123.764568,221.46944897293773,-2432.6762308444736,-1130.889272905119,2691.8159128209195
19123.776871,47.084056080860776,-2723.0279100097814,-1753.4451255298338,3239.084394589557
19123.7946146,80.2172807303554,-2839.8661232474733,-2700.3578089338116,3919.5926709756745
19123.8059033,187.46429735898272,-2864.280078252364,-3917.567851320509,4856.601805703001
19123.8236091,456.01780241278124,-2771.855820019563,-5182.733876752527,5895.07144658417
19123.8354094,873.6708183893055,-2214.6944897293774,-6089.537919791327,6538.397698084692
19123.853298,959.9915878708836,-1136.1208346918813,-5965.724290837952,6148.351056510829
19123.865074,561.5209651124878,-9.591196609064232,-5371.94202804043,5401.218282752548
19123.8821766,-16.56661232474731,891.1093576785132,-4869.712096511249,4950.600594159673
19123.8994423,-268.5535050537985,1760.420541245517,-4521.8132376915555,4859.835020211944
19123.9112105,-230.18871861754158,2397.799152266058,-4143.396935115748,4792.720081823389
19123.9282419,-124.68555591783502,2656.7614607107926,-3623.728464297359,4495.034586066227
19123.9397517,-65.39452233452886,2693.3823932181285,-2716.924421258559,3826.2597233434026
19123.9575789,-144.73987610042386,2775.3435278774045,-1412.5216824258232,3117.4827718509755
19123.9742478,-196.18356700358657,2840.7380502119336,-77.60149983697424,2848.5615062099496
19123.9856406,-386.26364525595045,2774.4716009129443,740.2659928268666,2897.392967489014
19124.0034387,-641.7382458428432,2639.322921421585,1122.1700032605152,2938.8975783338424
19124.0144194,-769.0395826540594,2386.4641017280733,1302.6588849038149,2825.5181752988883
19124.0323851,-581.5752852950766,2001.9443104010434,1576.4439517443757,2613.6538346545785
19124.0491384,-335.69188131724815,1681.0751874796217,1862.435996087382,2531.2784644649346
19124.0606262,-313.8937072057385,1564.2369742419303,2015.8951418324095,2570.8363996708194
19124.0780481,-355.74620149983696,1441.295272253016,2019.382849690251,2506.3508364400177
19124.0895647,-360.1058363221389,1248.599413107271,1926.08666449299,2323.4643416465037
19124.1066165,-280.7604825562439,1049.8000652103033,1797.0414737528529,2100.0630190231427
19124.1242677,-155.20299967394848,862.3357678513205,1651.4296706879688,1869.4734298331418
19124.1358148,-53.18754483208347,646.0978806651451,1491.8670361917184,1626.6341444838538
19124.1525265,80.2172807303554,345.2830779263124,1360.2060645582003,1405.6371345731256
19124.1643749,194.4397130746658,54.05947179654385,1247.7274861428107,1263.9434750762146
19124.1820909,276.400847733942,-224.08522986631888,1117.8103684382133,1173.077848508042
19124.1991801,314.7656341701989,-465.6089990218455,962.6073687642647,1114.6668070880883
19124.2106892,327.8445386371047,-686.2065210303228,798.6850994457125,1102.8414750522045
19124.227634,408.0618193674601,-922.4987283990871,654.817150309749,1202.6237369448495
19124.2394533,526.6438865340724,-1068.1105314639713,499.61415063580046,1291.444226501281
19124.2566447,611.2208020867297,-1246.8555591783502,285.12011737854584,1417.5800279671894
19124.2732878,676.6153244212586,-1555.5177045973264,81.96113465927617,1698.2818535661436
19124.2848095,701.0292794261494,-1846.741310727095,-148.2275839582654,1980.875295419901
