timestamp,gx,gy,gz,magnitude
19041.5981542,-661.792566025432,2027.2301923703947,1174.4856211281383,2434.5529625665126
19041.63786,23.542028040430388,7.847342680143463,-10.463123573524618,26.931112608112915
19041.6822592,-162.17841538963157,2218.182197587219,1883.3622432344312,2914.393151129783
19041.6993025,-61.03488751222693,2026.3582654059342,1761.2924682099772,2685.517498704071
19041.7106709,-44.46827518747962,1803.1449625040757,1572.0843169220736,2392.6467108234588
19041.7278089,-134.27675252689926,1605.2175415715683,1322.7132050864036,2084.304158453892
19041.7393104,-233.67642647538312,1352.3587218780567,1061.1351157482882,1734.7871681575493
19041.7560825,-163.05034235409195,1019.2826214541898,953.0161721552006,1404.9065096758798
19041.7731158,61.03488751222693,612.9646560156505,1001.8440821649821,1176.0707852791047
19041.7848111,419.39686990544504,251.9868927290512,1087.2929246820997,1192.3074404940537
19041.8017521,727.1870883599609,-109.86279752200848,966.9670035865666,1214.8646351680432
19041.8185057,860.5919139223997,-530.131594391914,587.6787740462993,1169.198140242146
19041.829636,801.3008803390936,-1005.3317900228236,51.443690903162704,1286.6318673950375
19041.8464983,691.4380828170852,-1311.3781545484187,-579.8314313661558,1591.855450534598
19041.8632629,585.0629931529181,-1552.9019237039452,-1108.219171829149,1995.4831052680324
19041.8746943,800.4289533746332,-1911.2639060971635,-1336.6640365177698,2465.823792299477
19041.891324,1392.4673622432344,-2505.0461688946853,-1343.6394522334529,3165.373380946517
19041.9084237,1827.5589175089665,-3224.3859145745027,-1501.4582328007825,3998.8764606972104
19041.9196147,1585.1632213889795,-3980.346592761656,-2071.698467557874,4758.9742568578
19041.9361295,939.9372676882948,-4456.4187153570265,-3092.724942940985,5505.2790489186855
19041.9529776,451.6581675904793,-4630.804108249104,-3875.7153570264104,6055.535592994092
19041.9642191,162.17841538963157,-4581.104271274861,-3948.957222041083,6050.37860998975
19041.9809476,-175.25731985653735,-4706.661754157157,-3846.9417671992173,6081.310792619537
19041.9977786,-750.7291164003913,-4981.318747962178,-4094.569025105967,6491.735220753233
19042.0090649,-964.3512226931855,-4827.8596022171505,-4196.584479947832,6469.120722074152
19042.0258408,-1334.0482556243887,-4159.963547440496,-3609.777632865993,5667.05179287324
19042.0425523,-1148.3278121943267,-3447.5992174763614,-2234.748809911966,4265.993362864689
19042.0592478,-896.3409194652755,-3247.9279426149333,-920.7548744701663,3492.8859848536854
19042.0704289,-763.808020867297,-3291.5242908379523,-136.89253342028042,3381.756114154852
19042.087304,-954.7600260841214,-3294.1400717313336,170.02575806977504,3433.924034978274
19042.0986642,-1314.8658624062602,-3438.008020867297,284.24819041408546,3691.8245382768273
19042.1157633,-1826.686990544506,-3429.2887512226935,722.8274535376589,3952.1242678178505
19042.1330949,-2309.7345288555593,-2954.9604825562437,1657.5331594391914,4100.4976797819445
19042.1440065,-2491.96726442778,-2564.3372024779915,2895.669448972938,4601.155038977448
19042.1611452,-2478.888359960874,-2304.502967068797,3916.695924356048,5176.49769537722
19042.1783765,-2446.6270622758398,-1872.8991196609065,4598.542810564069,5535.370906712358
19042.189521,-2252.1873492011737,-1453.5022497554614,4985.67838278448,5660.565835895778
19042.206926,-1947.8848386044995,-941.6811216172156,5129.546331920444,5567.159441815369
19042.2242068,-1447.3987610042386,-428.9880665145093,5194.940854254973,5409.843289206799
19042.2353286,-1000.9721552005217,-48.82791000978155,5371.94202804043,5464.621722764517
19042.2528616,-764.6799478317574,238.03606129768505,5592.539550048908,5649.592481582661
19042.2642294,-1003.5879360939028,531.8754483208347,5652.702510596674,5765.685207441146
19042.281905,-1674.0997717639386,684.4626671014021,5469.597848059993,5760.867973489598
19042.293869,-2122.2702314965763,732.4186501467232,5133.9059667427455,5603.343509899785
19042.3111316,-2088.2650798826216,683.5907401369417,4754.617737202478,5237.798886056867
19042.3285687,-1594.7544179980437,588.5507010107597,4415.438148027389,4731.355790937739
19042.3402331,-879.7743071405282,587.6787740462993,4108.519856537333,4242.558730828686
19042.3575913,-290.3516791653081,660.0487120965113,3874.8434300619497,3941.3677838319827
19042.3696029,-1.7438539289207695,652.2013694163678,3608.9057059015327,3667.3655478263618
19042.3869527,-149.97143788718617,591.1664819041408,3172.0702967068796,3230.170151672964
19042.4043112,-525.771959569612,529.2596674274536,2513.7654385392893,2622.130551484749
19042.4160849,-851.8726442777959,404.57411150961855,1782.2187153570264,2016.3508531854002
19042.4331588,-791.7096837300294,258.9623084447343,1087.2929246820997,1369.6976325345252
19042.4614557,68.8822301923704,-281.6324095207043,113.35050537985002,311.30357016677436
19042.4788716,309.5340723834366,-539.7227910009782,-279.01662862732314,681.8814502116314
19042.4900006,205.77476361265082,-716.7239647864362,-618.1962178024128,968.6088264847886
19042.5072501,31.38937072057385,-810.0201499836975,-953.888099119661,1251.806870733647
19042.5247573,-34.00515161395501,-957.3758069775024,-1356.7183567003588,1660.846014996524
19042.536823,53.18754483208347,-1127.4015650472775,-1925.2147375285294,2231.6619343873213
19042.5531935,211.0063253994131,-1396.8269970655365,-2571.3126181936746,2933.8196791165774
19042.5643349,483.04753831105313,-1692.4102380176068,-3114.5231170524944,3577.407103569507
19042.5813452,714.1081838930551,-1987.121552005217,-3573.1567003586565,4150.427853374231
19042.5980757,819.6113465927617,-2250.443495272253,-3983.8343006194978,4648.353947331167
19042.6098433,640.8663188783828,-2280.089012063906,-4391.896119986958,4989.816336335816
19042.6263911,298.19902184545157,-1930.4462993152918,-4840.066579719596,5219.36682628154
19042.6434978,243.26762308444734,-1318.3535702641018,-5255.103814802739,5423.407727344826
19042.6551019,560.6490381480274,-559.7771111835671,-5448.671600912944,5505.969485274737
19042.6724638,986.1493968046951,144.73987610042386,-5362.350831431366,5454.195330560182
19042.6844788,1266.9098793609392,864.9515487447017,-5238.537202477992,5458.523046195202
19042.7019064,873.6708183893055,1711.5926312357353,-5328.345679817411,5664.284395917491
19042.7192635,-202.28705575480927,2615.7808933811543,-5270.798500163026,5887.660534068235
19042.7304706,-1011.4352787740463,3240.95252689925,-4334.348940332573,5505.756563936102
19042.7484341,-788.2219758721878,3525.2007173133356,-2916.595696119987,4642.721662475573
19042.7604151,-269.4254320182589,3835.6067166612324,-1973.1707205738508,4321.7903281909585
19042.7771589,201.4151287903489,4124.21454189762,-1090.7806325399413,4270.774640510742
19042.7943352,166.5380502119335,4160.835474404956,-418.52494294098466,4185.146340941838
19042.8062557,-336.56380828170853,4165.195109227258,171.7696119986958,4182.2996418934335
19042.8232176,-799.5570264101729,4222.742288881644,980.9178350179328,4408.292603247603
19042.8343747,-973.0704923377893,4185.249429409847,1892.081512879035,4695.013463326019
19042.8518966,-972.198565373329,4091.0813172481253,2635.8352135637433,4962.8362523775895
19042.8686453,-1028.0018910987935,3926.2871209651125,3255.7752852950766,5203.132820974057
19042.880387,-1152.6874470166285,3727.4877730681446,3794.6261493315947,5442.613440441398
19042.8981779,-1245.1117052494294,3516.4814476687316,4260.23514835344,5662.645004731762
19042.9099575,-1198.0276491685686,3286.2927290511902,4599.414737528529,5778.37399940344
19042.9268596,-1008.8194978806652,3017.7392239973915,4837.450798826215,5790.112005343331
19042.9437052,-789.0939028366482,2805.860971633518,5094.669253342028,5869.512737917756
19042.9549608,-581.5752852950766,2640.194848386045,5233.305640691229,5890.360479529322
19042.9726688,-435.96348223019237,2478.0164329964136,5124.314770133681,5708.697878102216
19042.9840657,-445.5546788392566,2290.5521356374306,4754.617737202478,5296.370255640098
19043.0014421,-436.83540919465275,1975.7865014672318,4242.796609064232,4700.625547732273
19043.0184474,-354.0023475709162,1606.0894685360288,3717.02464949462,4064.6172375733813
19043.0304227,-267.68157808933813,1368.0534072383437,3264.4945549396807,3549.6687523677
19043.0481184,-172.6415389631562,1122.1700032605152,2816.324095207043,3036.569120971403
19043.0600611,-41.85249429409847,825.7148353439844,2409.134202804043,2547.054029208264
19043.0771584,73.24186501467231,481.30368438213236,2036.8213889794588,2094.1964993750835
19043.0889024,154.3310727094881,232.80449951092274,1715.0803390935769,1737.6756269630794
19043.1055789,245.0114770133681,56.67525268992501,1395.955070101076,1418.4263343144187
19043.1235414,314.7656341701989,-153.4591457450277,1041.9527225301597,1099.2236305026258
19043.1353482,349.6427127486143,-408.9337463319205,649.5855885229867,843.4680031180936
19043.1527901,374.92859471796544,-628.6593413759374,231.06064558200197,767.5760812930451
19043.1642702,411.54952722530163,-812.6359308770786,-238.03606129768505,941.4942039067159
19043.1811324,448.17045973263777,-999.2283012716009,-714.9801108575155,1307.8648699161997
19043.1977449,570.2402347570917,-1192.7960873818063,-1142.2243234431041,1747.172812424182
19043.2086853,823.9709814150636,-1464.8373002934463,-1428.2163677861101,2205.55627626167
19043.2253689,1057.6474078904466,-1798.7853276817737,-1683.690968373003,2681.242617049309
19043.2419252,1231.1608738180632,-2125.757939354418,-1990.6092598630585,3161.8237046681384
19043.2584722,1432.5760026084122,-2427.444669057711,-2406.518421910662,3706.2234875384374
19043.2695549,1810.1203782197588,-2767.496185197261,-2797.1417019889145,4331.232228792781
19043.2860327,2234.748809911966,-3182.5334202804042,-3173.8141506358006,5019.533591617919
19043.3024615,2029.8459732637757,-3500.786762308445,-3859.148744701663,5591.852256995139
19043.3184671,1089.0367786110205,-3539.151548744702,-4745.898467557874,6019.563693036039
19043.3295494,416.7810890120639,-3463.293902836648,-5343.168438213238,6381.031271879309
19043.3457655,955.6319530485817,-3694.35454841865,-5379.789370720574,6595.727528667863
19043.3621936,1763.9082491033585,-4226.229996739485,-5247.256472122595,6964.631561025175
19043.3782655,1812.7361591131398,-4417.182001956309,-5298.700163025758,7132.582466302945
19043.3893033,925.9864362569286,-3851.3014020215196,-5014.451972611672,6390.203592607501
19043.4058867,110.73472448646886,-3240.08059993479,-4376.2014346266715,5446.239387844554
19043.4237986,83.70498858819694,-3381.332768177372,-3996.9132050864037,5236.003531631607
19043.4349235,437.70733615911314,-3990.809716335181,-3952.4449298989243,5633.823819397134
19043.4527289,281.6324095207043,-4164.323182262798,-4021.3271600912944,5795.858565295715
19043.4646471,-500.48607760026084,-3322.913661558526,-3247.056015650473,4672.859326452693
19043.4823211,-967.838930551027,-2068.2107597000327,-1388.1077274209326,2672.274500300231
19043.4992078,-474.32826866644933,-1786.5783501793283,617.3242908379524,1948.830107486074
19043.5107381,-316.50948809911966,-2054.2599282686665,1642.710401043365,2649.2752915926285
19043.5277609,-732.4186501467232,-1810.1203782197588,1967.9391587870884,2772.3198580641492
19043.5390483,-1058.5193348549071,-1471.8127160091294,2074.3142484512555,2754.9002621865898
19043.5561444,-1025.3861102054125,-1352.3587218780567,2263.522399739159,2829.1031161417145
19043.5733887,-1130.889272905119,-1182.3329638082816,2559.1056406912294,3037.407359097099
19043.5847077,-1352.3587218780567,-673.1276165634171,3022.0988588196938,3378.6175298928547
19043.6013126,-1299.1711770459733,-205.77476361265082,3599.3145092924683,3832.1343840489394
19043.6185445,-1039.3369416367786,61.906814476687316,4026.558721878057,4158.993733183761
19043.6298661,-866.6954026736224,209.26247147049233,4148.628496902511,4243.355995941552
19043.64691,-808.2762960547767,381.9040104336485,3943.7256602543202,4043.777111476065
19043.6590416,-825.7148353439844,535.3631561786763,3603.67414411477,3735.623915126101
19043.676301,-883.2620149983698,619.9400717313335,3392.667818715357,3560.1506158902957
19043.6939239,-1017.538767525269,703.6450603195304,3221.7701336811215,3451.130873874329
19043.7054267,-1129.1454189761982,854.488425171177,3113.651190088034,3420.518027943002
19043.7227097,-1030.6176719921748,1012.3072057385067,3012.5076622106294,3340.9790600197457
19043.7343947,-768.167655689599,1025.3861102054125,3005.5322464949463,3267.219353972243
19043.7519236,-404.57411150961855,965.2231496576459,2963.679752200848,3143.0452771069176
19043.7691186,-107.24701662862732,905.9321160743398,2810.22060645582,2954.581997247595
19043.7808943,18.31046625366808,852.7445712422563,2506.7900228236063,2647.9246204311676
19043.7991086,58.41910661884578,694.0538637104663,2114.422888816433,2226.186809434554
19043.8114185,52.31561786762308,466.48092598630586,1739.4942940984677,1801.7163420980114
19043.8282213,123.81362895337463,198.79934789696773,1401.1866318878383,1420.6248529502952
19043.8392569,158.69070753179003,-38.36478643625693,1075.9578741441148,1088.2738370593877
19043.8559668,203.15898271926966,-276.400847733942,672.2556895989567,754.717637985054
19043.8725895,235.4202804043039,-532.7473752852951,115.09435930877079,593.7079971195508
19043.8841411,209.26247147049233,-761.1922399739159,-444.6827518747962,906.0613433854177
19043.9010657,75.85764590805347,-1067.238604499511,-855.3603521356374,1369.81529900289
19043.9183727,-155.20299967394848,-1279.1168568633843,-1136.1208346918813,1717.8470408161584
19043.9303329,-245.8834039778285,-1368.9253342028042,-1346.2552331268341,1935.6700058882375
19043.947069,-5.231561786762309,-1451.7583958265407,-1580.8035865666775,2146.2921022996034
19043.9639403,395.8548418650147,-1647.0700358656668,-1926.9585914574502,2565.6792808272403
19043.9751731,645.2259537006847,-1906.0323443104012,-2322.813433322465,3073.229258436418
19043.9929566,559.7771111835671,-2058.6195630909683,-2743.9541571568307,3475.708465381428
19044.0043893,210.13439843495271,-1927.8305184219107,-2961.935898271927,3540.3038342261584
19044.0219252,3.487707857841539,-1516.2809911966092,-2893.0536680795567,3266.325111613792
19044.0395878,76.72957287251386,-809.1482230192371,-3050.8724486468864,3157.2822129295055
19044.0513459,92.42425823280078,-201.4151287903489,-3653.373981089012,3660.0890348888634
19044.0687425,-115.96628627323118,354.87427453537657,-4356.147114444082,4372.11637687728
19044.0803221,-481.30368438213236,1055.9035539615259,-4486.064232148679,4633.719655614927
19044.097398,-879.7743071405282,1959.2198891424846,-3919.3117052494295,4469.17773739435
19044.1146726,-1010.5633518095859,2488.4795565699383,-3096.2126507988264,4098.817094047237
19044.1266878,-864.0796217802413,2363.794000652103,-2263.522399739159,3384.920874173528
19044.1434571,-737.6502119334855,2319.3257254646232,-1368.9253342028042,2792.37465727466
19044.1551122,-774.2711444408217,2544.282882295403,-511.82112813824585,2708.289507690012
19044.1724553,-699.2854254972286,2607.0616237365502,334.81995435278776,2719.903457497251
19044.1888554,-629.5312683403978,2611.4212585588525,901.5724812520378,2833.4896411355253
19044.2004007,-672.2556895989567,2580.0318878382786,1218.0819693511576,2931.248187806504
19044.2178167,-748.9852624714705,2505.0461688946853,1480.5319856537333,3004.698020140657
19044.2293755,-845.7691555265732,2382.104466905771,1804.016889468536,3105.515109153438
19044.2460265,-939.0653407238344,2301.0152592109553,2180.6893381154223,3306.3455546328955
19044.2637403,-944.2969025105967,2193.768242582328,2625.3720899902187,3549.2103844592634
19044.2751498,-924.2425823280079,2083.033518095859,2961.0639713074665,3736.4626092969675
19044.291777,-896.3409194652755,2002.8162373655039,3159.8633192044344,3847.003524903043
19044.3089943,-859.7199869579393,1926.08666449299,3199.971959569612,3832.590356031345
19044.3205371,-736.7782849690251,1808.376524290838,3131.961656341702,3690.833471128543
19044.3377177,-561.5209651124878,1648.8138897945876,3024.7146397130746,3490.3856075131603
19044.349654,-418.52494294098466,1489.2512552983371,2880.846690577111,3269.909797514378
19044.3668178,-320.8691229214216,1323.585132050864,2676.815780893381,3003.3610040536764
19044.3836488,-158.69070753179003,1133.5050537985003,2518.9970003260514,2766.8325455826425
19044.3945267,59.29103358330617,927.7302901858494,2408.262275839583,2581.4581358650275
19044.4121218,277.2727746984024,709.7485490707531,2243.46807955657,2369.3400385943414
19044.4293657,428.1161395500489,450.7862406260189,2042.052950766221,2134.589402534831
19044.4403858,476.0721225953701,115.96628627323118,1847.6132376915552,1911.4830686034175
19044.4572199,400.2144766873166,-129.04519074013695,1654.9173785458104,1707.5057301269
19044.4690305,333.9480273883274,-170.89768503423542,1427.3444408216499,1475.818232876625
19044.4858954,428.9880665145093,-205.77476361265082,1136.9927616563418,1232.528520810214
19044.5039685,639.9943919139224,-358.3619823932181,816.9955656993806,1097.9516776609612
19044.5152895,830.9463971307466,-522.2842517117705,508.3334202804043,1105.2853118831656
19044.5325746,934.7057059015325,-676.6153244212586,177.87310074991848,1167.5281126623709
19044.5439851,953.0161721552006,-861.4638408868601,-254.60267362243235,1309.6496840608115
19044.5607185,987.0213237691555,-1024.514183240952,-776.0149983697424,1620.5059959567204
19044.5777179,1127.4015650472775,-1127.4015650472775,-1286.964199543528,2048.9864393521043
19044.5900642,1293.0676882947505,-1192.7960873818063,-1819.711574828823,2531.0347228260757
19044.6072713,1479.660058689273,-1348.8710140202152,-2348.9712422562766,3086.5049487553492
19044.6246592,1496.2266710140202,-1508.4336485164656,-2881.718617541572,3580.2749215271306
19044.6365488,1402.930485816759,-1736.8785132050864,-3211.307010107597,3911.195933577574
19044.6537053,1407.290120639061,-2130.11757417672,-3263.62262797522,4143.5611521126
19044.6653561,1415.1374633192045,-2550.3863710466253,-3356.9188131724814,4447.020193336345
19044.6829594,1030.6176719921748,-2638.450994457124,-3826.0155200521685,4760.461237701072
19044.6946134,414.1653081186828,-2592.238865340724,-4513.965895011412,5221.7931152773735
19044.7117682,-26.15780893381154,-2638.450994457124,-5070.255298337137,5715.732382769142
19044.7294951,118.58206716661233,-2790.1662862732314,-5057.176393870232,5777.034073850316
19044.741413,436.83540919465275,-2804.989044669058,-4510.478187153571,5329.465469653393
19044.7586474,504.84571242256277,-2740.466449298989,-3913.2082164982066,4803.9800268895715
19044.7702673,469.9686338441474,-2798.885555917835,-3452.8307792631235,4469.526961787971
19044.7875346,181.36080860776002,-2867.7677861102056,-3260.1349201173784,4345.74084769433
19044.8046138,-452.5300945549397,-2935.7780893381155,-3390.9239647864365,4507.986447548243
19044.8161476,-939.0653407238344,-2574.800326051516,-3172.9422236713403,4192.732138825493
19044.8333058,-830.9463971307466,-2021.9986305836323,-2243.46807955657,3132.4270783173706
19044.8446901,-175.25731985653735,-1804.016889468536,-988.7651776980763,2064.666714576311
19044.8619159,222.3413759373981,-1703.7452885555917,-166.5380502119335,1726.2440783091783
19044.8787165,227.57293772416043,-1532.8476035213564,245.0114770133681,1568.898289078627
19044.890232,179.61695467883925,-1394.2112161721552,419.39686990544504,1466.963155704609
19044.907345,173.51346592761658,-1276.5010759700033,506.58956635148354,1384.266920989942
19044.9240578,85.44884251711771,-1005.3317900228236,745.497554613629,1254.4959611943398
19044.9350082,-70.62608412129117,-496.1264427779589,1327.944766873166,1419.3543584488145
19044.9522733,-135.14867949135964,-87.19269644603848,2017.6389957613303,2024.0392409977082
19044.9690647,-274.6569938050212,81.96113465927617,2432.6762308444736,2449.5035692883407
19044.9803715,-487.40717313335506,115.09435930877079,2566.9529833713727,2615.3508527166555
19044.9980452,-742.0098467557874,131.6609716335181,2574.800326051516,2682.8175381805268
19045.0091128,-831.818324095207,149.97143788718617,2550.3863710466253,2686.798056814632
19045.0266431,-717.5958917508966,205.77476361265082,2530.332050864037,2638.156061499662
19045.0439818,-512.6930551027062,300.8148027388327,2572.184545158135,2639.9767136563364
19045.0555928,-347.02693185523316,417.6530159765243,2637.579067492664,2692.8952951168776
19045.0727794,-185.72044343006195,506.58956635148354,2733.491033583306,2786.2337128324994
19045.0841336,-224.08522986631888,484.7913922399739,2802.3732637756766,2852.811384189104
19045.1010815,-434.2196283012716,373.18474078904467,2792.7820671666123,2850.86744887364
19045.1178667,-650.457515487447,265.065797195957,2647.170264101728,2738.770757738158
19045.1291275,-695.7977176393871,202.28705575480927,2454.474404955983,2559.19892180779
19045.1462153,-421.1407238343658,174.38539289207696,2321.0695793935442,2365.4035103787223
19045.1634191,86.3207694815781,163.92226931855234,2253.0592761656344,2260.6631521609866
19045.1751101,484.7913922399739,95.04003912618194,2298.399478317574,2350.8924826451707
19045.1918995,573.7279426149332,-183.97658950114118,2426.572742093251,2500.2532692292584
19045.2085874,282.5043364851647,-582.447212259537,2369.0255624388656,2455.877759720669
19045.2196675,-311.27792631235735,-922.4987283990871,1923.4708835996087,2155.8381412719077
19045.2364775,-782.1184871209651,-1177.9733289859798,1213.7223345288555,1863.4517426090952
19045.25372,-803.0447342680144,-1416.0093902836647,273.78506684056083,1650.7336857991334
19045.2652014,-303.4305836322139,-1781.3467883925662,-484.7913922399739,1870.9059820284579
19045.2822489,100.27160091294425,-2275.729377241604,-1161.4067166612324,2556.92474545027
19045.2993323,-3.487707857841539,-2588.7511574828823,-1917.367394848386,3221.4814055497436
19045.3111254,-402.8302575806978,-2396.927225301598,-2634.0913596348223,3584.1274573761148
19045.3276405,-653.9452233452886,-1516.2809911966092,-3247.056015650473,3642.8183001863013
19045.3387578,-419.39686990544504,-220.59752200847734,-3861.7645255950442,3890.730298073497
19045.3560498,-103.75930877078578,423.756504727747,-4293.368373002934,4315.477674111816
19045.3728091,-203.15898271926966,638.2505379850016,-4470.369546788393,4520.27003688394
19045.3837957,-891.1093576785132,1174.4856211281383,-4120.726834039779,4376.514823732973
19045.4009803,-1579.0597326377567,1979.2742093250733,-3354.3030322791,4202.654502489371
19045.4177875,-1478.7881317248125,2330.6607760026086,-2328.0449951092273,3610.8984326037703
19045.428933,-1038.4650146723181,2445.755135311379,-1235.5205086403653,2930.296690758686
19045.4453036,-967.838930551027,2683.791196609064,-385.39171829149006,2878.884186453866
19045.4622319,-1064.6228236061297,2782.3189435930876,284.24819041408546,2992.577065703359
19045.479048,-1021.0264753831106,2745.6980110857517,809.1482230192371,3039.090896687478
19045.4904731,-813.507857841539,2775.3435278774045,1221.569677208999,3139.515760237146
19045.5076297,-524.9000326051516,2840.7380502119336,1484.8916204760353,3248.109579233855
19045.5190616,-327.8445386371047,2857.304662536681,1633.1192044343006,3307.3781628293063
19045.5356745,-370.5689598956635,2751.8014998369745,1722.9276817737202,3267.7534553826645
19045.5523704,-580.7033583306162,2431.804303880013,1878.1306814476688,3127.02149326494
19045.5643698,-938.193413759374,2117.9105966742745,2133.6052820345617,3149.2893923316146
19045.5817567,-1356.7183567003588,1842.381675904793,2479.760286925334,3374.057797330907
19045.5990764,-1573.8281708509944,1599.985979784806,2857.304662536681,3633.3290769521536
19045.6103503,-1606.0894685360288,1453.5022497554614,3173.8141506358006,3842.5627429832007
19045.6274226,-1469.1969351157484,1389.8515813498534,3384.8204760352137,3942.998441202006
19045.639042,-1153.559373981089,1338.4078904466905,3523.4568633844146,3941.6726371732525
19045.656133,-712.3643299641343,1274.7572220410825,3561.8216498206716,3849.5509321065488
19045.6730646,-311.27792631235735,1200.6434300619499,3530.4322791000977,3741.976839970039
19045.6847088,-73.24186501467231,1078.5736550374959,3436.2641669383765,3602.304390958164
19045.7019897,13.950831431366156,888.4935767851321,3310.706684056081,3427.884801089394
19045.7187032,11.335050537985001,590.2945549396804,3161.607173133355,3216.2611930890216
19045.7304943,68.8822301923704,204.03090968373004,2898.285229866319,2906.274358591065
19045.747868,214.49403325725464,-79.34535376589501,2522.484708183893,2532.830921812346
19045.7597214,439.4511900880339,-270.2973589827193,2101.343984349527,2163.752423754799
19045.7767066,687.9503749592436,-390.6232800782524,1713.336485164656,1887.1629968664695
19045.7943061,912.9075317900229,-531.0035213563743,1382.8761656341703,1740.0320085477986
19045.8057165,1054.159700032605,-581.5752852950766,1111.7068796869905,1638.7112839003296
19045.8230491,993.9967394848386,-590.2945549396804,773.3992174763613,1390.9074481398732
19045.8340695,626.9154874470166,-595.5261167264428,286.8639713074666,911.0243257666056
19045.8514118,23.542028040430388,-537.9789370720574,-277.2727746984024,605.6861855832508
19045.8686521,-497.8702967068797,-335.69188131724815,-766.4238017606782,973.6371579960377
19045.8806414,-553.6736224323444,-128.17326377567656,-1044.568503423541,1189.1619839486796
19045.8972016,-108.99087055754809,-103.75930877078578,-1416.0093902836647,1423.9830046011784
19045.9088072,488.27910009781544,-446.426605803717,-1974.042647538311,2081.96003041889
19045.9259133,795.1973915878709,-1196.2837952396478,-2553.0021519400066,2929.3777151728714
19045.9434064,888.4935767851321,-1796.1695467883926,-3074.4144766873164,3669.832455475727
19045.9550679,848.3849364199543,-1960.9637430714054,-3622.856537332899,4205.974951432857
19045.9731569,789.0939028366482,-1777.8590805347246,-4367.482164982067,4781.0409493299885
19045.984376,759.4483860449951,-1633.9911313987611,-5090.309618519726,5399.809337462814
19046.0013565,771.6553635474405,-1847.6132376915552,-5528.016954678839,5879.464102059074
19046.018172,698.4134985327682,-2187.6647538311054,-5560.278252363873,6015.8418142266955
19046.0302132,216.2378871861754,-2103.087838278448,-5176.630388001305,5591.711674733238
19046.0480067,-389.751353113792,-1717.696119986958,-4750.258102380176,5066.294318049514
19046.0592525,-565.0086729703294,-1475.300423866971,-4336.964721225953,4615.734950617536
19046.0766425,127.30133681121617,-1733.3908053472449,-3773.6999021845454,4154.7154254129055
19046.0945636,887.6216498206717,-2242.59615259211,-3079.646038474079,3911.6913757529996
19046.1068366,941.6811216172156,-2226.0295402673623,-2015.0232148679493,3146.790333881485
19046.123663,724.5713074665797,-1947.0129116400392,-659.1767851320509,2179.5359349535574
19046.1355422,830.0744701662862,-1868.5394848386045,422.8845777632866,2087.8924298279335
19046.1524582,930.3460710792306,-1833.662406260189,1135.248907727421,2348.7553543527624
19046.1640171,722.8274535376589,-1653.1735246168896,1364.565699380502,2262.189598156566
19046.1811145,233.67642647538312,-1470.0688620802086,1346.2552331268341,2007.015267572594
19046.1979457,-284.24819041408546,-1307.0185197261167,1338.4078904466905,1892.2024537217712
19046.2095247,-741.137919791327,-1143.0962504075644,1436.935637430714,1980.0854728942538
19046.226878,-982.6616889468536,-997.4844473426801,1710.7207042712748,2210.693227391992
19046.2440878,-1044.568503423541,-940.8091946527552,1950.5006194978807,2404.308209391899
19046.2559249,-1004.4598630583632,-883.2620149983698,2168.4823606129767,2547.824003325943
19046.27271,-1018.4106944897294,-789.0939028366482,2294.911770459733,2631.8148803325153
19046.2890531,-1045.4404303880012,-622.5558526247147,2262.6504727746983,2569.067660664993
19046.3005014,-1093.3964134333226,-389.751353113792,2171.098141506358,2461.927897850635
19046.3176366,-1113.4507336159113,-213.62210629279426,2094.368568633844,2381.5513099171635
19046.3293764,-1053.2877730681448,-197.05549396804696,2128.373720247799,2382.9017381418184
19046.3466697,-894.5970655363548,-196.18356700358657,2203.359439191392,2386.1233664465703
19046.3633959,-791.7096837300294,-187.46429735898272,2322.813433322465,2461.180475324696
19046.3747329,-685.3345940658625,-152.58721878056733,2466.6813824584283,2564.6604858588266
19046.3920121,-505.71763938702315,-66.26644929898924,2568.6968373002933,2618.844213588584
19046.4037792,-283.37626344962507,28.773589827192698,2602.7019889142484,2618.241331362791
19046.4211057,-75.85764590805347,71.49801108575156,2577.4161069448974,2579.523238191686
19046.4382936,58.41910661884578,17.438539289207696,2518.9970003260514,2519.734665063433
19046.4498641,109.86279752200848,-112.47857841538963,2405.6464949462015,2410.779194270735
19046.4670577,65.39452233452886,-250.24303880013042,2265.2662536680796,2279.9844784617944
19046.4841307,44.46827518747962,-289.4797522008477,2106.5755461362896,2126.8372025173485
19046.4957802,86.3207694815781,-282.5043364851647,1910.391979132703,1933.095313043664
19046.5128053,168.28190414085427,-416.7810890120639,1630.5034235409196,1691.3209895220991
19046.52477,299.94287577437234,-715.8520378219758,1260.8063906097163,1480.5548363312912
19046.542172,516.1807629605478,-1136.9927616563418,713.2362569285947,1438.019846284105
19046.5539713,721.0835996087382,-1538.0791653081187,41.85249429409847,1699.2353302760189
19046.5711932,824.842908379524,-1846.741310727095,-729.802869253342,2150.216621696621
19046.5884226,946.0407564395175,-1956.6041082491033,-1600.8579067492665,2699.2663423351846
19046.6004667,1009.6914248451255,-1847.6132376915552,-2548.6425171177048,3305.8629931621367
19046.617502,944.2969025105967,-1695.8979458754484,-3447.5992174763614,3956.4765697852035
19046.6293223,1131.7611998695795,-1529.3598956635149,-4122.470687968699,4540.329247659829
19046.6465027,1105.603390935768,-1174.4856211281383,-4414.566221062928,4700.018111926297
19046.6633883,797.8131724812521,-412.421454189762,-4397.9996087381805,4488.763512652654
19046.6749466,297.3270948809912,523.1561786762309,-4383.176850342355,4424.289218621971
19046.6915928,125.5574828822954,1102.9876100423867,-4476.473035539615,4612.066476898182
19046.7093226,115.96628627323118,1570.3404629931529,-4326.501597652429,4604.132211802196
19046.7207676,-26.15780893381154,2046.412585588523,-3551.358526247147,4098.85789987548
19046.7376242,-350.5146397130747,2489.3514835343985,-2485.863775676557,3535.427842913642
19046.753796,-640.8663188783828,2717.7963482230193,-1614.8087381806326,3225.6369743031587
19046.7656342,-751.6010433648516,2822.4275839582656,-872.7988914248451,3048.406058901613
19046.7828657,-728.0590153244212,2779.703162699707,-319.1252689925008,2891.1348186875434
19046.7941331,-714.9801108575155,2631.475578741441,134.27675252689926,2730.1814091198403
19046.811677,-709.7485490707531,2608.8054776654712,607.7330942288881,2771.0915786069622
19046.8288594,-789.0939028366482,2620.140528203456,996.6125203782198,2912.2228779409875
19046.8407552,-886.7497228562113,2512.893511574829,1379.3884577763288,3000.6118357673326
19046.8588463,-1096.0121943267036,2382.9763938702317,1779.6029344636454,3169.6696717808354
19046.8701264,-1334.0482556243887,2269.6258884903814,2156.2753831105315,3403.0001395604872
19046.8872679,-1444.7829801108576,2151.9157482882297,2471.912944245191,3581.6885474976507
19046.8989121,-1446.5268340397784,2008.0477991522662,2671.584219106619,3641.7108733474333
19046.9160468,-1359.3341375937398,1816.2238669709814,2777.0873818063255,3585.8991562466804
19046.9331193,-1251.2151940006522,1611.321030322791,2859.920443430062,3512.9816206760593
19046.9444616,-1128.273492011738,1446.5268340397784,2953.216628627323,3476.626153323713
19046.9609368,-1059.3912618193674,1334.0482556243887,3048.256667753505,3491.9712636929603
19046.9785414,-952.1442451907402,1195.4118682751875,3132.8335833061624,3485.7186431428954
19046.9903533,-803.0447342680144,1067.238604499511,3198.2281056406914,3465.911438551149
19047.0073802,-651.3294424519074,1012.3072057385067,3179.9176393870234,3400.128249739935
19047.0242295,-519.6684708183893,988.7651776980763,3082.2618193674602,3278.4218488964225
19047.0362518,-360.97776328659927,878.9023801760678,2959.320117378546,3108.110341765222
19047.0539416,-248.49918487120965,751.6010433648516,2775.3435278774045,2886.033206842878
19047.0656322,-140.38024127812196,598.1418976198239,2559.9775676556897,2632.672689251341
19047.0827451,-54.93139876100424,412.421454189762,2319.3257254646232,2356.3490266189006
19047.0939391,44.46827518747962,219.72559504401696,2090.008933811542,2101.997647008116
19047.1105823,192.69585914574503,42.724421258558856,1910.391979132703,1920.5610076845674
19047.1275341,380.16015650472775,-64.52259537006847,1694.1540919465276,1737.4817976503098
19047.1388067,578.087577437235,-108.1189435930877,1411.649755461363,1529.2579851827038
19047.1556055,696.6696446038475,-142.12409520704273,1057.6474078904466,1274.42767216043
19047.1722926,786.4781219432671,-214.49403325725464,717.5958917508966,1086.0476004559548
19047.1890411,823.9709814150636,-266.80965112487775,374.05666775350505,943.4161111823023
19047.2007863,872.7988914248451,-459.5055102706228,5.231561786762309,986.382576934646
19047.218094,893.7251385718944,-796.9412455167917,-477.8159765242909,1289.2509761652573
19047.2295869,781.2465601565048,-1280.860710792305,-1096.884121291164,1858.5222957361661
19047.2467074,725.4432344310401,-1765.6521030322792,-1851.1009455493968,2659.016725396429
19047.2640381,784.7342680143463,-2169.3542875774374,-2836.3784153896318,3656.0837533780355
19047.2756928,854.488425171177,-2403.902641017281,-3940.2379523964787,4694.07855683594
19047.2933064,962.6073687642647,-2475.4006521030324,-5041.481708509945,5698.311956366704
19047.3048191,1123.913857189436,-2519.868927290512,-5918.640234757092,6530.177945323708
19047.3219073,1228.5450929246822,-2526.8443430061952,-6334.549396804695,6929.702839205333
19047.3394118,1390.7235083143137,-2786.67857841539,-6061.636256928595,6814.919184208174
19047.3509229,1185.8206716661232,-3188.636909031627,-5818.368633844148,6739.954715151347
19047.3684373,616.452363873492,-2796.269775024454,-5927.359504401696,6582.759973298559
19047.3803888,-280.7604825562439,-1544.1826540593413,-5928.231431366156,6132.475391022828
19047.3974006,-236.29220736876428,-1248.599413107271,-5777.38806651451,5915.492149667624
19047.4142867,554.5455493968047,-1714.2084121291164,-5183.605803716988,5487.7864731509435
19047.4260885,630.4031953048582,-1741.2381480273884,-3975.115030974894,4385.300216208573
19047.4429191,129.04519074013695,-1447.3987610042386,-2497.198826214542,2889.2244309255466
19047.4541075,-272.91313987610044,-1517.1529181610695,-1326.2009129442451,2033.4806171920673
19047.4708434,-326.9726116726443,-1521.5125529833715,-406.3179654385393,1608.417180556127
19047.4883106,-346.1550048907728,-1438.6794913596348,133.40482556243887,1485.7384742117615
19047.5003353,-333.9480273883274,-1426.4725138571894,398.47062275839585,1518.2634669213603
19047.5184012,-469.096706879687,-1478.7881317248125,484.7913922399739,1625.3888005414276
19047.5303418,-799.5570264101729,-1403.8024127812193,537.9789370720574,1702.7548236153764
19047.5478433,-1243.3678513205086,-1113.4507336159113,760.3203130094555,1834.0728252340434
19047.5592262,-1402.930485816759,-872.7988914248451,1212.8504075643953,2049.6336170241757
19047.5758858,-1192.7960873818063,-816.1236387349202,1633.1192044343006,2180.802291742054
19047.5928721,-1021.0264753831106,-746.3694815780893,1851.1009455493968,2241.9048099949014
19047.6044429,-995.7405934137594,-565.0086729703294,1903.41656341702,2221.19984328154
19047.6213509,-1023.6422562764917,-465.6089990218455,1934.8059341375938,2237.8805177173776
19047.6382614,-1013.1791327029671,-466.48092598630586,2008.0477991522662,2297.0399153985195
19047.6495077,-949.528464297359,-527.5158134985328,2137.0929898924032,2397.299248206025
19047.6671377,-832.6902510596674,-469.9686338441474,2301.8871861754155,2492.5746104952846
19047.6841522,-684.4626671014021,-370.5689598956635,2492.83919139224,2611.5240245563195
19047.712128,-304.30251059667427,-172.6415389631562,2705.5893707205737,2728.11637616271
19047.7293689,-157.81878056732964,-101.14352787740464,2710.8209325073362,2717.2940416618862
19047.7406256,-81.96113465927617,-70.62608412129117,2691.6385392892075,2693.8121125163652
19047.7572818,5.231561786762309,-61.03488751222693,2674.2000000000003,2674.901543371711
19047.768626,81.96113465927617,-119.45399413107272,2702.973589827193,2706.8529903952676
19047.7854733,152.58721878056733,-239.7799152266058,2745.6980110857517,2760.3686049441876
19047.8024257,235.4202804043039,-368.82510596674274,2696.87010107597,2732.135247255255
19047.8140176,301.6867297032931,-497.8702967068797,2385.5921747636125,2455.5935615478893
19047.8312733,462.12129116400394,-665.2802738832736,1810.1203782197588,1983.1010347966974
19047.8478574,697.5415715683079,-967.838930551027,1088.1648516465602,1614.7381162018567
19047.8590989,915.523312683404,-1409.0339745679817,267.68157808933813,1701.5325752985266
19047.8763691,985.2774698402347,-1688.9225301597653,-454.27394848386047,2007.3853206913602
19047.8934608,925.9864362569286,-1778.731007499185,-987.0213237691555,2235.0718043825545
19047.9054125,698.4134985327682,-1868.5394848386045,-1245.98363221389,2351.955873965032
19047.9222902,443.81082491033584,-2040.3090968373003,-1271.269514183241,2444.5767397724144
19047.9391387,496.9983697424193,-2180.6893381154223,-1328.8166938376264,2601.5701364211695
19047.9499972,859.7199869579393,-2296.6556243886535,-1756.0609064232149,3016.205467152216
19047.9664278,1078.5736550374959,-2021.9986305836323,-2407.3903488751225,3323.7520790937633
19047.9836368,945.1688294750571,-1185.8206716661232,-2957.576263449625,3323.668475597798
19047.9950073,680.9749592435605,-166.5380502119335,-3131.089729377242,3208.6110251473006
19048.0119277,319.1252689925008,599.0138245842843,-3052.616302575807,3127.1592204593962
19048.0284891,-69.75415715683079,1143.0962504075644,-2896.5413759373982,3114.720954219464
19048.0399662,-264.1938702314966,1582.5474404955983,-2590.4950114118033,3047.116539720216
19048.0572109,-230.18871861754158,2034.2056080860777,-2083.033518095859,2920.617732545368
19048.0687028,10.463123573524618,2533.8197587218783,-1345.3833061623736,2868.868816649641
19048.085601,391.49520704271276,2872.1274209325074,-718.467818715357,2986.3992408483227
19048.1024945,619.9400717313335,2919.211477013368,-351.38656667753503,3004.928261923443
19048.1197749,361.84969025105966,2927.930746657972,-74.1137919791327,2951.136477650843
19048.1311701,-177.0011737854581,2870.3835670035864,265.065797195957,2888.0254697784076
19048.1478867,-626.0435604825562,2780.575089664167,642.6101728073036,2921.7248677926536
19048.1593199,-922.4987283990871,2672.4561460710793,1062.0070427127487,3020.0802498182884
19048.1765596,-1089.0367786110205,2524.228562112814,1470.9407890446691,3117.9156088369273
19048.1940953,-1198.899576133029,2388.207955656994,1710.7207042712748,3172.9265294263782
19048.2061089,-1214.594261493316,2250.443495272253,1827.5589175089665,3143.200079923681
19048.2225042,-1126.5296380828172,2127.501793283339,1947.8848386044995,3096.706032281415
19048.2393459,-953.0161721552006,1975.7865014672318,2118.782523638735,3049.788764200957
19048.2508578,-881.518161069449,1894.697293772416,2335.0204108249104,3133.571831359976
19048.2689283,-912.0356048255625,1859.8202151940006,2618.3966742745356,3338.6735870949915
19048.279814,-873.6708183893055,1674.0997717639386,2938.3938702314967,3492.8597568953646
19048.2972406,-790.837756765569,1338.4078904466905,3221.7701336811215,3577.2283730586214
19048.3135586,-716.7239647864362,1076.829801108575,3353.43110531464,3594.267079718268
19048.3250767,-701.9012063906097,895.4689925008151,3301.987414411477,3492.51355115407
19048.3429258,-643.482099771764,813.507857841539,3061.335572220411,3232.2808871196016
19048.3547221,-481.30368438213236,714.9801108575155,2707.3332246494947,2841.215054305582
19048.3717477,-188.3362243234431,550.1859145745028,2401.2868601238997,2470.699022259144
19048.3888587,90.68040430388001,348.77078578415393,2186.792826866645,2216.286728827438
19048.4001803,297.3270948809912,151.71529181610694,2046.412585588523,2073.457354655822
19048.4169575,416.7810890120639,-32.261297685034236,1951.372546462341,1995.645780837202
19048.4343014,458.6335833061624,-228.4448646886208,1858.9482882295404,1928.2687982359698
19048.445691,412.421454189762,-372.3128138245843,1621.7841538963157,1714.3197277763463
19048.4628247,331.3322464949462,-423.756504727747,1162.278643625693,1280.719437775052
19048.4740368,333.076100423867,-453.4020215194001,497.8702967068797,751.257555126366
19048.4907803,407.1898924029997,-534.4912292142159,-248.49918487120965,716.4051419858358
19048.5086014,618.1962178024128,-676.6153244212586,-939.0653407238344,1312.180846947426
19048.5197602,898.0847733941963,-843.153374633192,-1545.926507988262,1976.702466599014
19048.5364748,1127.4015650472775,-1033.2334528855558,-2072.5703945223345,2575.68509280217
19048.5540684,1161.4067166612324,-1199.7715030974894,-2583.51959569612,3076.1811914281766
19048.5661846,908.5478969677209,-1259.0625366807956,-3186.8930551027065,3544.994371930569
19048.5836832,406.3179654385393,-1298.2992500815128,-4035.2779915226606,4258.420329261485
19048.5952785,-70.62608412129117,-1338.4078904466905,-5058.920247799152,5233.449894530424
19048.6121774,-281.6324095207043,-1375.9007499184872,-6025.015324421259,6186.536134803522
19048.6287919,-136.89253342028042,-1538.0791653081187,-6622.285295076622,6799.9330595123665
19048.6414241,353.1304206064558,-1786.5783501793283,-6525.501402021519,6774.86028218088
19048.6589746,816.1236387349202,-1895.5692207368766,-5933.462993152918,6282.135270385549
19048.6705527,844.8972285621128,-2060.3634170198893,-5203.660123899576,5660.126095953019
19048.6879465,428.1161395500489,-2316.7099445712424,-4839.194652755135,5382.21453339352
19048.6996745,205.77476361265082,-2565.2091294424517,-4473.857254646234,5161.205272614671
19048.7170494,389.751353113792,-2815.4521682425825,-4068.4112161721555,4962.927246372979
19048.7342805,484.7913922399739,-2852.9450277143787,-3444.11150961852,4498.468863495326
19048.7459786,411.54952722530163,-2468.4252363873493,-2247.827714378872,3363.811171056285
19048.7636041,351.38656667753503,-2183.3051190088036,-623.4277795891751,2297.597866967795
19048.7755904,364.4654711444408,-2213.8225627649167,762.0641669383763,2369.5120201414984
19048.7923013,111.60665145092925,-2153.65960221715,1646.1981089012065,2713.0561993110523
19048.8038736,-256.3465275513531,-2010.6635800456472,2102.215911313988,2920.2385710916355
19048.8208881,-462.9932181284643,-1790.9379850016303,2301.8871861754155,2953.0503219608745
19048.8382549,-424.62843169220736,-1574.700097815455,2495.4549722856214,2981.1550147160106
19048.8497493,-293.83938702314964,-1288.7080534724487,2748.313791979133,3049.6456731288654
19048.8674055,-245.8834039778285,-1019.2826214541898,3093.596869905445,3266.456383336385
19048.8793091,-349.6427127486143,-768.167655689599,3405.746723182263,3508.766494979765
19048.8969168,-595.5261167264428,-562.3928920769482,3563.5655037495926,3656.492338331374
19048.9142866,-768.167655689599,-495.25451581349853,3597.5706553635473,3711.8557626899
19048.9255498,-776.0149983697424,-417.6530159765243,3572.2847733941962,3679.381989094514
19048.94345,-642.6101728073036,-308.6621454189762,3503.402543201826,3575.1992299623107
19048.9550146,-474.32826866644933,-136.89253342028042,3413.5940658624063,3449.1087716471584
19048.9720056,-342.66729703293123,47.95598304532116,3316.8101728073034,3334.808896354289
19048.9839008,-263.3219432670362,61.906814476687316,3281.9330942288884,3293.0617568578004
19049.0019369,-272.04121291164006,-20.05432018258885,3264.4945549396807,3275.871379726507
19049.0192512,-301.6867297032931,-31.38937072057385,3322.913661558526,3336.728244500231
19049.0307993,-206.6466905771112,-0.8719269644603848,3407.4905771111835,3413.7509645673645
19049.0486633,8.719269644603848,-21.79817411150962,3394.411672644278,3394.492861892842
19049.0596646,254.60267362243235,-136.02060645582003,3229.6174763612653,3242.491815011166
19049.0775199,435.96348223019237,-338.3076622106293,2978.5025105966743,3029.190228060857
19049.0897133,474.32826866644933,-561.5209651124878,2650.6579719595697,2750.6873295650653
19049.1068801,338.3076622106293,-779.502706227584,2275.729377241604,2429.2016675786736
19049.1237776,204.03090968373004,-946.0407564395175,1822.3273557222042,2063.370717143312
19049.1356109,197.05549396804696,-1177.9733289859798,1199.7715030974894,1692.8980155786442
19049.1534557,266.80965112487775,-1524.1283338767525,420.26879686990543,1603.3653450420409
19049.1653358,259.83423540919466,-1817.0957939354419,-477.8159765242909,1896.7496043627941
19049.1827936,229.3167916530812,-2079.5458102380176,-1452.630322791001,2547.004480267839
19049.19438,320.8691229214216,-2431.804303880013,-2536.435539615259,3528.4747998302423
19049.2122486,327.8445386371047,-2644.554483208347,-3751.029801108575,4601.236249637284
19049.2292435,298.19902184545157,-2274.857450277144,-4812.164916856864,5331.119044135015
19049.2411357,416.7810890120639,-1217.210042386697,-5421.6418650146725,5572.208473839155
19049.2590113,586.8068470818389,-278.14470166286276,-5191.453146397131,5231.910981857577
19049.2710196,500.48607760026084,-55.803325725464624,-4606.390153244212,4633.83540589639
19049.2880576,-45.340202151940005,105.50316269970655,-4669.16889468536,4670.580779557091
19049.2993158,-526.6438865340724,888.4935767851321,-5340.552657319857,5439.510759693222
19049.3163333,-708.0046951418324,1837.1501141180306,-5834.935246168895,6158.153986149651
19049.333016,-850.1287903488751,2519.868927290512,-5766.053015976524,6349.789425953923
19049.3444008,-1103.8595370068472,2682.0473426801436,-4704.0459732637755,5526.294630618036
19049.3614931,-813.507857841539,2540.7951744375614,-2961.935898271927,3986.2889281494704
19049.3788262,-855.3603521356374,2478.888359960874,-1570.3404629931529,3056.550016418619
19049.390697,-987.8932507336159,2541.6671014020217,-491.766807955657,2770.8914310382647
19049.4074033,-1122.1700032605152,2539.0513205086404,195.3116400391262,2782.839154735528
19049.4191199,-1101.243756113466,2510.277730681448,585.0629931529181,2802.9503744253384
19049.4364938,-846.6410824910336,2408.262275839583,803.0447342680144,2676.080932451263
19049.4535213,-464.7370720573851,2281.832865992827,1052.4158461036843,2555.4492535755126
19049.4657927,-372.3128138245843,2208.5910009781546,1302.6588849038149,2591.0251275042697
19049.482817,-691.4380828170852,2253.0592761656344,1627.015715683078,2863.8335956136657
19049.4942273,-1066.3666775350505,2221.6699054450605,1953.1164003912618,3144.45841651543
19049.5117926,-1417.7532442125855,2048.1564395174437,2316.7099445712424,3401.781008455331
19049.5291025,-1661.8927942614932,1620.040299967395,2722.155983045321,3577.2267791078275
19049.5400024,-1706.361069448973,1311.3781545484187,3049.1285947179654,3732.0994025728487
19049.5564678,-1522.3844799478318,1254.7029018584938,3310.706684056081,3853.921720088742
19049.5687519,-1162.278643625693,1300.915030974894,3507.762178024128,3917.60986582653
19049.5864917,-792.5816106944898,1300.0431040104336,3642.038930551027,3947.4986071619355
19049.6034294,-496.1264427779589,1256.4467557874145,3751.9017280730354,3987.676826733789
19049.6153938,-394.1109879360939,1234.6485816759048,3775.443756113466,3991.6984037653
19049.6325308,-387.13557222041084,1191.924160417346,3748.414020215194,3952.3619295822155
19049.6442578,-381.9040104336485,1123.0419302249757,3664.7090316269973,3851.9042221630107
19049.6616931,-351.38656667753503,1018.4106944897294,3520.841082491034,3681.977021933884
19049.6784403,-189.2081512879035,889.3655037495924,3318.5540267362244,3440.8678486888684
19049.6898557,86.3207694815781,780.3746331920444,3014.25151613955,3114.82712938023
19049.7068004,406.3179654385393,634.7628301271601,2599.214281056407,2706.2765968017256
19049.7187944,665.2802738832736,412.421454189762,2056.003782197587,2199.9638294992455
19049.7358679,838.7937398108901,35.74900554287578,1420.3690251059668,1649.9397252092933
19049.7533665,905.9321160743398,-342.66729703293123,659.1767851320509,1171.6005758994027
19049.7651799,860.5919139223997,-639.122464949462,-134.27675252689926,1080.3361577679725
19049.7824552,850.1287903488751,-954.7600260841214,-949.528464297359,1592.4477925819403
19049.7991357,894.5970655363548,-1168.3821323769155,-1674.9716987283991,2229.56294113106
19049.8106187,847.513009455494,-1430.8321486794914,-2328.9169220736876,2861.715039764137
19049.8283113,673.9995435278774,-1732.5188783827846,-3027.330420606456,3552.552114207164
19049.8397709,493.51066188457776,-2020.2547766547116,-3802.473492011738,4334.026625834442
19049.8568566,375.8005216824258,-2234.748809911966,-4642.1391587870885,5165.731724068162
19049.8687894,287.73589827192694,-2382.104466905771,-5540.223932181285,6037.490774909808
19049.8861531,372.3128138245843,-2229.517248125204,-6032.862667101402,6442.42159060796
19049.9031159,725.4432344310401,-2048.1564395174437,-5739.023280078252,6136.578924482165
19049.9149467,1064.6228236061297,-2011.5355070101077,-4755.489664166938,5272.0374428207615
19049.9316263,1177.9733289859798,-2078.6738832735573,-4056.20423866971,4707.578900306186
19049.9486082,728.9309422888816,-2166.738506684056,-4269.826344962504,4843.295684873005
19049.9602741,-29.645516791653083,-2178.9454841865013,-5036.250146723182,5487.485564454076
19049.977209,-366.2093250733616,-1953.1164003912618,-5419.898011085752,5772.700182221427
19049.9942617,-461.24936419954355,-1615.680665145093,-4693.582849690251,4985.267791664219
19050.0057193,-27.901662862732312,-1382.0042386697098,-2857.304662536681,3174.0989513632694
19050.0229862,435.96348223019237,-1412.5216824258232,-1097.7560482556244,1841.2903091699466
19050.035021,435.96348223019237,-1480.5319856537333,-161.30648842517118,1551.7921579870551
19050.0522227,190.95200521682426,-1368.9253342028042,103.75930877078578,1386.068264219038
19050.0643596,136.89253342028042,-1268.65373328986,70.62608412129117,1277.9710108037777
19050.081621,185.72044343006195,-1293.939615259211,-112.47857841538963,1312.0301984509963
19050.0990936,2.6157808933811544,-1321.8412781219433,-259.83423540919466,1347.1395758225706
19050.1104105,-415.9091620476035,-1082.0613628953374,-52.31561786762308,1160.4198154198014
19050.1275388,-586.8068470818389,-926.858363221389,435.96348223019237,1180.4545137758744
19050.1389036,-618.1962178024128,-908.5478969677209,953.888099119661,1455.172962376568
19050.156551,-686.2065210303228,-808.2762960547767,1315.7377893707205,1689.779834962744
19050.1738799,-835.3060319530485,-677.487251385719,1565.1089012063906,1899.0237006006005
19050.1852378,-788.2219758721878,-687.9503749592436,1793.5537658950113,2076.3922348175442
19050.2022267,-547.5701336811217,-645.2259537006847,2007.1758721878057,2178.280185036213
19050.2141504,-356.61812846429734,-569.3683077926313,2206.8471470492336,2306.844400887794
19050.2311365,-178.74502771437886,-487.40717313335506,2443.139354417998,2497.68801944127
19050.2477857,25.28588196935116,-343.5392239973916,2689.894685360287,2711.8613520202716
19050.2596187,179.61695467883925,-219.72559504401696,2975.886729703293,2989.3884684914588
19050.2762423,183.97658950114118,-57.547179654385396,3147.656341701989,3153.5534732785795
19050.2942527,143.86794913596347,108.1189435930877,3262.7507010107597,3267.710181411209
19050.3065462,68.8822301923704,179.61695467883925,3425.801043364852,3431.198012467961
19050.3239635,136.89253342028042,185.72044343006195,3636.807368764265,3644.118478632677
19050.335785,289.4797522008477,50.57176393870232,3829.5032279100096,3840.761773765111
19050.3531289,459.5055102706228,-204.90283664819043,3905.3608738180633,3937.635590196803
19050.3640926,552.801695467884,-484.7913922399739,3816.424323443104,3886.60610624106
19050.3812445,599.0138245842843,-696.6696446038475,3515.6095207042713,3633.686345548011
19050.3991662,626.0435604825562,-971.3266384088686,2941.0096511248776,3159.8961606537046
19050.4108707,528.3877404629932,-1572.9562438865341,2089.137006847082,2667.9352283800304
19050.4279114,367.08125203782197,-2341.9958265405935,872.7988914248451,2526.157358915642
19050.4395969,441.1950440169547,-2850.329246820998,-701.0292794261494,2968.243913960075
19050.4564668,788.2219758721878,-2535.563612650799,-2526.8443430061952,3665.4220835845135
19050.4731902,1142.2243234431041,-1894.697293772416,-4088.465536354744,4648.666979043999
19050.4843371,1513.665210303228,-1395.955070101076,-4867.9682425823285,5285.545169366477
19050.5016827,1360.2060645582003,-804.7885881969352,-4686.607433974568,4945.920991073211
19050.5193685,777.7588522986632,-295.5832409520704,-4204.431822627976,4285.968412831278
19050.5311736,122.06977502445386,218.85366807955657,-4251.515878708836,4258.894836095365
19050.5480897,-304.30251059667427,606.8611672644278,-4668.2969677209,4717.401517055882
19050.559011,-304.30251059667427,1084.6771437887187,-4720.612585588523,4853.175013064113
19050.5759579,-318.25334202804044,1603.4736876426475,-4200.944114770134,4507.809280803276
19050.5931697,-238.90798826214544,1919.9831757417671,-3169.454515813499,3713.334667087992
19050.6043792,-102.01545484186502,1964.451450929247,-2042.9248777306814,2836.0216346381308
19050.621028,-288.6078252363873,1982.7619171829149,-1252.0871209651125,2362.702151246587
19050.6375444,-647.8417345940659,1998.4566025432018,-810.8920769481579,2251.90445307692
19050.6541829,-863.2076948157809,2001.9443104010434,-500.48607760026084,2236.8269625091652
19050.6656903,-881.518161069449,2003.6881643299641,-177.87310074991848,2196.2421014409215
19050.6823358,-883.2620149983698,1977.5303553961526,261.57808933811543,2181.5593483730836
19050.6939779,-1092.524486468862,2131.8614281056407,779.502706227584,2519.1402047513748
19050.7114615,-1214.594261493316,2192.024388653407,1354.1025758069775,2848.473964478336
19050.7286271,-1273.8852950766222,2158.8911640039128,1772.6275187479623,3070.1470849536154
19050.739981,-1374.1568959895665,2262.6504727746983,1973.1707205738508,3301.711227420287
19050.7572743,-1494.4828170850994,2386.4641017280733,2041.1810238017606,3477.802434200051
19050.7691455,-1375.9007499184872,2141.452624714705,2185.048972937724,3354.6029916608545
19050.7858013,-1136.1208346918813,1819.711574828823,2435.2920117378544,3245.4226148563735
19050.8028236,-960.863514835344,1695.8979458754484,2790.1662862732314,3403.5799450023283
19050.8147675,-845.7691555265732,1661.020867297033,3099.700358656668,3616.9680810718523
19050.832484,-754.2168242582328,1664.5085751548745,3299.371633518096,3771.6422140524087
19050.8443453,-710.6204760352135,1690.666384088686,3392.667818715357,3856.621476291761
19050.861671,-609.4769481578089,1631.3753505053799,3383.9485490707534,3805.779219467462
19050.8785693,-455.14587544832085,1542.4388001304205,3291.5242908379523,3663.3874183959406
19050.8898818,-306.9182914900554,1326.2009129442451,3142.4247799152267,3424.5935812254547
19050.9069859,-238.03606129768505,1089.0367786110205,2996.8129768503422,3197.428699731113
19050.9237795,-163.92226931855234,954.7600260841214,2929.6746005868927,3085.6815265206264
19050.9353346,-112.47857841538963,862.3357678513205,2914.851842191066,3041.8145356090868
19050.9523892,-18.31046625366808,776.8869253342028,2892.1817411150964,2994.7627270902794
19050.9639741,163.05034235409195,761.1922399739159,2875.615128790349,2979.12091215953
19050.9804863,349.6427127486143,692.3100097815455,2733.491033583306,2841.3933917890117
19050.997202,436.83540919465275,431.60384740789044,2344.6116074339748,2423.6977215687766
19051.0090299,457.761656341702,28.773589827192698,1770.8836648190415,1829.3175251473324
19051.0261677,473.45634170198895,-328.71646560156506,1110.8349527225303,1251.467024913354
19051.0432364,470.8405608086078,-554.5455493968047,481.30368438213236,872.2756655198995
19051.0548654,551.0578415389632,-704.5169872839908,-134.27675252689926,904.4551820640214
19051.072164,678.3591783501794,-876.2865992826867,-803.0447342680144,1368.5504098022595
19051.0840214,780.3746331920444,-1253.8309748940333,-1475.300423866971,2087.483657994813
19051.1016055,673.1276165634171,-1801.401108575155,-2248.699641343332,2958.8505908771017
19051.1141008,439.4511900880339,-2210.334854907075,-3047.384740789045,3790.1518805558153
19051.1306977,259.83423540919466,-2307.118747962178,-3774.5718291490057,4431.444825392111
19051.1473821,426.3722856211281,-2318.453798500163,-4265.466710140202,4873.523119575806
19051.1589731,904.188262145419,-2311.47838278448,-4486.93615911314,5127.678307327643
19051.1764897,1285.2203456146071,-2246.9557874144116,-4500.0150635800455,5191.40994526768
19051.1935123,990.5090316269971,-2177.2016302575807,-4418.92585588523,5024.760770458822
19051.205304,-94.16811216172155,-2125.757939354418,-4839.194652755135,5286.352176816291
19051.2222587,-921.6268014346267,-2014.1512879034888,-5200.172416041734,5652.255702659535
19051.2393408,-790.837756765569,-2105.7036191718294,-5300.444016954679,5757.961346361227
19051.2508074,397.59869579393546,-2555.617932833388,-5518.425758069775,6094.447521215077
19051.268264,1218.9538963156178,-2945.36928594718,-5405.947179654386,6275.771963763282
19051.2799991,671.3837626344963,-2676.815780893381,-4091.0813172481253,4934.880467235833
19051.2970339,-37.49285947179654,-1906.9042712748615,-2233.0049559830454,2936.664902191349
19051.3088454,-354.87427453537657,-1196.2837952396478,-524.9000326051516,1353.7173684742597
19051.3260924,-600.7576785132051,-1221.569677208999,338.3076622106293,1402.709641686224
19051.342918,-837.0498858819693,-1553.7738506684057,673.1276165634171,1888.9061593039207
19051.354643,-771.6553635474405,-1431.7040756439517,953.888099119661,1885.5055199996511
19051.3716669,-506.58956635148354,-1305.274665797196,1157.0470818389306,1816.3515330189118
19051.3891052,-305.17443756113465,-1252.0871209651125,1338.4078904466905,1858.0068022042922
19051.4005209,-449.91431366155854,-1184.948744701663,1591.2667101402021,2034.3687374731308
19051.417758,-837.0498858819693,-1032.3615259210956,1990.6092598630585,2393.522102908119
19051.4302264,-1046.3123573524617,-714.9801108575155,2453.602477991523,2761.5450798559186
19051.4479185,-1047.184284316922,-430.73192044343006,2831.146853602869,3049.183074083066
19051.4596825,-905.0601891098794,-224.95715683077927,3027.330420606456,3167.7230219591893
19051.4768173,-728.0590153244212,-233.67642647538312,3088.3653081186826,3181.615136762534
19051.4949317,-453.4020215194001,-299.07094880991195,3078.7741115096187,3126.318418722217
19051.5064058,-201.4151287903489,-193.56778611020542,3028.202347570916,3041.0600125218257
19051.5233683,-147.355656993805,-47.95598304532116,2913.1079882621457,2917.2266996643652
19051.53598,-207.51861754157156,52.31561786762308,2840.7380502119336,2848.788088015873
19051.5535749,-292.09553309422887,124.68555591783502,2959.320117378546,2976.3134655861627
19051.5655855,-308.6621454189762,150.84336485164656,3080.5179654385392,3099.6156174796915
19051.5827745,-229.3167916530812,103.75930877078578,3073.542549722856,3083.8313815848505
19051.5938666,-146.48373002934463,-59.29103358330617,2992.4533420280404,2996.6230850811844
19051.6113721,4.359634822301924,-246.75533094228888,2807.6048255624387,2818.430779048106
19051.6283596,197.92742093250735,-490.8948809911966,2579.159960873818,2632.9107755324694
19051.640375,356.61812846429734,-832.6902510596674,2141.452624714705,2325.159970336813
19051.6578814,298.19902184545157,-1116.0665145092926,1479.660058689273,1877.2109659595662
19051.6704001,115.96628627323118,-1370.669188131725,693.1819367460059,1540.3517131735307
19051.6876455,1.7438539289207695,-1662.7647212259537,-245.8834039778285,1680.8474670629316
19051.6994444,95.04003912618194,-2111.8071079230517,-1256.4467557874145,2459.1503248561585
19051.7162983,352.2584936419954,-2498.942680143463,-2145.812259537007,3312.5988012683993
19051.7337586,858.848059993479,-2540.7951744375614,-2841.609977176394,3907.42976533017
19051.7454652,1530.2318226279754,-2145.812259537007,-3371.741571568308,4279.574851501557
19051.7622488,1548.5422888816433,-1767.3959569612,-3667.324812520378,4355.564598265674
19051.7742413,864.0796217802413,-1379.3884577763288,-3798.9857841538965,4132.993963027993
19051.79174,202.28705575480927,-912.0356048255625,-3737.078969677209,3852.075832976182
19051.8083835,-81.96113465927617,-347.02693185523316,-3820.783958265406,3837.3865292365003
19051.8195404,-248.49918487120965,98.52774698402348,-4270.6982719269645,4279.056355278271
19051.8365923,-251.9868927290512,375.8005216824258,-4820.012259537007,4841.202496104771
19051.8540906,-161.30648842517118,1035.849233778937,-4459.034496250408,4580.610445899061
19051.8653794,-156.07492663840887,1718.5680469514184,-3005.5322464949463,3465.697563182419
19051.8833484,-234.5483534398435,2134.477208999022,-1378.5165308118683,2551.72759352545
19051.8949912,-644.3540267362243,2080.417737202478,-595.5261167264428,2257.870994707435
19051.9120701,-1135.248907727421,2012.407433974568,-358.3619823932181,2338.1610451885485
19051.9289886,-1179.7171829149006,2145.812259537007,-263.3219432670362,2462.8400944133405
19051.940583,-937.3214867949137,2137.9649168568635,-145.61180306488424,2338.945991789894
19051.9579249,-851.0007173133355,2119.6544506031955,169.15383110531465,2290.360283756106
19051.9689551,-910.2917508966417,2401.2868601238997,915.523312683404,2726.3515166648936
19051.9859422,-817.867492663841,2411.7499836974243,1801.401108575155,3119.3735225837513
19052.0027737,-887.6216498206717,2373.3851972611674,2393.4395174437564,3485.596392508777
19052.0140037,-1164.894424519074,2425.7008151287905,2700.3578089338116,3812.208777213273
19052.0309693,-1355.8464297358983,2415.237691555266,2786.67857841539,3929.0291608915313
19052.0483751,-1357.590283664819,2390.823736550375,2828.531072709488,3944.575711890559
19052.0603283,-1177.9733289859798,2253.9312031300947,2924.4430388001306,3875.589518954804
19052.0775918,-870.183110531464,2054.2599282686665,3077.0302575806977,3800.699633595338
19052.0898164,-681.8468862080209,1831.9185523312683,3195.61232474731,3746.035089088725
19052.106395,-748.9852624714705,1721.1838278447995,3282.8050211933487,3781.568655968869
19052.1233167,-851.8726442777959,1680.2032605151614,3320.297880665145,3817.479275001251
19052.1349227,-872.7988914248451,1695.8979458754484,3215.666644929899,3738.764464233033
19052.1518016,-789.0939028366482,1691.5383110531463,3001.1726116726445,3534.2620290958203
19052.1694551,-673.1276165634171,1443.911053146397,2767.496185197261,3193.276538707551
19052.1814458,-555.4174763612651,1002.7160091294425,2566.0810564069125,2810.4625875578577
19052.1987781,-457.761656341702,665.2802738832736,2375.129051190088,2508.661313657551
19052.2099879,-319.9971959569612,492.6387349201174,2236.492663840887,2312.356063407649
19052.2268035,-211.8782523638735,309.5340723834366,2205.103293120313,2236.779888393378
19052.2447338,-232.80449951092274,139.50831431366157,2124.8860123899576,2142.1487040832776
19052.2565801,-196.18356700358657,143.86794913596347,1826.686990544506,1842.8161438883105
19052.2688254,19.182393218128464,235.4202804043039,1306.1465927616564,1327.3317574811883
19052.2859599,410.67760026084125,228.4448646886208,658.3048581675905,808.8315237709625
19052.3034183,819.6113465927617,3.487707857841539,-38.36478643625693,820.5161670607115
19052.3146862,1111.7068796869905,-343.5392239973916,-776.0149983697424,1398.6102611031088
19052.3313389,952.1442451907402,-878.0304532116074,-1545.0545810238018,2016.1125461539743
19052.348969,514.436909031627,-1498.8424519074015,-2292.2959895663516,2786.7175911447835
19052.3602553,299.07094880991195,-1749.0854907075318,-3007.276100423867,3491.769326631736
19052.3775798,338.3076622106293,-1684.5628953374633,-3618.4969025105966,4005.7114294638027
19052.388898,420.26879686990543,-1593.010564069123,-4118.982980110857,4436.251718433166
19052.4063819,434.2196283012716,-1600.8579067492665,-4501.758917508966,4797.616707759722
19052.4227264,382.7759373981089,-1831.9185523312683,-4548.842973589827,4918.781901955405
19052.4343876,668.7679817411151,-2425.7008151287905,-4187.865210303228,4885.641214578355
19052.4513764,1083.8052168242582,-2877.3589827192695,-3712.665014672318,4820.550795772466
19052.4681731,912.9075317900229,-2794.5259210955332,-3804.2173459406586,4807.790022497818
19052.4793057,394.9829149005543,-2600.958134985328,-4092.825171177046,4865.409808518714
19052.496324,-122.06977502445386,-2262.6504727746983,-4067.5392892076948,4656.110400449105
19052.5134667,141.25216824258234,-2280.089012063906,-3807.7050537985,4440.425188502833
19052.5255243,1068.1105314639713,-2692.5104662536683,-3384.8204760352137,4455.051332285302
19052.5427214,1307.8904466905772,-2733.491033583306,-2997.684903814803,4262.471751669912
19052.5541492,448.17045973263777,-2012.407433974568,-2282.7047929572873,3075.9358922258507
19052.5720118,-434.2196283012716,-838.7937398108901,-1245.98363221389,1563.5206539387166
19052.5896112,-621.6839256602543,-511.82112813824585,-352.2584936419954,878.9413046250467
19052.6016433,-362.72161721552004,-772.5272905119009,216.2378871861754,880.4113868163237
19052.618896,-211.0063253994131,-626.0435604825562,675.7433974567982,945.0308715521919
19052.6305051,-128.17326377567656,-236.29220736876428,997.4844473426801,1033.0719314261928
19052.6471499,-182.2327355722204,-38.36478643625693,1167.5102054124552,1182.2693037098898
19052.6640211,-356.61812846429734,6.975415715683078,1170.1259863058362,1223.2824570809437
19052.6756369,-655.6890772742094,-77.60149983697424,1135.248907727421,1313.2936614976693
19052.6932513,-950.4003912618194,-241.52376915552657,1129.1454189761982,1495.5146311462972
19052.7048804,-1128.273492011738,-311.27792631235735,1211.1065536354745,1684.2428876039462
19052.7221696,-1109.9630257580698,-276.400847733942,1355.8464297358983,1773.9038554007468
19052.7340515,-934.7057059015325,-232.80449951092274,1503.2020867297033,1785.3540839805273
19052.7508081,-737.6502119334855,-154.3310727094881,1636.6069122921422,1801.7846987172459
19052.7679406,-637.3786110205413,-50.57176393870232,1739.4942940984677,1853.280711682791
19052.7790422,-558.9051842191067,61.03488751222693,1802.2730355396152,1887.9322967399553
19052.7962424,-462.9932181284643,115.96628627323118,1851.9728725138573,1912.4890640503502
19052.8137582,-316.50948809911966,42.724421258558856,1978.402282360613,2004.015774159058
19052.825833,-126.42940984675579,-111.60665145092925,2130.11757417672,2136.7829370665618
19052.843556,-6.975415715683078,-177.87310074991848,2285.3205738506686,2292.2429237888264
19052.8561016,58.41910661884578,-191.82393218128465,2403.902641017281,2412.2514629419325
19052.8735465,103.75930877078578,-231.93257254646235,2468.4252363873493,2481.4676826423815
19052.8854792,116.83821323769156,-275.5289207694816,2449.2428431692206,2467.459798875884
19052.9030505,85.44884251711771,-387.13557222041084,2365.537854581024,2398.529715767919
19052.914314,115.09435930877079,-576.3437235083143,2193.768242582328,2271.1314143692525
19052.9311446,361.84969025105966,-735.0344310401043,1876.386827518748,2047.446785544159
19052.9476887,630.4031953048582,-897.2128464297359,1404.6743397456798,1781.9958140212018
19052.9593801,812.6359308770786,-1137.864688620802,796.0693185523313,1608.9871241569786
19052.9762338,767.2957287251386,-1324.4570590153244,68.8822301923704,1532.212125696582
19052.9936734,650.457515487447,-1546.7984349527226,-786.4781219432671,1853.1670766883658
19053.0055058,874.5427453537659,-1743.8539289207695,-1686.306749266384,2578.6589521463798
19053.0224101,1075.9578741441148,-1838.0220410824911,-2717.7963482230193,3452.8868155287323
19053.0340004,1091.6525595044018,-1711.5926312357353,-3602.80221715031,4135.388550290791
19053.050667,982.6616889468536,-1337.5359634822303,-3961.164199543528,4294.8164412786655
19053.0681863,671.3837626344963,-872.7988914248451,-3528.688425171177,3696.508631606145
19053.0794474,197.05549396804696,-235.4202804043039,-3192.1246168894686,3206.8540886483074
19053.0967796,-121.19784805999348,447.2985327681774,-3170.326442777959,3204.0185157967
19053.1142264,-267.68157808933813,993.9967394848386,-3307.2189761982395,3463.7234736451783
19053.1260566,-388.8794261493316,1526.7441147701338,-3471.1412455167915,3811.9543998315794
19053.1431019,-857.1042060645582,1955.732181284643,-3329.017150309749,3954.980552673096
19053.1543569,-1044.568503423541,2021.9986305836323,-2299.2714052820347,3235.15854566267
19053.1711912,-866.6954026736224,2021.1267036191718,-898.0847733941963,2375.4305574570258
19053.188191,-914.6513857189436,2094.368568633844,105.50316269970655,2287.815065956731
19053.1997172,-1165.7663514835344,2143.1964786436256,490.0229540267362,2488.4583234996635
19053.2173559,-1279.1168568633843,2117.0386697098143,616.452363873492,2549.118706432476
19053.2289479,-1194.539941310727,2127.501793283339,649.5855885229867,2524.9061346171293
19053.2463428,-934.7057059015325,2033.3336811216172,710.6204760352135,2347.9995903724052
19053.2635175,-639.9943919139224,1820.5835017932834,864.0796217802413,2114.4149785363916
19053.2748646,-660.9206390609717,1653.1735246168896,953.888099119661,2019.8270468713686
19053.29158,-1001.8440821649821,1531.975676556896,1008.8194978806652,2090.061677997841
19053.3088794,-1329.6886208020867,1413.3936093902837,1110.8349527225303,2236.00259739248
19053.3202348,-1404.6743397456798,1221.569677208999,1345.3833061623736,2296.8236148030305
19053.3374708,-1286.0922725790674,1035.849233778937,1661.020867297033,2342.2227243164107
19053.3488016,-1105.603390935768,962.6073687642647,1977.5303553961526,2461.6250955336727
19053.3660648,-895.4689925008151,1005.3317900228236,2285.3205738506686,2652.4039756089323
19053.3827352,-655.6890772742094,1063.7508966416694,2563.465275513531,2851.814922979106
19053.3938685,-489.15102706227583,1094.2683403977828,2769.240039126182,3017.5126051721104
19053.4108003,-434.2196283012716,1127.4015650472775,2825.915291816107,3073.3334038130747
19053.427603,-508.3334202804043,1157.9190088033909,2726.515617867623,3005.5060658062675
19053.4391494,-597.2699706553635,1082.0613628953374,2605.3177698076297,2883.6207955611944
19053.4557522,-480.431757417672,944.2969025105967,2577.4161069448974,2786.6799425060517
19053.472484,-292.09553309422887,829.2025432018258,2564.3372024779915,2710.852623459754
19053.4845413,-15.694685360286925,626.0435604825562,2598.3423540919466,2672.743880703558
19053.5013338,248.49918487120965,446.426605803717,2668.0965112487775,2716.576439673469
19053.5179893,399.34254972285623,326.1006847081839,2684.6631235735244,2733.721312727735
19053.5292925,446.426605803717,257.2184545158135,2560.84949462015,2612.1654200699477
19053.5470055,494.38258884903814,160.4345614607108,2280.9609390283667,2339.430742304917
19053.5640564,533.6193022497555,4.359634822301924,1799.6572546462342,1877.1080950094804
19053.5758248,526.6438865340724,-208.39054450603194,1138.7366155852626,1271.8103168074285
19053.5931716,546.6982067166613,-480.431757417672,372.3128138245843,817.5025590789461
19053.6043085,609.4769481578089,-699.2854254972286,-416.7810890120639,1016.9408698674071
19053.6212999,699.2854254972286,-843.153374633192,-1105.603390935768,1556.3632537158053
19053.6385079,811.7640039126183,-970.4547114444082,-1610.4491033583306,2047.9964500751817
19053.6497742,860.5919139223997,-1180.5891098793609,-2130.11757417672,2582.9847015595883
19053.666778,853.6164982067166,-1498.8424519074015,-2675.0719269644605,3182.954545086034
19053.6846612,851.8726442777959,-1809.2484512552983,-3274.0857515487446,3836.4963793718152
19053.6961825,786.4781219432671,-1815.351940006521,-3832.119008803391,4312.677428235635
19053.7134333,687.0784479947832,-1522.3844799478318,-4187.865210303228,4508.652383823026
19053.7249909,468.22477991522663,-1266.0379523964787,-4259.36322138898,4468.138493059055
19053.7431489,365.3373981089012,-1355.8464297358983,-4197.456406912293,4426.10791140632
19053.7547201,595.5261167264428,-1651.4296706879688,-4003.8886208020867,4371.841191159657
19053.7718827,910.2917508966417,-1807.5045973263775,-3886.178480599935,4381.562178514015
19053.7882944,1252.0871209651125,-1760.420541245517,-3872.227649168569,4434.066937644424
19053.8003718,994.868666449299,-1791.8099119660906,-4049.228822954027,4538.347770361389
19053.8180893,210.13439843495271,-1521.5125529833715,-3895.769677208999,4187.622033105746
19053.8297181,-252.85881969351158,-1195.4118682751875,-3315.938245842843,3533.8921273509864
19053.8461328,198.79934789696773,-1278.244929898924,-2522.484708183893,2834.847506402795
19053.8632167,795.1973915878709,-1365.4376263449626,-2012.407433974568,2558.6212074753903
19053.87502,960.863514835344,-1164.894424519074,-1818.8396478643626,2363.9829481323914
19053.8919703,860.5919139223997,-800.4289533746332,-1610.4491033583306,1993.702903197134
19053.9088897,434.2196283012716,-492.6387349201174,-1364.565699380502,1514.3576713153293
19053.9203278,-123.81362895337463,-339.1795891750897,-997.4844473426801,1060.824128269205
19053.9371177,-385.39171829149006,-535.3631561786763,-494.38258884903814,824.3510354687122
19053.9541543,-567.6244538637105,-827.4586892729052,44.46827518747962,1004.4216398382998
19053.9656576,-789.0939028366482,-873.6708183893055,476.9440495598305,1270.2147506660212
19053.9825355,-923.3706553635475,-810.8920769481579,773.3992174763613,1452.0005775607847
19053.9941189,-951.2723182262798,-777.7588522986632,952.1442451907402,1554.4795011200304
19054.0115784,-835.3060319530485,-663.5364199543528,1150.0716661232475,1568.6559803993
19054.0292653,-759.4483860449951,-595.5261167264428,1375.9007499184872,1680.6296678316376
19054.0406554,-752.472970329312,-600.7576785132051,1611.321030322791,1877.093716927659
19054.0580116,-784.7342680143463,-572.8560156504728,1906.9042712748615,2140.1532155126783
19054.0694512,-826.5867623084448,-589.42262797522,2240.852298663189,2460.0983180387057
19054.0864368,-666.152200847734,-549.3139876100424,2553.874078904467,2695.881566867963
19054.1037173,-377.5443756113466,-408.9337463319205,2821.555656993805,2875.9247017191815
19054.1157062,-49.69983697424193,-228.4448646886208,3041.281252037822,3050.2538884484043
19054.1329658,206.6466905771112,-86.3207694815781,3227.001695467884,3234.7633719521064
19054.1448553,312.14985327681774,-57.547179654385396,3415.3379197913273,3430.055730618886
19054.1620901,220.59752200847734,-130.78904466905772,3608.9057059015327,3618.0062790175425
19054.1740034,27.901662862732312,-252.85881969351158,3782.419171829149,3790.9643729410077
19054.1916295,-136.02060645582003,-403.70218454515816,3880.074991848712,3903.390705727128
19054.2091756,-171.7696119986958,-505.71763938702315,3833.862862732312,3870.886149272717
19054.2216506,7.847342680143463,-482.17561134659275,3621.984610368438,3653.9468275702106
19054.2392387,162.17841538963157,-450.7862406260189,3266.2384088686013,3301.185153353947
19054.2510874,258.9623084447343,-656.5610042386697,2788.4224323443104,2876.357677807626
19054.2685089,316.50948809911966,-1013.1791327029671,2178.9454841865013,2423.7395969984586
19054.2804333,378.416302575807,-1525.000260841213,1390.7235083143137,2098.3175570439726
19054.2979865,456.8897293772416,-2116.166742745354,480.431757417672,2217.5943230102575
19054.3093783,483.9194652755135,-2605.3177698076297,-680.1030322791001,2735.762940216708
19054.3260976,322.61297685034236,-2702.101662862732,-2286.192500815129,3554.167790082668
19054.3437247,85.44884251711771,-2204.231366155853,-4103.2882947505705,4658.638454534743
19054.3552858,74.98571894359308,-1387.2358004564721,-5299.572089990219,5478.641287866627
19054.3723209,342.66729703293123,-830.9463971307466,-5130.4182588849035,5208.558754824604
19054.3886896,524.0281056406913,-511.82112813824585,-4099.800586892729,4164.724621748243
19054.4004988,-154.3310727094881,149.09951092272578,-3566.181284642974,3572.631760915036
19054.4179652,-851.0007173133355,974.8143462667101,-3455.446560156505,3689.7935119261924
19054.4295186,-809.1482230192371,1464.8373002934463,-3336.8644929898924,3732.9792134062136
19054.4472769,-627.787414411477,1777.8590805347246,-3208.691229214216,3721.6393366861143
19054.4589085,-736.7782849690251,1782.2187153570264,-2787.55050537985,3389.6288308034855
19054.4762829,-915.523312683404,1701.1295076622107,-2081.2896641669386,2839.681532157083
19054.4932036,-986.1493968046951,1731.646951418324,-1221.569677208999,2337.375509722633
19054.504534,-910.2917508966417,1646.1981089012065,-476.0721225953701,1940.4236525596268
19054.5212645,-904.188262145419,1660.1489403325725,7.847342680143463,1890.4265387144924
19054.5385298,-973.0704923377893,1742.1100749918487,288.6078252363873,2016.2113414109865
19054.5502941,-910.2917508966417,1760.420541245517,440.3231170524943,2030.1714216293306
19054.5679398,-823.0990544506033,1678.4594065862407,528.3877404629932,1942.6558205886342
19054.5793671,-730.6747962178024,1559.005412455168,555.4174763612651,1809.1080970853984
19054.5961963,-819.6113465927617,1456.989957613303,539.7227910009782,1756.668206342763
19054.6144178,-1023.6422562764917,1384.620019563091,558.0332572546463,1810.0876176616289
19054.6256656,-1262.5502445386371,1370.669188131725,643.482099771764,1971.5061136108436
19054.6425857,-1411.649755461363,1379.3884577763288,784.7342680143463,2123.9763230640533
19054.6544796,-1450.01454189762,1375.0288229540267,943.4249755461364,2209.8183455101303
19054.6719383,-1485.7635474404956,1345.3833061623736,1195.4118682751875,2333.7864285783603
19054.6841651,-1404.6743397456798,1162.278643625693,1519.7686990544507,2373.5413509762157
19054.7015555,-1074.214020215194,823.9709814150636,1890.3376589501142,2325.132341241245
19054.7186516,-656.5610042386697,637.3786110205413,2184.177045973264,2368.1117402331033
19054.730355,-535.3631561786763,631.2751222693186,2319.3257254646232,2462.5989949221816
19054.7472309,-523.1561786762309,681.8468862080209,2382.104466905771,2532.3959514205353
19054.764797,-428.9880665145093,673.9995435278774,2446.6270622758398,2573.769633776137
19054.7763276,-259.83423540919466,614.7085099445712,2550.3863710466253,2636.257010177371
19054.7938775,-131.6609716335181,573.7279426149332,2692.5104662536683,2756.10431124698
19054.8054806,-55.803325725464624,582.447212259537,2866.895859145745,2925.9956653108607
19054.8224824,20.05432018258885,639.9943919139224,3049.1285947179654,3115.63479640442
19054.8339582,69.75415715683079,678.3591783501794,3159.8633192044344,3232.610866365801
19054.8506694,116.83821323769156,704.5169872839908,3175.558004564721,3254.8677382958836
19054.8678837,268.5535050537985,819.6113465927617,3084.005673296381,3202.3389479354846
19054.8789013,573.7279426149332,929.4741441147702,2900.9010107597,3099.727828526514
19054.8961573,1000.9721552005217,942.553048581676,2648.9141180306488,2984.476086280384
19054.9136159,1471.8127160091294,806.5324421258559,2285.3205738506686,2835.3866361526107
19054.9253567,1781.3467883925662,598.1418976198239,1681.9471144440822,2521.8874292861547
19054.9420131,1737.750440169547,420.26879686990543,912.0356048255625,2007.0404575895977
19054.9538301,1240.7520704271276,143.86794913596347,-44.46827518747962,1249.856437578309
19054.9713066,529.2596674274536,-482.17561134659275,-1200.6434300619499,1397.910498527643
19054.9887905,20.926247147049235,-1348.8710140202152,-2341.9958265405935,2702.745894792394
19055.0004831,130.78904466905772,-1920.8551027062276,-3228.7455493968046,3759.2004366018673
19055.0177561,587.6787740462993,-2123.142158461037,-3806.83312683404,4398.303925612711
19055.0289391,1257.3186827518748,-2244.3400065210303,-4167.810890120639,4897.811751249319
19055.0463717,1915.6235409194653,-2264.3943267036193,-4206.175676556896,5146.7474233141875
19055.0634345,2053.388001304206,-2249.571568307793,-3886.178480599935,4937.545717045756
19055.075338,1591.2667101402021,-2339.3800456472122,-3662.9651776980763,4628.406057575488
19055.0922686,1047.184284316922,-2323.6853602869255,-3812.0646886208024,4585.623814614729
19055.1038803,639.122464949462,-2357.69051190088,-4218.382654059342,4874.6214510646105
19055.1211945,489.15102706227583,-2112.6790348875124,-4567.153439843495,5055.845327420883
19055.1383598,367.08125203782197,-1484.8916204760353,-4308.191131398761,4571.669563170608
19055.1499965,366.2093250733616,-1059.3912618193674,-3394.411672644278,3574.695751917028
19055.1669383,965.2231496576459,-880.6462341049886,-2280.9609390283667,2628.683382161399
19055.1841694,1266.9098793609392,-840.5375937398109,-1407.290120639061,2071.721403220173
19055.1954629,1280.860710792305,-647.8417345940659,-1083.8052168242582,1798.593011647909
19055.2133694,1034.9773068144766,-421.1407238343658,-1019.2826214541898,1512.4399483256207
19055.2250413,619.0681447668732,-119.45399413107272,-1029.7457450277143,1207.4315400806984
19055.2425142,-44.46827518747962,75.85764590805347,-931.217998043691,935.3602353218575
19055.2543672,-547.5701336811217,149.97143788718617,-562.3928920769482,799.1309332895239
19055.2720001,-769.0395826540594,20.05432018258885,-24.413955004890774,769.6883113609667
19055.2894829,-794.3254646234105,-250.24303880013042,483.04753831105313,962.7613652850268
19055.3009003,-925.1145092924683,-326.9726116726443,862.3357678513205,1306.2813328694554
19055.3179844,-1062.0070427127487,-174.38539289207696,1099.4999021845451,1538.5607751822565
19055.3292439,-1100.3718291490056,-50.57176393870232,1164.0224975546137,1602.5991515366156
19055.346278,-1009.6914248451255,-213.62210629279426,1240.7520704271276,1613.8701552392479
19055.3637007,-831.818324095207,-414.1653081186828,1345.3833061623736,1635.0874188403511
19055.374861,-808.2762960547767,-468.22477991522663,1429.960221715031,1708.0196869409883
19055.3923395,-900.7005542875775,-435.96348223019237,1556.3896315617867,1850.3173596886722
19055.4038015,-952.1442451907402,-339.1795891750897,1722.05575480926,1996.7717646327326
19055.4211708,-839.6656667753505,-224.95715683077927,1962.7075970003261,2146.593875350779
19055.4383679,-598.1418976198239,-151.71529181610694,2209.462927942615,2294.017804946562
19055.4501992,-360.1058363221389,-97.6558200195631,2422.213107270949,2450.7813467488577
19055.4676098,-264.1938702314966,-61.906814476687316,2589.6230844473425,2603.8007938874885
19055.4788639,-308.6621454189762,-112.47857841538963,2731.7471796543855,2751.4298835635777
19055.4963352,-341.79537006847085,-183.97658950114118,2896.5413759373982,2922.4344993518725
19055.5135077,-274.6569938050212,-268.5535050537985,3103.1880665145095,3126.872818884828
19055.5250684,-107.24701662862732,-455.14587544832085,3238.336746005869,3271.9236805043665
19055.5425809,94.16811216172155,-749.8571894359309,3241.8244538637105,3328.7504003102426
19055.5546079,141.25216824258234,-1023.6422562764917,3130.217802412781,3296.3706002829776
19055.5719198,64.52259537006847,-1085.549070753179,2891.3098141506357,3089.053640151003
19055.5836779,37.49285947179654,-1075.9578741441148,2653.273752852951,2863.381334894547
19055.6009632,85.44884251711771,-1552.029996739485,2402.15878708836,2861.20000242075
19055.6185815,-51.443690903162704,-2555.617932833388,1946.1409846755787,3212.677108610103
19055.6305508,-200.5432018258885,-3533.9199869579393,1152.6874470166285,3722.565835620519
19055.6477098,-421.1407238343658,-3849.5575480925986,69.75415715683079,3873.1535559268873
19055.659116,-478.6879034887512,-3247.056015650473,-1092.524486468862,3459.208671250179
19055.6761159,-38.36478643625693,-2153.65960221715,-2083.033518095859,2996.4562697578694
19055.6931775,284.24819041408546,-1315.7377893707205,-3114.5231170524944,3392.9658428558073
19055.7041984,117.71014020215195,-700.157352461689,-3709.1773068144767,3776.5158928170904
19055.7219897,-225.82908379523965,-215.36596022171503,-3840.838278447995,3853.49451188157
19055.7392228,-472.58441473752856,322.61297685034236,-3989.0658624062603,4029.8959808536065
19055.750777,-533.6193022497555,1175.3575480925986,-3232.233257254646,3480.4520905903505
19055.7682776,-272.04121291164006,1608.7052494294098,-2132.733355070101,2685.235662822305
19055.780709,-6.103488751222693,1710.7207042712748,-1688.0506031953048,2403.3554501041613
19055.7976312,-40.1086403651777,1711.5926312357353,-1572.9562438865341,2324.94072688188
19055.8094269,53.18754483208347,1609.5771763938703,-1470.9407890446691,2181.1085270037993
19055.8268992,130.78904466905772,1525.8721878056733,-1396.8269970655365,2072.8042279615897
19055.8439666,108.99087055754809,1634.8630583632214,-1224.1854581023802,2045.308354575166
19055.8557545,130.78904466905772,1906.9042712748615,-789.9658298011086,2068.1962397860384
19055.8727921,75.85764590805347,2161.506944897294,-207.51861754157156,2172.7702667121325
19055.8838667,-102.88738180632541,2315.8380176067817,223.2133029018585,2328.8442875641613
19055.901245,-396.7267688294751,2333.2765568959894,395.8548418650147,2399.640113828375
19055.9183995,-661.792566025432,2212.078708835996,428.9880665145093,2348.4659622280906
19055.9297574,-895.4689925008151,2019.382849690251,449.91431366155854,2254.3723516294053
19055.9466029,-1054.159700032605,1742.1100749918487,621.6839256602543,2129.011763702888
19055.9635211,-1021.8984023475709,1465.7092272579068,931.217998043691,2014.8813472435513
19055.9746938,-907.6759700032605,1259.0625366807956,1335.7921095533095,2047.792640317696
19055.9917197,-801.3008803390936,1243.3678513205086,1719.4399739158787,2268.153552656747
19056.0089222,-675.7433974567982,1343.6394522334529,2001.9443104010434,2503.952303609591
19056.0203248,-532.7473752852951,1464.8373002934463,2137.0929898924032,2645.1341231876345
19056.0374788,-417.6530159765243,1542.4388001304205,2096.112422562765,2635.7615184086744
19056.0542327,-311.27792631235735,1557.2615585262472,1962.7075970003261,2524.713571951423
19056.0653858,-129.04519074013695,1335.7921095533095,1942.6532768177372,2361.1215502656214
19056.0822892,103.75930877078578,977.4301271600913,2023.7424845125531,2249.8153904838114
19056.0994618,181.36080860776002,750.7291164003913,2172.841995435279,2306.020009938625
19056.1111047,109.86279752200848,709.7485490707531,2338.508118682752,2446.310090387673
19056.1281343,46.21212911640039,653.0732963808282,2456.2182588849037,2541.977267129425
19056.1397375,34.87707857841539,650.457515487447,2504.174241930225,2587.508458732277
19056.1568031,68.01030322791001,763.808020867297,2490.223410498859,2605.6171492149297
19056.1737376,154.3310727094881,893.7251385718944,2535.563612650799,2692.887954802016
19056.1850952,265.93772416041736,908.5478969677209,2438.779719595696,2616.0712289475896
19056.2020375,254.60267362243235,639.9943919139224,2204.231366155853,2309.3400049889274
19056.2190239,145.61180306488424,149.09951092272578,1847.6132376915552,1859.3300238102631
19056.2304217,-32.261297685034236,-254.60267362243235,1191.0522334528855,1218.38776075481
19056.2479485,-297.3270948809912,-569.3683077926313,277.2727746984024,699.6169400879065
19056.2597112,-317.38141506358005,-735.0344310401043,-689.6942288881644,1056.7330347840225
19056.2769879,13.07890446690577,-988.7651776980763,-1726.4153896315618,1989.5571698061506
19056.2890086,299.07094880991195,-1465.7092272579068,-2662.864949462015,3054.2751530214773
19056.305697,449.04238669709815,-2006.3039452233454,-3428.4168242582327,3997.6163530942154
19056.3225694,470.8405608086078,-2277.473231170525,-4075.3866318878386,4692.265055575077
19056.3340646,504.84571242256277,-2200.7436582980113,-4453.802934463645,4993.445946631177
19056.3515988,374.92859471796544,-1936.5497880665146,-4520.069383762635,4931.7161076876655
19056.369187,375.8005216824258,-1851.9728725138573,-4418.92585588523,4806.031135192013
19056.3808102,401.086403651777,-1893.8253668079558,-4493.039647864362,4892.325633115678
19056.3975563,634.7628301271601,-2050.772220410825,-4637.779523964787,5110.537101267031
19056.4089787,881.518161069449,-2171.098141506358,-4637.779523964787,5196.127435047631
19056.4258235,953.888099119661,-1729.9030974894033,-4038.765699380502,4496.008853064908
19056.4431984,602.5015324421258,-967.838930551027,-2981.1182914900555,3191.6745698679642
19056.4547026,588.5507010107597,-522.2842517117705,-2006.3039452233454,2155.093568239008
19056.4715945,1044.568503423541,-662.6644929898924,-1289.579980436909,1786.9706529648734
19056.4888456,1392.4673622432344,-857.1042060645582,-826.5867623084448,1832.167746302108
19056.5001719,1395.0831431366157,-739.3940658624063,-513.5649820671666,1660.3341686847648
19056.5171533,970.4547114444082,-708.0046951418324,-252.85881969351158,1227.5954455781937
19056.5340485,289.4797522008477,-763.808020867297,60.162960547766545,819.0365080369456
19056.5459515,-432.4757743723508,-833.5621780241278,422.8845777632866,1029.8992990391466
19056.5636826,-946.9126834039779,-859.7199869579393,771.6553635474405,1493.72490307212
19056.5759787,-1225.0573850668407,-884.1339419628301,1016.6668405608086,1821.0079320896532
19056.593226,-1128.273492011738,-806.5324421258559,1159.6628627323116,1807.847783464736
19056.6053544,-817.867492663841,-647.8417345940659,1196.2837952396478,1587.3566289246603
19056.6223043,-435.091555265732,-432.4757743723508,1186.6925986305837,1335.881462004442
19056.6397397,-238.90798826214544,-198.79934789696773,1210.234626671014,1249.5063261837668
19056.6519334,-425.50035865666774,-110.73472448646886,1308.7623736550374,1380.641765672477
19056.6686746,-743.7537006847082,-71.49801108575156,1481.4039126181938,1659.168190748578
19056.6801185,-943.4249755461364,-121.19784805999348,1721.1838278447995,1966.5231684607932
19056.6978519,-893.7251385718944,-224.08522986631888,1973.1707205738508,2177.696376010559
19056.7095481,-595.5261167264428,-231.93257254646235,2212.078708835996,2302.549953420517
19056.7262261,-219.72559504401696,-163.05034235409195,2351.587023149658,2367.451431118515
19056.7435011,30.517443756113465,-25.28588196935116,2423.9569611998695,2424.280932554988
19056.7552737,149.09951092272578,69.75415715683079,2487.6076296054775,2493.0479388630774
19056.7728252,116.83821323769156,39.23671340071731,2551.2582980110856,2554.233660204463
19056.7842685,-86.3207694815781,-79.34535376589501,2589.6230844473425,2592.275965230302
19056.8012005,-224.95715683077927,-321.741049885882,2594.854646234105,2624.3844346196274
19056.8177017,-199.67127486142812,-655.6890772742094,2493.7111183567004,2586.192553905706
19056.8288393,8.719269644603848,-1002.7160091294425,2297.5275513531137,2506.8203505345664
19056.8454188,207.51861754157156,-1234.6485816759048,2037.6933159439193,2391.57168964328
19056.8616199,455.14587544832085,-1354.974502771438,1766.5240299967395,2272.382190489585
19056.8787768,554.5455493968047,-1588.650929246821,1346.2552331268341,2154.932874609782
19056.8900783,572.8560156504728,-1982.7619171829149,708.8766221062928,2182.204138083014
19056.9067533,503.101858493642,-2327.173068144767,-72.36993805021193,2382.0334542259216
19056.9235912,325.2287577437235,-2497.198826214542,-991.3809585914574,2706.402026227539
19056.9345695,262.4500163025758,-2333.2765568959894,-2001.9443104010434,3085.585928792899
19056.9515998,298.19902184545157,-1878.1306814476688,-2850.329246820998,3426.4667411938826
19056.9690385,389.751353113792,-993.9967394848386,-3260.1349201173784,3430.512400900085
19056.9805892,275.5289207694816,-140.38024127812196,-3110.1634822301926,3125.498309793166
19056.9976937,68.01030322791001,345.2830779263124,-2741.33837626345,2763.8346365913694
19057.0093147,-156.94685360286925,748.9852624714705,-2366.4097815454843,2487.067850391188
19057.02643,-335.69188131724815,1312.250081512879,-2204.231366155853,2587.1461557395955
19057.0436597,-396.7267688294751,1926.08666449299,-2202.487512226932,2952.6518944432287
19057.0553935,-441.1950440169547,2234.748809911966,-2078.6738832735573,3083.77048809921
19057.0732857,-422.8845777632866,2186.792826866645,-1647.0700358656668,2770.1505260169483
19057.0848358,-281.6324095207043,2082.161591131399,-925.9864362569286,2296.119462442467
19057.1021225,-329.58839256602545,2150.1718943593087,-306.04636452559504,2196.7093710926547
19057.1189611,-548.442060645582,2154.531529181611,13.950831431366156,2223.283479410678
19057.1306944,-715.8520378219758,2163.2507988262146,122.06977502445386,2281.885007762366
19057.1481689,-769.9115096185197,2151.0438213237694,93.29618519726117,2286.582041403849
19057.1592743,-750.7291164003913,2046.412585588523,23.542028040430388,2179.8974525767658
19057.1763284,-721.9555265731985,1889.4657319856537,116.83821323769156,2026.0680400150047
19057.1929979,-707.132768177372,1838.0220410824911,401.086403651777,2009.7840875401405
19057.2038989,-687.0784479947832,1786.5783501793283,742.0098467557874,2052.9290313381407
19057.2204989,-700.157352461689,1702.8733615911315,1041.9527225301597,2115.57639422708
19057.2373935,-748.9852624714705,1616.5525921095534,1208.4907727420932,2152.828640244819
19057.2487487,-852.7445712422563,1511.9213563743072,1264.294098467558,2147.444774392058
19057.2654872,-935.5776328659929,1343.6394522334529,1313.1220084773395,2098.8001081248563
19057.2831383,-851.0007173133355,1118.6822954026736,1458.7338115422237,2025.723730386676
19057.2953493,-711.4924029996739,995.7405934137594,1637.4788392566027,2044.27437442027
19057.3130694,-530.131594391914,959.9915878708836,1838.0220410824911,2140.3150187905567
19057.3242957,-352.2584936419954,986.1493968046951,1981.0180632539941,2240.7608632113775
19057.3412983,-206.6466905771112,1008.8194978806652,2107.44747310075,2345.581907738335
19057.3585779,-260.70616237365505,955.6319530485817,2224.2856863384413,2434.8813004409712
19057.3709366,-540.5947179654386,777.7588522986632,2317.5818715357027,2503.664756450431
19057.3878493,-805.6605151613956,570.2402347570917,2454.474404955983,2645.5070205179904
19057.3996368,-905.9321160743398,499.61415063580046,2571.3126181936746,2771.63776113194
19057.4176675,-828.3306162373656,494.38258884903814,2633.219432670362,2804.3520347035737
19057.4289117,-682.7188131724813,591.1664819041408,2581.775741767199,2735.1688737560853
19057.4461267,-442.06697098141507,724.5713074665797,2402.15878708836,2547.7035983061946
19057.4629264,-177.0011737854581,796.9412455167917,2099.6001304206065,2252.724011500191
19057.4739907,173.51346592761658,763.808020867297,1708.1049233778938,1879.1306619996471
19057.4910026,531.8754483208347,667.0241278121944,1160.5347896967721,1440.3658138496062
19057.5084124,681.8468862080209,466.48092598630586,371.4408868601239,905.8079062207673
19057.5198187,641.7382458428432,116.83821323769156,-551.0578415389632,853.8992264732453
19057.5367386,572.8560156504728,-232.80449951092274,-1409.9059015324422,1539.5442834928374
19057.5539074,604.2453863710466,-558.0332572546463,-2129.2456472122594,2282.586390331214
19057.5653752,522.2842517117705,-815.2517117704598,-2849.457319856537,3009.4556336345595
19057.5824755,315.6375611346593,-1153.559373981089,-3578.388262145419,3772.9549233934385
19057.594275,458.6335833061624,-1460.4776654711445,-4138.165373328986,4412.227604294153
19057.611864,969.5827844799478,-1596.4982719269644,-4466.881838930551,4841.686779542151
19057.6281739,1421.240952070427,-1702.001434626671,-4528.788653407239,5042.485636523266
19057.6394824,1264.294098467558,-1759.5486142810564,-4543.611411803065,5033.771504042006
19057.656445,494.38258884903814,-1729.9030974894033,-4629.932181284643,4967.217618964935
19057.6738077,-105.50316269970655,-1623.5280078252365,-4872.32787740463,5136.784310681823
19057.6854969,-223.2133029018585,-1473.5565699380502,-4847.913922399739,5071.830295110156
19057.7016083,154.3310727094881,-1191.0522334528855,-4167.810890120639,4337.403730185254
19057.7184499,590.2945549396804,-974.8143462667101,-3355.1749592435604,3543.431906840296
19057.7295932,886.7497228562113,-961.7354417998043,-2920.0834039778288,3199.7104895890466
19057.7466075,1209.3626997065537,-1061.1351157482882,-2672.4561460710793,3119.3889988247283
19057.7640387,1397.6989240299968,-1139.6085425497229,-2590.4950114118033,3156.4116202796417
19057.7752438,1210.234626671014,-958.2477339419628,-2323.6853602869255,2789.6989487774867
19057.7924689,885.0058689272905,-581.5752852950766,-1604.345614607108,1922.3397336607431
19057.8089952,797.8131724812521,-440.3231170524943,-620.8119986957939,1102.6322339384476
19057.8204604,731.5467231822628,-601.6296054776655,195.3116400391262,967.0912196482246
19057.8371832,338.3076622106293,-781.2465601565048,692.3100097815455,1097.3109913376954
19057.84874,-186.59237039452233,-823.9709814150636,926.858363221389,1254.1177442237959
19057.8656937,-455.14587544832085,-855.3603521356374,1002.7160091294425,1394.3595285677566
19057.8825841,-456.8897293772416,-898.9567003586567,1020.1545484186502,1434.4290420196437
19057.8945647,-347.02693185523316,-831.818324095207,1042.8246494946202,1378.3441752069737
19057.9117261,-367.08125203782197,-655.6890772742094,1139.6085425497229,1365.058402379423
19057.9288604,-535.3631561786763,-420.26879686990543,1416.0093902836647,1571.0894831255118
19057.9400804,-679.2311053146398,-266.80965112487775,1776.9871535702641,1920.995999036457
19057.9570233,-685.3345940658625,-211.0063253994131,2110.9351809585914,2229.40676265922
19057.9687882,-578.087577437235,-165.6661232474731,2323.6853602869255,2400.2383559119453
19057.985912,-452.5300945549397,-20.926247147049235,2392.5675904792956,2435.0772203996867
19058.0041026,-269.4254320182589,65.39452233452886,2409.134202804043,2425.034868633822
19058.0158914,-116.83821323769156,108.99087055754809,2449.2428431692206,2454.449160759521
19058.0334271,-115.96628627323118,81.08920769481578,2531.203977828497,2535.1562509106584
19058.0453772,-141.25216824258234,-3.487707857841539,2717.7963482230193,2721.466760692423
19058.0627595,-50.57176393870232,-61.906814476687316,3009.891881317248,3010.953186983485
19058.0739364,2.6157808933811544,-136.02060645582003,3222.642060645582,3225.512408708467
19058.0915199,-24.413955004890774,-260.70616237365505,3294.1400717313336,3304.5306106139637
19058.1093258,-59.29103358330617,-399.34254972285623,3301.1154874470167,3325.7109555920647
19058.1209666,-9.591196609064232,-496.9983697424193,3236.5928920769484,3274.5431619726805
19058.1386623,181.36080860776002,-627.787414411477,3036.92161721552,3106.4290897593714
19058.1504416,599.8857515487447,-946.9126834039779,2614.908966416694,2845.0405001596987
19058.1677769,1009.6914248451255,-1453.5022497554614,2053.388001304206,2710.8205118284855
19058.1796071,959.1196609064232,-2003.6881643299641,1306.1465927616564,2576.9547348752785
19058.197208,583.3191392239974,-2519.868927290512,235.4202804043039,2597.195282864749
19058.2140713,178.74502771437886,-2730.0033257254645,-912.9075317900229,2884.14079146696
19058.2256863,298.19902184545157,-2437.0358656667754,-1865.9237039452235,3083.7862662837797
19058.2431474,844.8972285621128,-1831.9185523312683,-2503.3023149657647,3215.011569080333
19058.2547433,868.4392566025432,-1300.0431040104336,-3093.596869905445,3466.2141318998497
19058.2716043,410.67760026084125,-621.6839256602543,-3519.097228562113,3597.1088805947884
19058.2895643,-80.2172807303554,190.08007825236388,-3363.022301923704,3369.3447807418593
19058.3010326,-154.3310727094881,803.9166612324748,-2755.289207694816,2874.3205625417563
19058.3181786,-81.08920769481578,1157.0470818389306,-2164.122725790675,2455.3534534726805
19058.3294543,-65.39452233452886,1438.6794913596348,-1657.5331594391914,2195.789447340215
19058.3467274,-52.31561786762308,1667.996283012716,-1202.3872839908706,2056.8625877097506
19058.3643389,-37.49285947179654,1724.671535702641,-854.488425171177,1925.1098901947898
19058.376393,26.15780893381154,1726.4153896315618,-496.9983697424193,1796.7197077038861
19058.3936105,-114.2224323443104,1791.8099119660906,-79.34535376589501,1797.1992682601488
19058.4054546,-442.93889794587545,1838.0220410824911,327.8445386371047,1918.8543280647255
19058.4226376,-719.3397456798174,1868.5394848386045,687.9503749592436,2117.1124661959234
19058.4349278,-879.7743071405282,1944.397130746658,908.5478969677209,2319.513378845852
19058.4523036,-894.5970655363548,2008.9197261167265,964.3512226931855,2401.257099178887
19058.4691796,-780.3746331920444,1924.3428105640692,947.7846103684383,2282.624692837281
19058.4804099,-600.7576785132051,1824.071209651125,944.2969025105967,2140.0565894998667
19058.4970912,-515.3088359960874,1715.0803390935769,912.9075317900229,2010.0855523086404
19058.5141824,-575.4717965438539,1466.581154222367,978.3020541245517,1854.4818628506289
19058.5257228,-745.497554613629,1260.8063906097163,1157.0470818389306,1866.5897535691088
19058.5432686,-921.6268014346267,1173.6136941636778,1354.974502771438,2015.6192515978412
19058.5552577,-969.5827844799478,1155.3032279100098,1537.2072383436582,2153.5604050026814
19058.5722234,-861.4638408868601,1138.7366155852626,1619.1683730029345,2158.8300648645527
19058.5837541,-658.3048581675905,1075.9578741441148,1652.301597652429,2078.7378869940635
19058.6010168,-421.1407238343658,988.7651776980763,1693.2821649820671,2005.5474504848792
19058.6175256,-303.4305836322139,904.188262145419,1743.8539289207695,1987.6249791893194
19058.6344729,-305.17443756113465,825.7148353439844,1734.2627323117053,1944.8916811311524
19058.6463238,-306.04636452559504,754.2168242582328,1673.2278447994784,1860.698475262936
19058.663694,-154.3310727094881,641.7382458428432,1621.7841538963157,1750.951140954624
19058.6753385,206.6466905771112,490.8948809911966,1623.5280078252365,1708.6614149979553
19058.6930315,646.0978806651451,329.58839256602545,1660.1489403325725,1811.674773242044
19058.7044322,917.2671666123248,239.7799152266058,1696.7698728399087,1943.6824493903937
19058.7216349,902.4444082164982,230.18871861754158,1691.5383110531463,1930.9828103482803
19058.7384985,748.9852624714705,248.49918487120965,1559.8773394196282,1748.127021218988
19058.7509149,591.1664819041408,296.4551679165308,1289.579980436909,1449.2687817844542
19058.7684802,539.7227910009782,347.89885881969354,919.8829475057059,1121.837307369351
19058.7801837,598.1418976198239,359.2339093576785,457.761656341702,834.4869473738598
19058.7972388,717.5958917508966,203.15898271926966,-13.07890446690577,745.9145352246111
19058.8144263,713.2362569285947,-204.03090968373004,-533.6193022497555,913.8293768737129
19058.8259311,616.452363873492,-935.5776328659929,-1034.9773068144766,1525.2858911251026
19058.8426975,428.1161395500489,-1594.7544179980437,-1572.0843169220736,2279.9066169867265
19058.8546434,40.980567329638085,-1757.8047603521356,-2332.404629931529,2920.9019737302588
19058.8719597,-198.79934789696773,-1622.656080860776,-3139.8089990218455,3539.905999856109
19058.8895421,49.69983697424193,-1587.7790022823606,-3790.2665145092924,4109.699804717427
19058.9009347,526.6438865340724,-1643.5823280078253,-4299.4718617541575,4632.944521811059
19058.9180631,830.9463971307466,-1799.6572546462342,-4677.016237365504,5079.736118509107
19058.930343,860.5919139223997,-1980.1461362895338,-4789.494815780893,5253.651849310443
19058.9478973,637.3786110205413,-1917.367394848386,-4493.039647864362,4926.454556564515
19058.958969,267.68157808933813,-1661.020867297033,-4196.584479947832,4521.279138273106
19058.9762273,54.93139876100424,-1380.260384740789,-4008.2482556243885,4239.597889773343
19058.9933869,28.773589827192698,-1016.6668405608086,-3805.9611998695796,3939.515203559967
19059.0048431,149.97143788718617,-673.9995435278774,-3352.5591783501795,3422.9256289317427
19059.0217133,424.62843169220736,-367.95317900228235,-2634.9632865992826,2694.2031045682807
19059.0388642,741.137919791327,-169.15383110531465,-2093.4966416693837,2227.2464217978236
19059.0505986,1079.4455820019564,-58.41910661884578,-1490.995109227258,1841.6519682777441
19059.0672575,1531.1037495924356,43.59634822301924,-896.3409194652755,1774.7130408892178
19059.0845523,1674.9716987283991,-35.74900554287578,-532.7473752852951,1758.018187850107
19059.0963661,1347.999087055755,-188.3362243234431,-219.72559504401696,1378.7136791999296
19059.114038,596.3980436909031,-380.16015650472775,28.773589827192698,707.8419954930472
19059.1250205,-365.3373981089012,-515.3088359960874,286.8639713074666,693.7618820221498
19059.141887,-933.8337789370721,-540.5947179654386,615.5804369090316,1242.2670606923211
19059.158817,-1055.9035539615259,-559.7771111835671,948.6565373328987,1525.854500041877
19059.1706,-873.6708183893055,-456.01780241278124,1257.3186827518748,1597.5303455707285
19059.1871561,-623.4277795891751,-254.60267362243235,1367.1814802738834,1524.0308126094653
19059.1990255,-340.92344310401046,-19.182393218128464,1309.634300619498,1353.4174373143674
19059.2166112,-265.065797195957,98.52774698402348,1181.4610368438214,1214.8324062803697
19059.2347872,-449.91431366155854,163.92226931855234,1082.0613628953374,1183.2794230810448
19059.2462534,-686.2065210303228,165.6661232474731,1106.4753179002282,1312.4832505669538
19059.2634724,-800.4289533746332,112.47857841538963,1236.3924356048256,1477.1608561099872
19059.2749715,-748.9852624714705,95.91196609064232,1384.620019563091,1577.1336744910766
19059.292519,-527.5158134985328,156.94685360286925,1500.5863058363223,1598.33178958887
19059.3044383,-189.2081512879035,210.13439843495271,1619.1683730029345,1643.6734499444758
19059.3213608,146.48373002934463,237.16413433322467,1719.4399739158787,1741.88924265499
19059.3384676,257.2184545158135,226.70101075970004,1807.5045973263775,1839.7357285705366
19059.3501345,104.63123573524616,113.35050537985002,1896.4411477013368,1902.7046694787175
19059.3678496,-107.24701662862732,-18.31046625366808,2013.2793609390285,2016.216997481479
19059.3798807,-204.03090968373004,-161.30648842517118,2130.11757417672,2145.937854442888
19059.3974969,-73.24186501467231,-374.05666775350505,2162.3788718617543,2195.715178923668
19059.4091361,227.57293772416043,-558.9051842191067,2116.166742745354,2200.5286024119023
19059.4266502,475.2001956309097,-697.5415715683079,1956.6041082491033,2130.8869295227537
19059.4443838,667.0241278121944,-907.6759700032605,1700.2575806977502,2039.5275664538453
19059.4560395,730.6747962178024,-1453.5022497554614,1415.1374633192045,2156.1930544275547
19059.4739616,557.1613302901859,-2109.191327029671,933.8337789370721,2373.007022465759
19059.4858831,245.8834039778285,-2488.4795565699383,347.89885881969354,2524.68270635862
19059.503091,61.906814476687316,-2311.47838278448,-211.8782523638735,2321.994220833328
19059.5148308,269.4254320182589,-1839.7658950114119,-863.2076948157809,2049.9893014975814
19059.5318622,758.5764590805347,-1428.2163677861101,-1742.1100749918487,2377.01235816548
19059.5494767,845.7691555265732,-1143.0962504075644,-2691.6385392892075,3044.1603979296005
19059.561153,183.1046625366808,-651.3294424519074,-3165.9668079556573,3237.45319489322
19059.5785084,-596.3980436909031,204.90283664819043,-2590.4950114118033,2666.1470707997805
19059.5895647,-686.2065210303228,859.7199869579393,-1576.4439517443757,1922.2833762145792
19059.6065545,-407.1898924029997,1260.8063906097163,-842.2814476687316,1569.9918471649469
19059.6237381,-305.17443756113465,1480.5319856537333,-460.37743723508316,1580.2068796836963
19059.6358462,-450.7862406260189,1635.734985327682,-245.8834039778285,1714.4374661428787
19059.6530179,-600.7576785132051,1730.7750244538638,-50.57176393870232,1832.770983203772
19059.6646056,-621.6839256602543,1744.72585588523,229.3167916530812,1866.318677652039
19059.6819486,-577.2156504727747,1740.366221062928,451.6581675904793,1888.3981547647081
19059.6988089,-517.0526899250082,1753.4451255298338,544.0824258232801,1907.3381919556812
19059.7102677,-570.2402347570917,1798.7853276817737,521.4123247473101,1957.7214798886596
19059.7272855,-687.0784479947832,1810.1203782197588,492.6387349201174,1997.8251926755395
19059.7440109,-826.5867623084448,1799.6572546462342,451.6581675904793,2031.2574947986204
19059.7553753,-971.3266384088686,1751.701271600913,414.1653081186828,2045.352215600035
19059.7718318,-1017.538767525269,1696.7698728399087,414.1653081186828,2021.3723178185276
19059.7889708,-962.6073687642647,1632.2472774698404,554.5455493968047,1974.427736728486
19059.800756,-819.6113465927617,1537.2072383436582,915.523312683404,1967.9816536610626
19059.8180339,-663.5364199543528,1441.295272253016,1358.4622106292795,2088.787260620986
19059.829594,-595.5261167264428,1437.8075643951745,1739.4942940984677,2334.048488600095
19059.8470781,-615.5804369090316,1533.7195304858167,1979.2742093250733,2578.5192006650136
19059.8642648,-682.7188131724813,1591.2667101402021,2049.028366481904,2682.676269568798
19059.8757257,-653.9452233452886,1445.6549070753179,2074.3142484512555,2611.5784626954946
19059.892749,-460.37743723508316,1396.8269970655365,2140.580697750245,2597.1443487082483
19059.90448,-239.7799152266058,1448.2706879686991,2256.546984023476,2692.0227867685026
19059.9213994,-35.74900554287578,1340.1517443756113,2432.6762308444736,2777.6245846885017
19059.9381853,97.6558200195631,1021.8984023475709,2616.6528203456146,2810.8157154333103
19059.9494266,106.37508966416694,676.6153244212586,2733.491033583306,2817.9952426544432
19059.9674977,-9.591196609064232,405.44603847407893,2717.7963482230193,2747.8892757134695
19059.9791796,-114.2224323443104,246.75533094228888,2496.3268992500816,2511.0919826479108
19059.9969034,-141.25216824258234,173.51346592761658,2120.526377567656,2132.297168748214
19060.0145405,-36.62093250733616,56.67525268992501,1686.306749266384,1687.6562533841225
19060.0260249,244.13955004890772,-115.09435930877079,1288.7080534724487,1316.6697682135514
19060.0432079,625.1716335180959,-336.56380828170853,979.173981089012,1209.5025645456383
19060.0544731,839.6656667753505,-605.117313335507,653.9452233452886,1224.2751937353771
19060.0710363,663.5364199543528,-892.853211607434,188.3362243234431,1128.2455280106183
19060.0877503,296.4551679165308,-1108.219171829149,-545.8262797522009,1270.4179340131464
19060.098988,-43.59634822301924,-1437.8075643951745,-1525.000260841213,2096.3818901564987
19060.1157436,-158.69070753179003,-1837.1501141180306,-2468.4252363873493,3081.140443098103
19060.1334901,58.41910661884578,-2219.0541245516793,-3245.312161721552,3931.878053389471
19060.1450423,584.1910661884577,-2590.4950114118033,-3727.4877730681446,4576.691895281609
19060.1631572,1027.1299641343332,-2723.0279100097814,-4001.2728399087055,4947.732945633375
19060.1751449,895.4689925008151,-2556.489859797848,-4225.358069775025,5019.07919220175
19060.1926634,419.39686990544504,-2270.497815454842,-4333.477013368112,4910.201328852159
19060.2042587,74.98571894359308,-2057.747636126508,-4267.210564069123,4738.04117649191
19060.2223373,157.81878056732964,-1919.1112487773069,-3979.474665797196,4420.872466878575
19060.2392767,463.8651450929247,-1783.090642321487,-3650.758200195631,4089.329840922859
19060.2509319,750.7291164003913,-1511.9213563743072,-3373.485425497229,3772.2545394119757
19060.2686237,619.0681447668732,-1284.3484186501466,-3094.4687968699054,3407.12978372643
19060.2800054,566.7525268992501,-930.3460710792306,-2423.9569611998695,2657.5025095883825
19060.2974115,653.9452233452886,-701.0292794261494,-1699.38565373329,1951.152993966231
19060.3089686,509.2053472448647,-761.1922399739159,-1202.3872839908706,1511.4360365434634
19060.3267774,264.1938702314966,-619.9400717313335,-765.5518747962178,1019.8989001906767
19060.343662,20.926247147049235,-601.6296054776655,-281.6324095207043,664.6148539562657
19060.3549884,-132.5328985979785,-572.8560156504728,177.0011737854581,614.0508117404836
19060.3717608,-334.81995435278776,-401.086403651777,610.3488751222693,803.4304290914918
19060.3889723,-477.8159765242909,-253.73074665797196,999.2283012716009,1136.2854382960309
19060.4005543,-492.6387349201174,-122.06977502445386,1265.1660254320184,1363.1724120688714
19060.4178926,-507.4614933159439,-38.36478643625693,1279.1168568633843,1376.63682848775
19060.4294171,-545.8262797522009,32.261297685034236,1225.0573850668407,1341.5411718256194
19060.4463408,-687.0784479947832,74.1137919791327,1174.4856211281383,1362.712780485013
19060.4639526,-861.4638408868601,54.93139876100424,1200.6434300619499,1478.7434036628215
19060.4759896,-933.8337789370721,73.24186501467231,1262.5502445386371,1572.0823825293928
19060.4932426,-930.3460710792306,99.39967394848387,1381.1323117052495,1668.2177824222808
19060.5049523,-824.842908379524,153.4591457450277,1548.5422888816433,1761.2208133483957
19060.5223898,-673.9995435278774,220.59752200847734,1737.750440169547,1876.8897793161755
19060.5341684,-524.0281056406913,267.68157808933813,1854.5886534072383,1945.7024325668722
19060.5511424,-426.3722856211281,250.24303880013042,1865.051776980763,1929.4644425935426
19060.5689568,-384.5197913270297,131.6609716335181,1810.1203782197588,1855.188902785942
19060.5806075,-340.92344310401046,57.547179654385396,1747.341636778611,1781.219601162143
19060.5977194,-303.4305836322139,-11.335050537985001,1791.8099119660906,1817.3555962095072
19060.6091794,-177.0011737854581,-40.1086403651777,1924.3428105640692,1932.8821410326584
19060.626784,-60.162960547766545,-68.8822301923704,2055.1318552331268,2057.1658381987827
19060.6435469,56.67525268992501,-137.7644603847408,2136.2210629279425,2141.4087794042393
19060.6547365,167.40997717639388,-321.741049885882,2098.7282034561463,2129.8364903489974
19060.6721947,171.7696119986958,-653.9452233452886,1940.9094228888164,2055.3049755695383
19060.6886627,37.49285947179654,-1056.7754809259864,1674.9716987283991,1980.835763797398
19060.7004416,-108.1189435930877,-1256.4467557874145,1401.1866318878383,1885.1185993124116
19060.7174916,-40.1086403651777,-1326.2009129442451,1197.1557222041083,1787.064460989623
19060.7289346,229.3167916530812,-1504.0740136941638,969.5827844799478,1804.138466294653
19060.7463552,521.4123247473101,-1783.090642321487,525.771959569612,1930.7302257442693
19060.7634077,567.6244538637105,-2027.2301923703947,-284.24819041408546,2124.30148689772
19060.7749417,313.0217802412781,-2002.8162373655039,-1335.7921095533095,2427.6729754036505
19060.79257,-26.15780893381154,-1632.2472774698404,-2251.3154222367134,2780.887724482381
19060.8038761,-43.59634822301924,-932.0899250081513,-2558.2337137267687,2723.0960328141823
19060.8204605,61.03488751222693,-157.81878056732964,-2202.487512226932,2208.9778782298768
19060.8371476,71.49801108575156,391.49520704271276,-1688.9225301597653,1735.1771597182515
19060.848924,-48.82791000978155,769.9115096185197,-1334.0482556243887,1541.0492029047825
19060.8657909,-91.5523312683404,1113.4507336159113,-1000.1002282360613,1499.4515104091565
19060.8832214,-133.40482556243887,1403.8024127812193,-868.4392566025432,1656.0932353047324
19060.8951873,-279.01662862732314,1633.1192044343006,-852.7445712422563,1863.357700154702
19060.9129303,-367.08125203782197,1770.011737854581,-805.6605151613956,1979.0854108478427
19060.9248031,-341.79537006847085,1865.051776980763,-632.147049233779,1998.7126100753749
19060.9417912,-218.85366807955657,1920.8551027062276,-358.3619823932181,1966.2157979350145
19060.9584575,-156.07492663840887,1908.6481252037822,-52.31561786762308,1915.7332727814614
19060.9706516,-285.9920443430062,1903.41656341702,157.81878056732964,1931.2412668585737
19060.9872386,-511.82112813824585,1960.9637430714054,225.82908379523965,2039.20044231486
19061.0048398,-679.2311053146398,1951.372546462341,214.49403325725464,2077.310135684326
19061.0164472,-613.8365829801108,1873.7710466253668,251.1149657645908,1987.6800577072693
19061.0336948,-441.1950440169547,1781.3467883925662,371.4408868601239,1872.382914847566
19061.0452115,-356.61812846429734,1746.4697098141507,613.8365829801108,1885.2395835682
19061.0626948,-444.6827518747962,1748.2135637430715,921.6268014346267,2025.6824468294167
19061.0739739,-552.801695467884,1701.1295076622107,1171.869840234757,2138.389636806884
19061.0911076,-680.9749592435605,1632.2472774698404,1347.999087055755,2223.748998566975
19061.107847,-792.5816106944898,1571.2123899576134,1420.3690251059668,2261.491134505696
19061.1194908,-833.5621780241278,1403.8024127812193,1529.3598956635149,2237.0580701507542
19061.1362511,-710.6204760352135,1159.6628627323116,1634.8630583632214,2126.635049970201
19061.1540585,-565.8805999347898,1030.6176719921748,1689.7944571242256,2058.5914957885366
19061.1654261,-422.0126507988262,877.158526247147,1751.701271600913,2003.9858039743133
19061.1822025,-260.70616237365505,757.7045321160743,1814.4800130420606,1983.5376424000515
19061.1941254,-145.61180306488424,701.9012063906097,1904.2884903814804,2034.7439041126963
19061.2109219,28.773589827192698,678.3591783501794,1982.7619171829149,2095.7919540246216
19061.2288413,135.14867949135964,604.2453863710466,1965.3233778937072,2060.551778581282
19061.2408683,89.80847733941962,487.40717313335506,1770.8836648190415,1838.9291093858928
19061.2579256,26.15780893381154,368.82510596674274,1396.8269970655365,1444.9366247315904
19061.2699196,12.206977502445387,292.96746005868926,891.9812846429736,938.9406557958359
19061.287792,142.12409520704273,177.0011737854581,348.77078578415393,416.13667823967
19061.2992271,435.96348223019237,-30.517443756113465,-139.50831431366157,458.75706204299695
19061.316916,689.6942288881644,-241.52376915552657,-567.6244538637105,925.3158277327841
19061.3347388,664.4083469188132,-571.1121617215521,-1070.7263123573525,1383.4964360980584
19061.3465034,360.1058363221389,-984.4055428757744,-1700.2575806977502,1997.3998915885577
19061.3644073,150.84336485164656,-1478.7881317248125,-2304.502967068797,2742.3169008119426
19061.3756876,290.3516791653081,-1834.5343332246496,-2793.653994131073,3354.746332630624
19061.3928368,814.3797848059994,-1954.8602543201825,-3061.335572220411,3722.4277741231604
19061.4049345,1497.970524942941,-1919.9831757417671,-3084.877600260841,3930.2316594979943
19061.4219303,1854.5886534072383,-1926.08666449299,-3336.8644929898924,4275.976327935095
19061.4392317,1451.7583958265407,-2028.102119334855,-3742.3105314639715,4497.29793989786
19061.4512071,551.9297685034236,-2050.772220410825,-3963.779980436909,4496.87056770388
19061.468286,21.79817411150962,-1876.386827518748,-3785.0349527225303,4224.66475358835
19061.4798235,55.803325725464624,-1430.8321486794914,-3553.9743071405283,3831.596015327267
19061.4964072,326.1006847081839,-1073.3420932507336,-3594.0829475057058,3765.0812925171103
19061.5131876,446.426605803717,-697.5415715683079,-3741.438604499511,3831.9999725567145
19061.5252922,313.0217802412781,-354.87427453537657,-3506.8902510596677,3538.6717308348575
19061.5430056,320.8691229214216,-336.56380828170853,-2849.457319856537,2887.150707665509
19061.5541893,534.4912292142159,-627.787414411477,-2109.191327029671,2264.6160747061645
19061.5712689,664.4083469188132,-777.7588522986632,-1351.4867949135964,1694.9524596902857
19061.5883318,480.431757417672,-719.3397456798174,-843.153374633192,1207.9619018849382
19061.5995458,224.95715683077927,-503.9737854581024,-344.411150961852,650.5492600450982
19061.6171123,226.70101075970004,-211.0063253994131,146.48373002934463,342.5996217180378
19061.6341628,251.1149657645908,-63.65066840560809,492.6387349201174,556.5995479365089
19061.6462139,178.74502771437886,-53.18754483208347,675.7433974567982,701.0048780602995
19061.6637848,-96.78389305510271,-211.8782523638735,786.4781219432671,820.2483478039314
19061.6749685,-563.2648190414086,-312.14985327681774,857.9761330290186,1072.766438754456
19061.6923624,-864.9515487447017,-366.2093250733616,781.2465601565048,1221.7187234396124
19061.7041085,-844.8972285621128,-394.1109879360939,656.5610042386697,1140.2838023627246
19061.7212926,-735.0344310401043,-378.416302575807,628.6593413759374,1038.5986136948297
19061.7386204,-551.9297685034236,-271.1692859471797,787.3500489077275,999.0392137030192
19061.7507863,-356.61812846429734,-171.7696119986958,1104.7314639713074,1173.5045362689268
19061.7679747,-205.77476361265082,-109.86279752200848,1429.0882947505706,1448.0008431669844
19061.7791659,-181.36080860776002,-104.63123573524616,1692.4102380176068,1705.3128311653431
19061.796728,-259.83423540919466,-114.2224323443104,1827.5589175089665,1849.4680832357926
19061.8141014,-284.24819041408546,-137.7644603847408,1862.435996087382,1889.0325354055656
19061.8262102,-185.72044343006195,-197.92742093250735,1847.6132376915552,1867.4426425349518
19061.8436847,-35.74900554287578,-279.88855559178353,1880.74646234105,1901.7946394279625
19061.855152,78.47342680143463,-312.14985327681774,2040.3090968373003,2065.540321623313
19061.8730308,37.49285947179654,-354.87427453537657,2233.8768829475057,2262.199680268222
19061.8846387,-161.30648842517118,-443.81082491033584,2432.6762308444736,2478.0842349749387
19061.9018737,-299.94287577437234,-426.3722856211281,2520.7408542549724,2574.0810999235578
19061.9188402,-213.62210629279426,-551.9297685034236,2522.484708183893,2590.982434652692
19061.9305061,7.847342680143463,-753.3448972937724,2403.0307140528203,2518.3619135753524
19061.9477914,78.47342680143463,-870.183110531464,2182.433192044343,2350.827803626849
19061.9591625,-235.4202804043039,-1075.0859471796543,1884.2341701988914,2182.1024060281684
19061.9759911,-721.9555265731985,-1400.314704923378,1500.5863058363223,2175.74362378423
19061.9926052,-766.4238017606782,-1662.7647212259537,1184.0768177372024,2180.419655103479
19062.0039418,-212.75017932833387,-1708.1049233778938,1065.4947505705902,2024.392286975408
19062.0215387,510.94920117378547,-1782.2187153570264,965.2231496576459,2090.222084895288
19062.0386765,844.0253015976524,-2008.9197261167265,563.2648190414086,2250.6453368062375
19062.0504794,598.1418976198239,-2115.2948157808933,-311.27792631235735,2220.1666231990534
19062.0684181,151.71529181610694,-1838.8939680469514,-1358.4622106292795,2291.280893561088
19062.0805254,4.359634822301924,-1296.555396152592,-2087.393152918161,2457.2922244938245
19062.0976014,227.57293772416043,-719.3397456798174,-2161.506944897294,2289.399786961277
19062.1098106,483.9194652755135,-210.13439843495271,-1919.1112487773069,1990.307136966994
19062.1265658,410.67760026084125,322.61297685034236,-1906.9042712748615,1977.123952612621
19062.1438507,-19.182393218128464,939.0653407238344,-2063.851124877731,2267.5301859109663
19062.1554193,-325.2287577437235,1419.4970981415063,-1978.402282360613,2456.5873376180552
19062.1738593,-379.28822954026737,1860.6921421584611,-1661.020867297033,2522.900142802767
19062.1856758,-358.3619823932181,2079.5458102380176,-1308.7623736550374,2483.1014957102457
19062.2023932,-381.03208346918814,2049.9002934463647,-965.2231496576459,2297.592738136894
19062.2138894,-331.3322464949462,1882.4903162699707,-609.4769481578089,2006.2435043516923
19062.2312887,-197.92742093250735,1769.1398108901208,-285.12011737854584,1802.8656122316165
19062.2485368,-231.06064558200197,1806.6326703619172,-88.93655037495924,1823.518669372047
19062.2604613,-288.6078252363873,2002.8162373655039,150.84336485164656,2029.1183006819385
19062.2776557,-354.0023475709162,2145.812259537007,378.416302575807,2207.493332565283
19062.2897448,-426.3722856211281,2135.3491359634822,555.4174763612651,2247.2200229290615
19062.3070031,-540.5947179654386,2041.1810238017606,667.0241278121944,2214.4037138932354
19062.324345,-762.9360939028367,1913.8796869905445,704.5169872839908,2177.4643797376925
19062.3366627,-946.0407564395175,1783.090642321487,723.6993805021193,2144.328833205919
19062.3535698,-1042.8246494946202,1627.8876426475383,754.2168242582328,2075.1733529207413
19062.3650197,-1086.4209977176395,1467.4530811868276,914.6513857189436,2042.135227443102
19062.3827858,-1054.159700032605,1440.4233452885555,1165.7663514835344,2131.920090687345
19062.3940936,-985.2774698402347,1416.0093902836647,1359.3341375937398,2196.2794866714953
19062.4108121,-922.4987283990871,1308.7623736550374,1490.1231822627976,2187.3111239396435
19062.4280559,-829.2025432018258,1173.6136941636778,1590.3947831757418,2143.4321839361996
19062.4397102,-740.2659928268666,1087.2929246820997,1686.306749266384,2138.651466887735
19062.456402,-578.9595044016954,926.858363221389,1809.2484512552983,2113.6793729371975
19062.4738373,-293.83938702314964,790.837756765569,1924.3428105640692,2101.1571087050484
19062.4853893,-28.773589827192698,743.7537006847082,1998.4566025432018,2132.563311839125
19062.5020683,173.51346592761658,752.472970329312,2016.76706879687,2159.5536352954864
19062.5189603,256.3465275513531,776.8869253342028,2018.5109227257908,2177.9929251735853
19062.5304261,256.3465275513531,737.6502119334855,1983.6338441473754,2131.8172072201796
19062.5484099,259.83423540919466,573.7279426149332,1915.6235409194653,2016.504682006138
19062.5603834,318.25334202804044,311.27792631235735,1782.2187153570264,1836.9765067877672
19062.5777876,465.6089990218455,82.83306162373655,1552.029996739485,1622.4827169641135
19062.5899635,636.5066840560809,-47.084056080860776,1214.594261493316,1372.0775806191089
19062.6079405,769.9115096185197,-134.27675252689926,797.8131724812521,1116.8257863681508
19062.6203413,920.7548744701663,-275.5289207694816,338.3076622106293,1018.900289209591
19062.6379583,1025.3861102054125,-397.59869579393546,-223.2133029018585,1122.1967637146267
19062.6496476,860.5919139223997,-636.5066840560809,-996.6125203782198,1462.5305866652207
19062.6663739,476.0721225953701,-1195.4118682751875,-1790.9379850016303,2205.2467133741147
19062.6834418,298.19902184545157,-1676.71555265732,-2478.888359960874,3007.5214383777943
19062.6951788,510.94920117378547,-1911.2639060971635,-2908.7483534398434,3517.7856370974223
19062.7122485,939.0653407238344,-2032.461754157157,-3245.312161721552,3942.6888697027784
19062.7242422,1183.2048907727421,-1954.8602543201825,-3554.8462341049885,4225.918145870755
19062.7414964,1067.238604499511,-1870.2833387675253,-3830.3751548744704,4394.170209867283
19062.7585318,804.7885881969352,-2042.9248777306814,-4030.0464297358985,4589.390041559989
19062.7697989,812.6359308770786,-2331.532702967069,-4137.293446364526,4818.051365696327
19062.7874435,745.497554613629,-2210.334854907075,-4374.45758069775,4957.542324587455
19062.7991409,397.59869579393546,-1711.5926312357353,-4568.897293772417,4895.146222457345
19062.8163092,12.206977502445387,-1191.0522334528855,-4301.215715683078,4463.094337559082
19062.8334652,71.49801108575156,-1089.908705575481,-3637.6792957287253,3798.121063190571
19062.8448753,331.3322464949462,-1282.6045647212259,-2786.67857841539,3085.51989564325
19062.8622334,319.9971959569612,-1314.8658624062602,-2070.826540593414,2473.7811145628393
19062.8785733,211.8782523638735,-1163.1505705901532,-1594.7544179980437,1985.2086281832565
19062.8900077,200.5432018258885,-975.6862732311705,-1270.3975872187807,1614.3392794520018
19062.9077232,180.48888164329964,-727.1870883599609,-932.9618519726117,1196.576414237909
19062.9192502,276.400847733942,-349.6427127486143,-436.83540919465275,624.0774230273929
19062.937047,363.5935441799804,-13.07890446690577,152.58721878056733,394.5303314659122
19062.9540948,206.6466905771112,67.13837626344963,673.9995435278774,708.1566217790752
19062.9657749,-123.81362895337463,-56.67525268992501,999.2283012716009,1008.4637311496135
19062.9834939,-558.9051842191067,-183.97658950114118,1099.4999021845451,1247.045478455092
19062.9953634,-928.6022171503098,-231.06064558200197,1120.4261493315944,1473.4469300722258
19063.0120352,-1100.3718291490056,-319.1252689925008,1114.3226605803718,1598.240936647908
19063.0293948,-1000.9721552005217,-309.5340723834366,1031.489598956635,1470.2813983074027
19063.0411647,-859.7199869579393,-292.09553309422887,925.9864362569286,1296.8766851788062
19063.0586909,-763.808020867297,-231.06064558200197,795.1973915878709,1126.5569698271556
19063.0703465,-704.5169872839908,-200.5432018258885,780.3746331920444,1070.3019804241735
19063.0880623,-741.137919791327,-160.4345614607108,891.9812846429736,1170.7498779914674
19063.0993173,-751.6010433648516,-74.1137919791327,1082.0613628953374,1319.5657526700118
19063.1163424,-728.0590153244212,15.694685360286925,1290.4519074013695,1481.7497691106812
19063.1336434,-617.3242908379524,51.443690903162704,1510.1775024453864,1632.29036089922
19063.145105,-432.4757743723508,60.162960547766545,1719.4399739158787,1774.0148536978697
19063.1624098,-251.9868927290512,95.04003912618194,1925.2147375285294,1943.9603362058067
19063.1793622,-108.1189435930877,152.58721878056733,2125.757939354418,2133.9679899256257
19063.1907479,-25.28588196935116,175.25731985653735,2261.778545810238,2268.699339771081
19063.2074582,-16.56661232474731,153.4591457450277,2328.9169220736876,2334.0261763694707
19063.2190396,1.7438539289207695,63.65066840560809,2372.513270296707,2373.367579274012
19063.2360196,122.94170198891425,-76.72957287251386,2415.237691555266,2419.5816159308074
19063.2535691,287.73589827192694,-212.75017932833387,2426.572742093251,2452.8167193307672
19063.2656418,428.1161395500489,-439.4511900880339,2366.4097815454843,2444.6464021627285
19063.2828829,474.32826866644933,-806.5324421258559,2249.571568307793,2436.4018813809002
19063.2942965,557.1613302901859,-1183.2048907727421,2125.757939354418,2495.8464252128188
19063.3117787,694.9257906749267,-1561.621193348549,1959.2198891424846,2600.024072979327
19063.3287317,916.3952396478644,-1967.067231822628,1744.72585588523,2784.4572257361133
19063.3403981,1098.6279752200849,-2451.858624062602,1347.999087055755,3005.9433925191415
19063.3577046,1139.6085425497229,-2925.314965764591,772.5272905119009,3233.1058896615577
19063.3698637,902.4444082164982,-3215.666644929899,81.08920769481578,3340.882120165348
19063.3867226,632.147049233779,-3115.3950440169547,-558.9051842191067,3227.641736173234
19063.4042252,457.761656341702,-2704.7174437561134,-1291.3238343658297,3031.923387847485
19063.4158087,632.147049233779,-2418.7253994131074,-2292.2959895663516,3391.8230132781173
19063.4331125,636.5066840560809,-1910.391979132703,-3470.2693185523312,4012.1699136587295
19063.4445017,628.6593413759374,-897.2128464297359,-4087.5936093902837,4231.858335864525
19063.4610555,571.1121617215521,-102.01545484186502,-3500.786762308445,3548.53268400432
19063.4780823,126.42940984675579,223.2133029018585,-2417.853472448647,2431.4242715944365
19063.4888641,-701.9012063906097,715.8520378219758,-1585.1632213889795,1875.5937412005712
19063.5054973,-1145.7120313009457,1363.6937724160418,-1105.603390935768,2096.3481632693324
19063.5229105,-993.1248125203782,1746.4697098141507,-915.523312683404,2207.857847917015
19063.5348562,-779.502706227584,1868.5394848386045,-897.2128464297359,2214.5101415924005
19063.5526607,-747.2414085425497,1797.9134007173134,-939.0653407238344,2161.6442892548994
19063.5648297,-985.2774698402347,1759.5486142810564,-842.2814476687316,2185.4567155814584
19063.5819982,-1106.4753179002282,1829.3027714378873,-419.39686990544504,2178.6532521719078
19063.5940834,-1153.559373981089,1917.367394848386,80.2172807303554,2239.069397820242
19063.6117947,-1133.5050537985003,1962.7075970003261,505.71763938702315,2322.2414062919293
19063.6300075,-1064.6228236061297,2008.0477991522662,776.0149983697424,2401.640480571174
19063.6416236,-1005.3317900228236,2056.003782197587,912.9075317900229,2463.9893916249375
19063.6592527,-945.1688294750571,2076.058102380176,1049.8000652103033,2511.063825868467
19063.6707645,-855.3603521356374,2002.8162373655039,1311.3781545484187,2542.1697183483507
19063.6874407,-796.9412455167917,1932.1901532442125,1704.6172155200522,2697.071372534862
19063.6989716,-808.2762960547767,1907.776198239322,2088.2650798826216,2941.7293616493143
19063.7156501,-926.858363221389,1887.721878056733,2326.3011411803063,3135.958755121672
19063.7325557,-1006.203716987284,1838.8939680469514,2420.469253342028,3201.9756951252148
19063.7443712,-895.4689925008151,1686.306749266384,2401.2868601238997,3067.845131970563
19063.7616375,-682.7188131724813,1507.5617215520053,2322.813433322465,2852.071101528113
19063.779511,-461.24936419954355,1348.8710140202152,2222.541832409521,2640.4348477568383
19063.7909846,-262.4500163025758,1205.0030648842517,2149.2999673948484,2477.983605127596
19063.8080185,-129.04519074013695,1034.1053798500163,2090.008933811542,2335.4151539501418
19063.8197419,-24.413955004890774,816.1236387349202,2051.6441473752852,2208.143460547835
19063.8378073,45.340202151940005,660.9206390609717,2027.2301923703947,2132.7292556548405
19063.8492465,105.50316269970655,566.7525268992501,2032.461754157157,2112.6381910298587
19063.8666168,117.71014020215195,483.04753831105313,1974.9145745027715,2036.5358278110998
19063.883119,49.69983697424193,402.8302575806978,1776.9871535702641,1822.7522141452873
19063.8948913,-74.1137919791327,264.1938702314966,1352.3587218780567,1379.914985739728
19063.9125251,-194.4397130746658,-33.13322464949462,735.0344310401043,761.0389132039716
19063.9244684,-159.5626344962504,-428.1161395500489,27.029735898271927,457.68359146177755
19063.940801,104.63123573524616,-751.6010433648516,-627.787414411477,984.8699719110467
19063.9573927,474.32826866644933,-1106.4753179002282,-1124.7857841538964,1647.5490875276578
19063.9691398,769.0395826540594,-1390.7235083143137,-1545.0545810238018,2216.4673276656795
19063.9869683,899.8286273231171,-1558.1334854907075,-2035.077535050538,2716.4337081594686
19064.0046384,787.3500489077275,-1739.4942940984677,-2716.924421258559,3320.7587701528823
19064.0163137,537.9789370720574,-1843.2536028692534,-3620.2407564395176,4097.944401258933
19064.0340067,381.9040104336485,-1942.6532768177372,-4387.536485164656,4813.546388658473
19064.0452497,367.08125203782197,-1945.2690577111184,-4835.706944897294,5225.215977298343
19064.0619548,565.8805999347898,-1838.0220410824911,-4794.726377567656,5166.037834997984
19064.0790069,548.442060645582,-1686.306749266384,-4401.4873165960225,4745.261820454398
19064.0902506,313.8937072057385,-1477.9162047603522,-3996.9132050864037,4272.947546683749
19064.1077143,15.694685360286925,-1373.284969025106,-3744.054385392892,3987.9946301466593
19064.1208343,-112.47857841538963,-1402.930485816759,-3697.8422562764918,3956.627696781744
19064.1376058,31.38937072057385,-1382.0042386697098,-3770.212194326704,4015.6470211592373
19064.149142,258.0903814802739,-1329.6886208020867,-3698.714183240952,3938.929941317943
19064.1666088,197.05549396804696,-1127.4015650472775,-3019.4830779263125,3229.108733761903
19064.183594,304.30251059667427,-725.4432344310401,-1749.9574176719923,1918.650272457812
19064.1947828,299.94287577437234,-708.0046951418324,-694.9257906749267,1036.416051407856
19064.2121368,41.85249429409847,-827.4586892729052,-167.40997717639388,845.2606782467008
19064.2238857,-218.85366807955657,-693.1819367460059,61.03488751222693,729.4678765761045
19064.2411732,-177.0011737854581,-568.4963808281709,228.4448646886208,637.7339623532379
19064.2587135,149.09951092272578,-534.4912292142159,367.08125203782197,665.3271254518145
19064.2705761,428.9880665145093,-503.101858493642,489.15102706227583,822.4420760805547
19064.2880411,449.91431366155854,-391.49520704271276,680.9749592435605,905.2172567354959
19064.299956,297.3270948809912,-221.46944897293773,1020.1545484186502,1085.4342084336602
19064.3177343,35.74900554287578,-84.57691555265733,1377.644603847408,1380.7012350800544
19064.3298139,-279.01662862732314,-42.724421258558856,1679.331333550701,1702.8885409995605
19064.3470937,-540.5947179654386,-33.13322464949462,1806.6326703619172,1886.0705356075202
19064.3647604,-637.3786110205413,-6.975415715683078,1879.0026084121291,1984.1751315421898
19064.3762896,-495.25451581349853,34.00515161395501,1953.1164003912618,2015.216380254803
19064.3931937,-216.2378871861754,67.13837626344963,2025.486338441474,2038.102375405878
19064.4048948,80.2172807303554,111.60665145092925,2066.4669057711117,2071.0326722249206
19064.4215989,242.39569611998695,91.5523312683404,2092.6247147049235,2108.60515494296
19064.4385479,137.7644603847408,63.65066840560809,2127.501793283339,2132.9074838251663
19064.449733,-50.57176393870232,23.542028040430388,2174.5858493641995,2175.3012082576392
19064.4676838,-136.02060645582003,3.487707857841539,2216.438343658298,2220.6108845823146
19064.4795557,-64.52259537006847,-30.517443756113465,2314.094163677861,2315.1946523034812
19064.4969272,176.1292468209977,-88.93655037495924,2474.528725138572,2482.382652435812
19064.5139536,444.6827518747962,-251.9868927290512,2641.0667753505054,2690.0694890248656
19064.5253551,564.136746005869,-439.4511900880339,2779.703162699707,2870.2120634870575
19064.5431999,531.8754483208347,-536.2350831431366,2872.1274209325074,2969.7736410360358
19064.5545359,513.5649820671666,-561.5209651124878,2874.7432018258887,2973.7523873904956
19064.5717651,720.2116726442778,-708.8766221062928,2693.3823932181285,2876.720291387279
19064.5837529,1017.538767525269,-1111.7068796869905,2195.5120965112487,2662.9965632136004
19064.6003001,1305.274665797196,-1582.5474404955983,1484.0196935115748,2531.899051171144
19064.6175501,1357.590283664819,-1952.2444734268015,707.132768177372,2480.795560733856
19064.6290348,1117.8103684382133,-2210.334854907075,-92.42425823280078,2478.6331786117403
19064.6465436,637.3786110205413,-2088.2650798826216,-803.9166612324748,2326.668118974173
19064.6641722,263.3219432670362,-1703.7452885555917,-1409.0339745679817,2226.5361428838623
19064.6756404,389.751353113792,-1434.319856537333,-1786.5783501793283,2324.0141500087298
19064.6927155,666.152200847734,-1368.0534072383437,-2041.1810238017606,2545.927896009454
19064.7040245,729.802869253342,-1278.244929898924,-2267.882034561461,2703.6662611108914
19064.7212483,616.452363873492,-890.2374307140528,-2457.9621128138247,2685.910264323396
19064.7388619,251.1149657645908,-356.61812846429734,-2680.3034887512226,2715.5592439481607
19064.7504318,-123.81362895337463,321.741049885882,-2661.1210955330944,2683.3584559256205
19064.7672956,-287.73589827192694,786.4781219432671,-2253.0592761656344,2403.6671744161613
19064.7841138,-342.66729703293123,1053.2877730681448,-1910.391979132703,2208.2648218194468
19064.7956546,-428.9880665145093,1276.5010759700033,-1789.1941310727095,2239.3528968944265
19064.8126998,-576.3437235083143,1505.8178676230846,-1811.8642321486795,2425.3889448540176
19064.8244932,-591.1664819041408,1623.5280078252365,-1816.2238669709814,2506.7888097075356
19064.8422332,-479.5598304532116,1735.1346592761656,-1545.0545810238018,2372.3118629616056
19064.8543108,-335.69188131724815,1906.9042712748615,-898.0847733941963,2134.3685715431457
19064.8716699,-306.9182914900554,1953.1164003912618,-313.0217802412781,2001.7105550088686
19064.8891509,-490.8948809911966,1994.9688946853603,32.261297685034236,2054.7309960853295
19064.9013635,-735.0344310401043,1995.8408216498208,201.4151287903489,2136.4045156018356
19064.9188331,-878.9023801760678,2026.3582654059342,303.4305836322139,2229.499345759377
19064.9305073,-872.7988914248451,2067.3388327355724,560.6490381480274,2313.0056416241673
19064.9475544,-633.0189761982393,2192.024388653407,1133.5050537985003,2547.6494365719063
19064.9596574,-376.6724486468862,2237.3645908053472,1650.5577437235083,2805.7126209084313
19064.9771398,-302.5586566677535,2122.2702314965763,1872.8991196609065,2846.6337644044984
19064.9890983,-357.4900554287577,1961.8356700358656,1890.3376589501142,2747.721747339153
19065.0064315,-482.17561134659275,1892.081512879035,1783.9625692859472,2644.804004112478
19065.0239502,-483.04753831105313,1926.9585914574502,1833.662406260189,2703.4833377685086
19065.0358249,-389.751353113792,2034.2056080860777,2014.1512879034888,2889.066282345589
19065.0527151,-217.98174111509618,1999.3285295076623,2272.2416693837627,3034.4542857731026
19065.0649124,-28.773589827192698,1845.8693837626345,2453.602477991523,3070.541779782508
19065.0825067,64.52259537006847,1638.350766221063,2402.15878708836,2908.388426066273
19065.099771,102.01545484186502,1450.8864688620802,2140.580697750245,2587.9653054348687
19065.1110292,154.3310727094881,1335.7921095533095,1847.6132376915552,2285.133106854306
19065.1286041,203.15898271926966,1342.7675252689926,1605.2175415715683,2102.6225421947734
19065.1399965,276.400847733942,1347.999087055755,1437.8075643951745,1990.1732486301726
19065.1575635,369.6970329312031,1263.4221715030976,1290.4519074013695,1843.4146589738214
19065.1697387,517.9246168894686,1102.9876100423867,1075.9578741441148,1625.5807957834154
19065.1868668,536.2350831431366,776.8869253342028,742.8817737202478,1201.2388142557247
19065.1988004,505.71763938702315,236.29220736876428,358.3619823932181,663.3307233011174
19065.2163328,492.6387349201174,-211.8782523638735,-29.645516791653083,537.0886087363119
19065.233791,500.48607760026084,-448.17045973263777,-395.8548418650147,779.771845270547
19065.2451057,558.9051842191067,-599.8857515487447,-717.5958917508966,1089.5787184577168
19065.2622282,708.0046951418324,-756.832605151614,-1009.6914248451255,1446.908087602401
19065.2739254,951.2723182262798,-1032.3615259210956,-1361.949918487121,1955.9133222340938
19065.2909142,1003.5879360939028,-1641.8384740789045,-1884.2341701988914,2693.169272174341
19065.3085537,674.8714704923378,-2664.608803390936,-2539.0513205086404,3741.974503516778
19065.3202424,472.58441473752856,-3732.719334854907,-3061.335572220411,4850.598431904516
19065.3373167,558.0332572546463,-4019.583306162374,-3349.9433974567983,5262.183181679052
19065.3492365,731.5467231822628,-3675.172155200522,-3332.5048581675906,5014.742227499889
19065.3666478,825.7148353439844,-3240.08059993479,-3420.5694815780894,4783.327592971688
19065.3839698,1045.4404303880012,-3198.2281056406914,-3964.6519074013695,5200.007063078012
19065.3957709,1034.9773068144766,-3265.366481904141,-4645.62686664493,5771.970657484077
19065.4128371,580.7033583306162,-2791.0382132376917,-4750.258102380176,5540.041763142044
19065.4248586,163.92226931855234,-2035.077535050538,-4082.362047603521,4564.437640253127
19065.4424249,199.67127486142812,-1601.7298337137267,-3199.1000326051517,3583.24546979797
19065.4536711,312.14985327681774,-1448.2706879686991,-2357.69051190088,2784.5340842657147
19065.4709874,524.0281056406913,-1186.6925986305837,-1380.260384740789,1894.1920464490315
19065.4886073,629.5312683403978,-973.9424193022497,-513.5649820671666,1268.3148050623072
19065.5006354,524.9000326051516,-612.0927290511901,181.36080860776002,826.4800639368643
19065.5183785,354.87427453537657,-265.93772416041736,739.3940658624063,862.1845559340369
19065.5296206,126.42940984675579,21.79817411150962,1093.3964134333226,1100.8974852263257
19065.5464399,-78.47342680143463,239.7799152266058,1256.4467557874145,1281.526799013098
19065.5638476,-346.1550048907728,345.2830779263124,1292.1957613302902,1381.5981966234492
19065.5751175,-604.2453863710466,375.8005216824258,1215.4661884577763,1408.4376359397504
19065.5922602,-782.1184871209651,322.61297685034236,1111.7068796869905,1397.0256429543488
19065.6038581,-928.6022171503098,209.26247147049233,1001.8440821649821,1381.9495014765935
19065.6218883,-1008.8194978806652,212.75017932833387,929.4741441147702,1388.128813434229
19065.6338737,-1038.4650146723181,279.01662862732314,894.5970655363548,1398.7722385775294
19065.6509468,-1018.4106944897294,404.57411150961855,958.2477339419628,1455.7057648988537
19065.6681075,-829.2025432018258,503.101858493642,1145.7120313009457,1501.114384828775
19065.6796211,-583.3191392239974,495.25451581349853,1279.9887838278448,1491.2778213142492
19065.6961019,-418.52494294098466,490.8948809911966,1316.609716335181,1466.1521262117792
19065.7131421,-317.38141506358005,454.27394848386047,1332.304401695468,1442.9590436585497
19065.7254081,-258.9623084447343,435.091555265732,1354.974502771438,1446.4861014953738
19065.7421308,-197.92742093250735,458.6335833061624,1431.7040756439517,1516.3431629775453
19065.7537232,-110.73472448646886,449.04238669709815,1586.9070753179003,1652.9293118435926
19065.7703723,11.335050537985001,386.26364525595045,1810.1203782197588,1850.9089309481317
19065.7871315,149.09951092272578,283.37626344962507,2020.2547766547116,2045.4735719241758
19065.8040412,234.5483534398435,78.47342680143463,2171.098141506358,2185.1403041607336
19065.8154478,281.6324095207043,-210.13439843495271,2193.768242582328,2221.7318428786166
19065.8320505,130.78904466905772,-471.7124877730682,2094.368568633844,2150.8133686138085
19065.8494503,-54.05947179654385,-585.0629931529181,1939.1655689598956,2026.2241327867775
19065.8613688,-80.2172807303554,-692.3100097815455,1756.0609064232149,1889.3061871595667
19065.8789017,197.92742093250735,-925.1145092924683,1545.0545810238018,1811.6858937473332
19065.890327,776.0149983697424,-1302.6588849038149,1305.274665797196,2000.7152224356228
19065.9079258,1337.5359634822303,-1737.750440169547,1048.9281382458428,2430.8494986571427
19065.9196476,1651.4296706879688,-2195.5120965112487,832.6902510596674,2870.690923343299
19065.9367467,1566.8527551353113,-2566.0810564069125,612.0927290511901,3068.29872295428
19065.9487883,1117.8103684382133,-2695.99817411151,361.84969025105966,2940.891254863967
19065.9657036,619.9400717313335,-2721.284056080861,-102.88738180632541,2792.901433948773
19065.9824589,377.5443756113466,-2655.0176067818716,-769.9115096185197,2790.057702005564
19065.9945652,434.2196283012716,-2351.587023149658,-1408.1620476035214,2775.1447827742077
19066.0114605,762.0641669383763,-1741.2381480273884,-1858.0763612650799,2658.025554235589
19066.028199,926.858363221389,-1012.3072057385067,-1955.732181284643,2389.292922430384
19066.0392076,672.2556895989567,-342.66729703293123,-1943.5252037821977,2084.8594212537823
19066.0560495,143.86794913596347,238.90798826214544,-1873.7710466253668,1894.4109767459584
19066.0729011,-298.19902184545157,735.9063580045647,-1667.996283012716,1847.3474022298467
19066.0842075,-496.9983697424193,1074.214020215194,-1361.0779915226606,1803.739570936135
19066.1010814,-442.93889794587545,1296.555396152592,-1145.7120313009457,1786.0310247231573
19066.1180881,-383.6478643625693,1440.4233452885555,-1134.3769807629606,1873.1834485621328
19066.1298472,-417.6530159765243,1516.2809911966092,-1246.8555591783502,2007.0353438523236
19066.1467922,-583.3191392239974,1627.015715683078,-1325.3289859797849,2178.0583734929946
19066.1641565,-844.0253015976524,1832.7904792957288,-1160.5347896967721,2327.7329419051935
19066.1758915,-1085.549070753179,1993.2250407564395,-868.4392566025432,2430.1336569250625
19066.1924465,-1262.5502445386371,1962.7075970003261,-632.147049233779,2417.8221860100343
19066.2038697,-1262.5502445386371,1928.702445386371,-521.4123247473101,2363.429088257639
19066.2205865,-1146.583958265406,1923.4708835996087,-483.9194652755135,2290.9764429778766
19066.2373209,-1025.3861102054125,1906.9042712748615,-458.6335833061624,2213.152805059955
19066.2488867,-1003.5879360939028,1898.1850016302576,-404.57411150961855,2184.942849959943
19066.2661088,-1102.1156830779264,1838.0220410824911,-316.50948809911966,2166.3707573839106
19066.2842029,-1226.8012389957614,1806.6326703619172,-183.97658950114118,2191.5314898730153
19066.2965419,-1300.915030974894,1747.341636778611,-23.542028040430388,2178.5630448809193
19066.3139619,-1300.915030974894,1649.685816759048,172.6415389631562,2107.996279125735
19066.3259503,-1179.7171829149006,1544.1826540593413,386.26364525595045,1981.2703764021799
19066.3428827,-988.7651776980763,1465.7092272579068,600.7576785132051,1867.3162302593137
19066.3545129,-805.6605151613956,1416.0093902836647,788.2219758721878,1809.824671704278
19066.3715696,-594.6541897619824,1385.4919465275514,969.5827844799478,1792.5658468391257
19066.3885214,-421.1407238343658,1343.6394522334529,1205.0030648842517,1853.310247435757
19066.3999347,-438.5792631235735,1362.8218454515813,1501.4582328007825,2074.6112834281316
19066.4167443,-622.5558526247147,1386.3638734920119,1804.016889468536,2358.8254528151915
19066.4340165,-1068.1105314639713,1402.0585588522988,2140.580697750245,2772.8530493800345
19066.4455399,-1382.8761656341703,1436.0637104662537,2429.188522986632,3142.5439297179514
19066.4624862,-1488.3793283338769,1345.3833061623736,2536.435539615259,3234.0121385262846
19066.4739523,-1390.7235083143137,1018.4106944897294,2400.4149331594394,2955.20964917279
19066.4922032,-1083.8052168242582,502.2299315291816,2147.556113465928,2457.410407852983
19066.5095163,-929.4741441147702,295.5832409520704,1862.435996087382,2102.369966592848
19066.5215291,-905.0601891098794,369.6970329312031,1558.1334854907075,1839.4536690760021
19066.5388594,-760.3203130094555,330.46031953048583,1157.0470818389306,1423.3934630842493
19066.5501493,-386.26364525595045,79.34535376589501,672.2556895989567,779.3734669648554
19066.5669772,2.6157808933811544,-356.61812846429734,113.35050537985002,374.2080556708095
19066.5847001,125.5574828822954,-959.9915878708836,-507.4614933159439,1093.0991251890407
19066.5961871,156.94685360286925,-1644.4542549722858,-1146.583958265406,2010.849791730815
19066.6132888,209.26247147049233,-2082.161591131399,-1756.9328333876754,2732.398333805747
19066.6248249,269.4254320182589,-2380.3606129768505,-2272.2416693837627,3301.7857161411403
19066.6419156,412.421454189762,-2613.165112487773,-2641.9387023149657,3738.7917122766976
19066.6591866,542.3385718943593,-2792.7820671666123,-2954.9604825562437,4101.896421744565
19066.6707486,813.507857841539,-2970.655167916531,-3173.8141506358006,4422.633087224755
19066.687418,1034.1053798500163,-2991.58141506358,-3368.2538637104662,4622.128015318165
19066.6987035,844.8972285621128,-2707.3332246494947,-3581.0040430388003,4568.051496249052
19066.7159195,296.4551679165308,-2276.6013042060645,-3891.410042386697,4518.171232134215
19066.7334042,-64.52259537006847,-1955.732181284643,-4154.731985653733,4592.477479840254
19066.7454273,41.85249429409847,-1726.4153896315618,-4272.442125855885,4608.256009340549
19066.7628885,218.85366807955657,-1203.259210955331,-4024.814867949136,4206.526402870323
19066.7744419,365.3373981089012,-649.5855885229867,-3285.42080208673,3368.8904253563883
19066.7916787,574.5998695793935,-606.8611672644278,-2592.238865340724,2723.6276950855754
19066.8094136,633.0189761982393,-627.787414411477,-2149.2999673948484,2326.869229622501
19066.820919,354.87427453537657,-448.17045973263777,-1804.016889468536,1892.4242254821474
19066.8375179,147.355656993805,-238.90798826214544,-1562.4931203130095,1587.5060527535088
19066.8540245,-49.69983697424193,-181.36080860776002,-1481.4039126181938,1493.2914548120268
19066.86578,-326.1006847081839,-174.38539289207696,-1429.0882947505706,1476.1589602798083
19066.8831494,-377.5443756113466,-32.261297685034236,-955.6319530485817,1028.0140935665866
19066.8945741,-383.6478643625693,-102.01545484186502,-461.24936419954355,608.5587998139836
19066.9117532,-479.5598304532116,-95.04003912618194,-56.67525268992501,492.16087236683705
19066.9283103,-750.7291164003913,-55.803325725464624,255.47460058689273,794.9688603450873
19066.940164,-932.0899250081513,-165.6661232474731,462.12129116400394,1053.4671235689486
19066.9571679,-929.4741441147702,-285.12011737854584,623.4277795891751,1154.936302258843
19066.9741524,-899.8286273231171,-272.91313987610044,755.9606781871536,1206.503082230799
19066.9859432,-896.3409194652755,-195.3116400391262,892.853211607434,1280.1408274562366
19067.003376,-932.9618519726117,-31.38937072057385,1128.273492011738,1464.3784287562967
19067.0153304,-858.848059993479,193.56778611020542,1478.7881317248125,1721.0179593787886
19067.0327534,-735.0344310401043,326.9726116726443,1797.0414737528529,1968.8942993432393
19067.0442263,-574.5998695793935,335.69188131724815,1965.3233778937072,2074.933740869453
19067.0616196,-393.23906097163353,287.73589827192694,2037.6933159439193,2095.1427054190676
19067.0784653,-278.14470166286276,278.14470166286276,2093.4966416693837,2130.1307797426975
19067.0897601,-354.87427453537657,348.77078578415393,2276.6013042060645,2330.341243263797
19067.1074246,-362.72161721552004,474.32826866644933,2636.7071405282036,2703.4753231653453
19067.1189174,-281.6324095207043,374.05666775350505,2992.4533420280404,3028.8631875669266
19067.1358032,-209.26247147049233,93.29618519726117,3145.9124877730683,3154.2448130836065
19067.1536519,-217.98174111509618,-138.6363873492012,3099.700358656668,3110.446656159382
19067.165276,-273.78506684056083,-217.98174111509618,2900.02908379524,2921.068809381716
19067.1827733,-136.02060645582003,-308.6621454189762,2660.249168568634,2681.5479791093358
19067.1941966,103.75930877078578,-574.5998695793935,2437.9077926312357,2506.8556818551306
19067.2112867,230.18871861754158,-999.2283012716009,2158.8911640039128,2390.032447950254
19067.2286235,184.84851646560156,-1357.590283664819,1786.5783501793283,2251.4623145125365
19067.2405631,95.91196609064232,-1606.0894685360288,1390.7235083143137,2126.6956441295943
19067.2585407,202.28705575480927,-1717.696119986958,1048.0562112813825,2022.3307928105346
19067.2704163,474.32826866644933,-1923.4708835996087,682.7188131724813,2095.431345659221
19067.287073,742.0098467557874,-2324.557287251386,242.39569611998695,2452.12170739822
19067.2991403,542.3385718943593,-2549.514444082165,-207.51861754157156,2614.807641830345
19067.316383,-26.15780893381154,-2294.039843495272,-594.6541897619824,2370.0035105276766
19067.3339229,-361.84969025105966,-1710.7207042712748,-968.7108575154874,1998.9750503259377
19067.3452031,-47.084056080860776,-1313.9939354417997,-1378.5165308118683,1905.0209438314432
19067.3619797,449.91431366155854,-1010.5633518095859,-1959.2198891424846,2249.934166074569
19067.3799288,629.5312683403978,-658.3048581675905,-2498.070753179002,2658.9532511861935
19067.3918631,220.59752200847734,-115.09435930877079,-2723.0279100097814,2734.3721357842305
19067.4088989,-489.15102706227583,434.2196283012716,-2350.715096185197,2440.015753291596
19067.4199894,-795.1973915878709,911.1636778611021,-1525.8721878056733,1947.0090069027406
19067.4370964,-699.2854254972286,1149.199739158787,-895.4689925008151,1616.0213065816579
19067.4539428,-633.8909031626997,1402.0585588522988,-644.3540267362243,1668.1660562829454
19067.4651244,-728.0590153244212,1586.0351483534398,-704.5169872839908,1881.9993642345883
19067.482042,-843.153374633192,1593.8824910335834,-887.6216498206717,2009.7863572054448
19067.4942933,-949.528464297359,1509.305575480926,-1061.1351157482882,2074.9976767608305
19067.5117066,-1228.5450929246822,1511.0494294098469,-1064.6228236061297,2219.462813388012
19067.528694,-1520.640626018911,1627.8876426475383,-857.9761330290186,2387.150840527505
19067.5401054,-1562.4931203130095,1763.036322138898,-522.2842517117705,2412.977965873841
19067.5564144,-1371.5411150961852,1789.1941310727095,-235.4202804043039,2266.6634901303623
19067.5741033,-1191.924160417346,1769.1398108901208,-58.41910661884578,2133.998984695417
19067.5858791,-1014.9229866318879,1696.7698728399087,68.8822301923704,1978.3431026511114
19067.6032016,-750.7291164003913,1586.9070753179003,257.2184545158135,1774.2687522607243
19067.6147771,-579.8314313661558,1491.8670361917184,514.436909031627,1681.224873670861
19067.6325647,-633.0189761982393,1377.644603847408,880.6462341049886,1753.3269713262976
19067.6439815,-779.502706227584,1333.1763286599282,1274.7572220410825,2002.49583456775
19067.6625896,-839.6656667753505,1320.0974241930226,1637.4788392566027,2264.736759611478
19067.674228,-751.6010433648516,1372.4130420606457,1940.9094228888164,2493.1006947702467
19067.6912956,-549.3139876100424,1531.1037495924356,2183.3051190088036,2722.654181435848
19067.708951,-315.6375611346593,1607.8333224649496,2381.2325399413107,2890.505746768731
19067.7205812,-60.162960547766545,1465.7092272579068,2665.480730355396,3042.4842883056567
19067.7380467,108.1189435930877,1264.294098467558,2989.837561134659,3247.96211729066
19067.7499674,0.0,1101.243756113466,3377.8450603195306,3552.8263484026274
19067.7672249,-186.59237039452233,1071.5982393218128,3678.6598630583635,3836.101913047102
19067.7788045,-367.95317900228235,1075.0859471796543,3768.468340397783,3936.0580494120613
19067.7961326,-348.77078578415393,1076.829801108575,3595.8268014346268,3769.7710630073557
19067.8132547,-97.6558200195631,1085.549070753179,3196.4842517117704,3377.197805228195
19067.8251395,185.72044343006195,784.7342680143463,2657.633387675253,2777.2855772840703
19067.8418043,375.8005216824258,159.5626344962504,2100.472057385067,2139.7824960214116
19067.8592418,459.5055102706228,-493.51066188457776,1638.350766221063,1771.6916550404485
19067.8707032,446.426605803717,-965.2231496576459,1232.904727746984,1628.1911775664792
19067.8886517,483.9194652755135,-1247.7274861428107,636.5066840560809,1481.9388271439764
19067.9011167,574.5998695793935,-1417.7532442125855,-136.89253342028042,1535.8804762422726
19067.9179289,708.0046951418324,-1637.4788392566027,-952.1442451907402,2022.1736475896114
19067.9300909,855.3603521356374,-1973.1707205738508,-1672.3559178350179,2724.3014408198915
19067.9469184,951.2723182262798,-2364.6659276165633,-2307.9906749266383,3438.5149306354074
19067.963459,751.6010433648516,-2528.588196935116,-2877.3589827192695,3903.5697910376834
19067.9743955,562.3928920769482,-2482.3760678187155,-3264.4945549396807,4139.492892416728
19067.9910743,563.2648190414086,-2375.129051190088,-3410.1063580045648,4193.725150636369
19068.0083203,796.9412455167917,-2236.492663840887,-3378.716987283991,4129.4967325790885
19068.0202661,1062.0070427127487,-1960.0918161069449,-3533.9199869579393,4178.326143393033
19068.0370869,951.2723182262798,-1767.3959569612,-3730.975480925986,4236.600704736911
19068.0493501,426.3722856211281,-1777.8590805347246,-3600.1864362569286,4037.8111164334973
19068.0663652,202.28705575480927,-1739.4942940984677,-3519.969155526573,3931.5319289032277
19068.0839532,127.30133681121617,-1649.685816759048,-3868.7399413107273,4207.709312424377
19068.0954279,-14.822758395826542,-1304.4027388327356,-4116.367199217477,4318.120556218219
19068.1127896,-56.67525268992501,-574.5998695793935,-3743.182458428432,3787.4519154009654
19068.1253063,-311.27792631235735,-130.78904466905772,-2902.644864688621,2922.216099489904
19068.142578,-233.67642647538312,-9.591196609064232,-1956.6041082491033,1970.531983947474
19068.154125,-160.4345614607108,-126.42940984675579,-1341.0236713400718,1356.4911099154665
19068.1716749,-346.1550048907728,-204.03090968373004,-1126.5296380828172,1196.0438641606354
19068.188857,-299.07094880991195,-162.17841538963157,-1009.6914248451255,1065.4679930650816
19068.2002852,-88.06462341049885,16.56661232474731,-641.7382458428432,647.9643560550232
19068.2177898,259.83423540919466,306.04636452559504,185.72044343006195,442.34634647284366
19068.2289539,720.2116726442778,594.6541897619824,1151.8155200521683,1482.9016997251013
19068.2460862,803.9166612324748,623.4277795891751,1662.7647212259537,1949.2897970092292
19068.2628875,376.6724486468862,568.4963808281709,1774.371372676883,1900.9113700432263
19068.2748845,-300.8148027388327,582.447212259537,1626.1437887186175,1753.3048571779661
19068.2923901,-741.137919791327,641.7382458428432,1476.1723508314315,1772.0604396264987
19068.30414,-761.1922399739159,667.8960547766548,1498.8424519074015,1808.8746396095332
19068.3221933,-412.421454189762,676.6153244212586,1640.9665471144442,1822.270825609186
19068.3389731,27.029735898271927,694.0538637104663,1729.031170524943,1863.327711649513
19068.3508355,369.6970329312031,698.4134985327682,1717.696119986958,1890.750451992321
19068.3679571,583.3191392239974,592.9103358330616,1654.9173785458104,1852.175859451698
19068.3792871,434.2196283012716,528.3877404629932,1537.2072383436582,1682.4822089668046
19068.3963668,-41.85249429409847,564.136746005869,1494.4828170850994,1597.9614482318848
19068.41406,-466.48092598630586,627.787414411477,1545.0545810238018,1731.7376101318366
19068.4256832,-538.8508640365178,667.8960547766548,1624.3999347896968,1837.1501141180308
19068.4427513,-326.1006847081839,601.6296054776655,1600.8579067492665,1740.989912766872
19068.4542705,129.91711770459733,495.25451581349853,1443.0391261819368,1531.1817046315114
19068.4712475,681.8468862080209,367.08125203782197,1236.3924356048256,1458.8797334427748
19068.4881511,1034.1053798500163,175.25731985653735,1072.4701662862733,1500.0937711930378
19068.49952,669.6399087055755,-82.83306162373655,1008.8194978806652,1213.6703435172876
19068.5165549,-148.2275839582654,-401.9583306162374,916.3952396478644,1011.593866849322
19068.5338054,-708.8766221062928,-837.0498858819693,834.4341049885882,1378.2013105464498
19068.5450833,-606.8611672644278,-1243.3678513205086,711.4924029996739,1555.7845382819476
19068.5624821,12.206977502445387,-1555.5177045973264,547.5701336811217,1649.1262507506942
19068.5739314,680.9749592435605,-1723.7996087381807,331.3322464949462,1882.8151910822426
19068.5909265,909.4198239321813,-1743.8539289207695,93.29618519726117,1968.9527977444266
19068.6077475,311.27792631235735,-1686.306749266384,-157.81878056732964,1722.042731040795
19068.6194384,-511.82112813824585,-1620.9122269318552,-438.5792631235735,1755.4683377002018
19068.6367732,-898.9567003586567,-1614.8087381806326,-762.0641669383763,1999.1178565946861
19068.6491274,-728.9309422888816,-1574.700097815455,-1137.864688620802,2075.031750671848
19068.6655527,-246.75533094228888,-1384.620019563091,-1514.5371372676884,2066.8535342607947
19068.6825424,178.74502771437886,-907.6759700032605,-1703.7452885555917,1938.7040670843373
19068.6939958,124.68555591783502,-422.0126507988262,-1638.350766221063,1696.4181083877688
19068.7116368,-317.38141506358005,-55.803325725464624,-1451.7583958265407,1487.0936129385511
19068.7286925,-851.0007173133355,285.9920443430062,-1341.0236713400718,1613.796194502177
19068.7401289,-1026.2580371698728,592.9103358330616,-1284.3484186501466,1747.6553108901555
19068.7574699,-878.0304532116074,750.7291164003913,-1204.1311379197914,1668.6711720067274
19068.7688907,-605.117313335507,789.0939028366482,-953.0161721552006,1377.3438113926773
19068.7859389,-459.5055102706228,983.533615911314,-503.9737854581024,1196.859751192937
19068.8036168,-441.1950440169547,1116.9384414737528,-71.49801108575156,1203.0446851618426
19068.8148232,-522.2842517117705,1138.7366155852626,176.1292468209977,1265.1179513572772
19068.8321606,-607.7330942288881,1088.1648516465602,314.7656341701989,1285.5036610739646
19068.844096,-633.8909031626997,1102.1156830779264,367.95317900228235,1323.5808241043057
19068.8609697,-647.8417345940659,1164.0224975546137,302.5586566677535,1366.0852933179992
19068.8785659,-594.6541897619824,1201.5153570264101,234.5483534398435,1360.9796797429135
19068.8902735,-584.1910661884577,1279.1168568633843,277.2727746984024,1433.282710045517
19068.9070522,-556.2894033257255,1345.3833061623736,524.0281056406913,1547.2942823697963
19068.9242415,-551.0578415389632,1378.5165308118683,872.7988914248451,1722.1354404679116
19068.9368607,-702.7731333550701,1368.0534072383437,1136.9927616563418,1912.6454825923856
19068.9537153,-860.5919139223997,1426.4725138571894,1340.1517443756113,2138.094706286806
19068.9652297,-960.863514835344,1448.2706879686991,1452.630322791001,2265.144925708496
19068.9816911,-910.2917508966417,1431.7040756439517,1531.1037495924356,2285.3197421765713
19068.9988146,-824.842908379524,1411.649755461363,1632.2472774698404,2310.270986357623
19069.0105378,-748.9852624714705,1378.5165308118683,1843.2536028692534,2420.5103994016486
19069.0275829,-689.6942288881644,1308.7623736550374,2069.954613628953,2544.2580809620313
19069.038935,-608.6050211933485,1187.564525595044,2221.6699054450605,2591.6262737967836
19069.055805,-521.4123247473101,1073.3420932507336,2278.3451581349855,2571.9235449638454
19069.073666,-428.9880665145093,1027.1299641343332,2347.2273883273556,2597.7881239524736
19069.0853543,-321.741049885882,1057.6474078904466,2329.788849038148,2578.7693622543193
19069.1025177,-240.65184219106618,1075.9578741441148,2150.1718943593087,2416.3687283557065
19069.114034,-162.17841538963157,1024.514183240952,1898.1850016302576,2163.1082845050146
19069.1320062,-48.82791000978155,835.3060319530485,1612.1929572872514,1816.3938073390593
19069.148788,54.93139876100424,563.2648190414086,1281.7326377567656,1401.1150094230336
19069.160794,173.51346592761658,268.5535050537985,917.2671666123248,971.3943395346182
19069.1778939,222.3413759373981,-102.01545484186502,486.5352461688947,544.5726638796286
19069.1898542,140.38024127812196,-612.9646560156505,4.359634822301924,628.8491775310454
19069.2072799,55.803325725464624,-1123.0419302249757,-449.04238669709815,1210.775063030325
19069.2188612,125.5574828822954,-1358.4622106292795,-943.4249755461364,1658.6847029196824
19069.2360768,273.78506684056083,-1412.5216824258232,-1579.9316596022172,2136.9042597087464
19069.2541006,489.15102706227583,-1531.975676556896,-2249.571568307793,2765.283067206108
19069.2658306,763.808020867297,-1807.5045973263775,-2752.6734268014347,3380.486142068321
19069.2827553,1046.3123573524617,-2194.6401695467885,-3017.7392239973915,3875.301929784207
19069.2941577,1205.8749918487122,-2460.577893707206,-3234.8490381480274,4239.437034156061
19069.31071,1102.9876100423867,-2313.222236713401,-3530.4322791000977,4362.514282113501
19069.3277219,796.0693185523313,-1838.8939680469514,-3751.9017280730354,4253.471989184513
19069.339325,728.0590153244212,-1479.660058689273,-3786.778806651451,4130.27330204432
19069.3567377,1038.4650146723181,-1339.279817411151,-3841.7102054124553,4198.9066813152
19069.374105,1331.4324747310075,-1284.3484186501466,-3933.2625366807956,4346.58687681658
19069.3864939,1432.5760026084122,-1214.594261493316,-3933.2625366807956,4358.677254140141
19069.4038663,1198.0276491685686,-1076.829801108575,-3764.9806325399413,4095.10828087961
19069.4154256,790.837756765569,-747.2414085425497,-3259.262993152918,3436.0717889332245
19069.432344,102.01545484186502,-414.1653081186828,-2634.9632865992826,2669.264238924601
19069.4446598,-181.36080860776002,-52.31561786762308,-1929.5743723508315,1938.7846515806848
19069.4620355,-213.62210629279426,208.39054450603194,-1324.4570590153244,1357.6625223198926
19069.4792378,-23.542028040430388,240.65184219106618,-1091.6525595044018,1118.1112855645104
19069.4905391,197.05549396804696,69.75415715683079,-995.7405934137594,1017.445742787121
19069.5083632,358.3619823932181,-101.14352787740464,-932.0899250081513,1003.7155732367539
19069.5204149,179.61695467883925,-262.4500163025758,-1011.4352787740463,1060.2563768325354
19069.537777,-469.9686338441474,-381.9040104336485,-1086.4209977176395,1243.797320412144
19069.5490777,-1205.8749918487122,-264.1938702314966,-745.497554613629,1442.1163271279227
19069.5663767,-1252.0871209651125,-152.58721878056733,-67.13837626344963,1263.1360098537234
19069.5837293,-932.0899250081513,-244.13955004890772,519.6684708183893,1094.7378991167282
19069.5950532,-705.3889142484512,-329.58839256602545,862.3357678513205,1161.819695725026
19069.6126181,-740.2659928268666,-221.46944897293773,1007.9475709162048,1270.039669726974
19069.6243476,-852.7445712422563,-150.84336485164656,1010.5633518095859,1330.8513487702267
19069.6417288,-911.1636778611021,-223.2133029018585,962.6073687642647,1344.1191810419893
19069.6539341,-956.5038800130421,-238.03606129768505,994.868666449299,1400.4729566973888
19069.6712424,-959.9915878708836,-50.57176393870232,1232.904727746984,1563.3922795612102
19069.6888175,-816.1236387349202,124.68555591783502,1634.8630583632214,1831.4970655606337
19069.7003289,-541.466644929899,141.25216824258234,2021.9986305836323,2098.0030421062206
19069.7183027,-384.5197913270297,183.1046625366808,2238.2365177698075,2278.3953776382114
19069.730191,-379.28822954026737,294.71131398761,2229.517248125204,2280.6712782310115
19069.7474919,-404.57411150961855,351.38656667753503,2043.7968046951419,2112.879104404058
19069.7590239,-513.5649820671666,366.2093250733616,1933.9340071731333,2034.1973858691956
19069.7774154,-565.8805999347898,367.08125203782197,1996.712748614281,2107.5652539029506
19069.7891862,-443.81082491033584,280.7604825562439,2219.9260515161395,2281.1984067750104
19069.8064976,-252.85881969351158,103.75930877078578,2496.3268992500816,2511.245022846818
19069.8237825,-92.42425823280078,-57.547179654385396,2661.1210955330944,2663.3474062704086
19069.8353615,33.13322464949462,-225.82908379523965,2655.889533746332,2665.679238229307
19069.85319,34.00515161395501,-478.6879034887512,2495.4549722856214,2541.1796429980654
19069.8648561,-123.81362895337463,-667.0241278121944,2246.0838604499513,2346.304266281758
19069.8817101,-324.35683077926313,-762.0641669383763,2062.10727094881,2222.214108744834
19069.8986037,-428.9880665145093,-817.867492663841,1973.1707205738508,2178.6098065734545
19069.9098362,-174.38539289207696,-994.868666449299,1968.8110857515487,2212.7790264992395
19069.9264059,375.8005216824258,-1443.0391261819368,2002.8162373655039,2496.9703307095233
19069.9432347,844.8972285621128,-1933.9340071731333,1946.1409846755787,2870.78679165951
19069.9541632,907.6759700032605,-2340.2519726116725,1638.350766221063,2997.4736354155525
19069.9711617,594.6541897619824,-2641.0667753505054,1084.6771437887187,2916.3970620475275
19069.9878597,217.1098141506358,-2698.6139550048906,472.58441473752856,2748.2703612636938
19069.9990975,317.38141506358005,-2567.824910335833,-35.74900554287578,2587.6115868047686
19070.0155969,836.1779589175089,-2459.705966742745,-483.04753831105313,2642.476479758653
19070.0323696,1498.8424519074015,-2580.0318878382786,-996.6125203782198,3145.8432500168806
19070.0437544,1381.1323117052495,-2448.3709162047603,-1688.9225301597653,3279.4063363107184
19070.0603236,319.1252689925008,-1420.3690251059668,-2538.17939354418,2926.0286633254827
19070.0772395,-592.0384088686012,-84.57691555265733,-2950.600847733942,3010.5992916474825
19070.0887985,-517.9246168894686,642.6101728073036,-2607.933550701011,2735.4179110051023
19070.1058861,-67.13837626344963,867.5673296380828,-1867.6675578741442,2060.42780503424
19070.1229569,50.57176393870232,1095.1402673622433,-1358.4622106292795,1745.6544005655605
19070.1342978,-138.6363873492012,1422.1128790348876,-1307.0185197261167,1936.4716624627338
19070.1520505,-301.6867297032931,1604.345614607108,-1443.911053146397,2179.4079157850338
19070.1697246,-391.49520704271276,1557.2615585262472,-1591.2667101402021,2260.6330532842862
19070.1816197,-453.4020215194001,1518.8967720899902,-1298.2992500815128,2048.9513757396708
19070.1990252,-540.5947179654386,1608.7052494294098,-653.0732963808282,1818.4278811873714
19070.2108035,-677.487251385719,1764.7801760678187,32.261297685034236,1890.6292172079804
19070.2281501,-765.5518747962178,1845.8693837626345,500.48607760026084,2060.046059870494
19070.2408628,-803.0447342680144,1902.5446364525596,701.0292794261494,2180.8253000969
19070.2578809,-762.9360939028367,1980.1461362895338,735.0344310401043,2245.7350287281306
19070.2699936,-639.9943919139224,1949.6286925334202,779.502706227584,2195.0556552048906
19070.2867467,-488.27910009781544,1843.2536028692534,911.1636778611021,2113.3432215180255
19070.2987434,-497.8702967068797,1717.696119986958,1115.194587544832,2107.6085407519427
19070.3166054,-673.9995435278774,1653.1735246168896,1318.3535702641018,2219.3048964480117
19070.3341668,-828.3306162373656,1599.985979784806,1545.926507988262,2374.020958922836
19070.3455896,-830.9463971307466,1532.8476035213564,1756.9328333876754,2475.258910005452
19070.3633733,-729.802869253342,1476.1723508314315,1886.8499510922727,2504.3761249593713
19070.3752583,-546.6982067166613,1445.6549070753179,1954.8602543201825,2492.042466231049
19070.3924412,-355.74620149983696,1507.5617215520053,1975.7865014672318,2510.583598199935
19070.4094457,-223.2133029018585,1667.1243560482555,1946.1409846755787,2572.273805285063
19070.4210339,-147.355656993805,1838.8939680469514,1922.5989566351484,2664.5133633408745
19070.4380398,-150.84336485164656,1742.9820019563092,1934.8059341375938,2608.4888312272756
19070.4501011,-91.5523312683404,1290.4519074013695,1879.8745353765896,2282.011442441481
19070.4673903,-27.901662862732312,841.4095207042712,1712.4645582001956,1908.2147016030685
19070.4789474,27.029735898271927,586.8068470818389,1521.5125529833715,1630.9731240246836
19070.4965947,185.72044343006195,441.1950440169547,1269.5256602543202,1356.775792832828
19070.5145696,450.7862406260189,320.8691229214216,897.2128464297359,1054.1139030392542
19070.5261369,688.822301923704,163.92226931855234,418.52494294098466,822.5021591885147
19070.5441436,667.8960547766548,-256.3465275513531,-160.4345614607108,733.1697829868247
19070.5559554,552.801695467884,-1030.6176719921748,-716.7239647864362,1371.6616718542243
19070.5729757,541.466644929899,-1779.6029344636454,-1104.7314639713074,2163.4704387653296
19070.584187,676.6153244212586,-2212.078708835996,-1491.8670361917184,2752.5929166883134
19070.6016088,885.0058689272905,-2393.4395174437564,-2187.6647538311054,3361.1999623426245
19070.6185993,871.0550374959244,-2348.9712422562766,-3235.7209651124876,4092.22347133713
19070.6299329,451.6581675904793,-2226.0295402673623,-4338.708575154875,4897.304841912188
19070.6474458,-45.340202151940005,-2261.778545810238,-5195.8127812194325,5666.936419415862
19070.6590563,-62.7787414411477,-2321.9415063580045,-5449.543527877405,5923.924222300242
19070.6763992,326.9726116726443,-2226.9014672318226,-5092.925399413108,5568.113716289426
19070.6943192,729.802869253342,-1993.2250407564395,-4493.039647864362,4969.201502087637
19070.7059926,872.7988914248451,-1673.2278447994784,-3986.450081512879,4410.584267178078
19070.7232139,727.1870883599609,-1422.1128790348876,-3481.604369090316,3830.5058523729094
19070.7347253,397.59869579393546,-1283.4764916856864,-2981.1182914900555,3269.933163760909
19070.7516042,81.08920769481578,-1297.4273231170525,-2553.0021519400066,2864.910662862903
19070.769256,-129.04519074013695,-1191.924160417346,-2062.97919791327,2386.0467381136173
19070.7806305,-91.5523312683404,-930.3460710792306,-1411.649755461363,1693.1274829224628
19070.7982941,212.75017932833387,-801.3008803390936,-648.7136615585263,1052.6989856217754
19070.8099995,490.0229540267362,-591.1664819041408,-107.24701662862732,775.3078274954721
19070.8268128,529.2596674274536,-338.3076622106293,195.3116400391262,657.8103880379309
19070.8445191,415.9091620476035,-248.49918487120965,377.5443756113466,614.2247402315841
19070.8563956,134.27675252689926,-210.13439843495271,571.1121617215521,623.1820062718867
19070.8734677,-116.83821323769156,-98.52774698402348,846.6410824910336,860.3255241825115
19070.8850286,-333.076100423867,54.93139876100424,1190.1803064884252,1237.1282509086486
19070.90318,-442.93889794587545,163.05034235409195,1478.7881317248125,1552.2869000237858
19070.9146075,-473.45634170198895,190.95200521682426,1728.1592435604825,1801.9872216244198
19070.931324,-472.58441473752856,163.92226931855234,1899.056928594718,1963.828851370445
19070.9478216,-489.15102706227583,142.9960221715031,1976.6584284316923,2041.2974139803832
19070.9595597,-557.1613302901859,189.2081512879035,1945.2690577111184,2032.313996254717
19070.9762,-563.2648190414086,238.03606129768505,1872.027192696446,1969.3689936227804
19070.9926714,-481.30368438213236,242.39569611998695,1880.74646234105,1956.4294430685925
19071.0039913,-300.8148027388327,231.06064558200197,2010.6635800456472,2046.1296634391363
19071.020201,-75.85764590805347,217.98174111509618,2263.522399739159,2275.2591228304527
19071.0364453,-17.438539289207696,118.58206716661233,2455.3463319204434,2458.2700053047924
19071.0525561,-101.14352787740464,9.591196609064232,2593.982719269645,2595.971562277488
19071.0687664,-151.71529181610694,-52.31561786762308,2621.0124551679164,2625.9209325090246
19071.0797491,-119.45399413107272,-191.82393218128465,2576.544179980437,2586.4349187757302
19071.0956655,-8.719269644603848,-307.7902184545158,2546.0267362243235,2564.578520109785
19071.1118875,155.20299967394848,-396.7267688294751,2613.165112487773,2647.661610806204
19071.1278603,350.5146397130747,-508.3334202804043,2654.1456798174113,2725.0234253159347
19071.1390413,537.9789370720574,-782.1184871209651,2573.928399087056,2743.398999098823
19071.1551964,602.5015324421258,-1130.0173459406587,2321.9415063580045,2651.671106617478
19071.1719588,555.4174763612651,-1418.625171177046,1885.9780241278122,2424.4378847142416
19071.1837868,528.3877404629932,-1678.4594065862407,1325.3289859797849,2202.933613368235
19071.2011525,557.1613302901859,-1957.4760352135638,747.2414085425497,2168.0661657446703
19071.2181542,699.2854254972286,-2168.4823606129767,316.50948809911966,2300.324783733644
19071.2300121,992.2528855559178,-2421.3411803064887,31.38937072057385,2616.9532271204807
19071.2470908,1227.6731659602217,-2681.175415715683,-115.96628627323118,2951.157601994337
19071.2641353,1208.4907727420932,-2820.6837300293446,-374.05666775350505,3091.3791490766534
19071.2757075,839.6656667753505,-2718.6682751874796,-918.1390935767852,2989.845316672112
19071.2926812,508.3334202804043,-2370.769416367786,-1655.7893055102707,2936.0839082017073
19071.3044011,691.4380828170852,-1675.8436256928594,-2197.2559504401697,2848.591264448076
19071.3221573,1080.3175089664167,-897.2128464297359,-2367.2817085099446,2752.471525633592
19071.3390925,1477.9162047603522,-430.73192044343006,-2214.6944897293774,2697.1536809050754
19071.3503863,1281.7326377567656,-147.355656993805,-1994.0969677209,2375.0736748599356
19071.3672275,445.5546788392566,277.2727746984024,-1886.8499510922727,1958.4692750618826
19071.3790813,-427.2442125855885,925.9864362569286,-1889.4657319856537,2147.107181690697
19071.3965193,-712.3643299641343,1401.1866318878383,-1930.4462993152918,2489.459746717456
19071.4089211,-548.442060645582,1790.9379850016303,-1705.4891424845125,2533.1681300575824
19071.4263592,-403.70218454515816,1888.5938050211935,-1287.8361265079882,2321.2677361541178
19071.4434356,-456.8897293772416,1904.2884903814804,-925.1145092924683,2165.848502253385
19071.4546657,-720.2116726442778,2036.8213889794588,-748.1133355070101,2286.2676542305157
19071.4716824,-910.2917508966417,2149.2999673948484,-701.0292794261494,2437.1219649838445
19071.489193,-1038.4650146723181,2221.6699054450605,-749.8571894359309,2564.471204753018
19071.5010054,-1099.4999021845451,2356.81858493642,-705.3889142484512,2694.6367839748164
19071.51756,-1039.3369416367786,2509.4058037169875,-409.80567329638086,2746.867207537578
19071.5294014,-962.6073687642647,2516.3812194326706,39.23671340071731,2694.49937977191
19071.5468731,-845.7691555265732,2360.3062927942615,461.24936419954355,2549.3376073440736
19071.5642397,-789.0939028366482,2202.487512226932,738.5221388979459,2453.372246246368
19071.5756374,-867.5673296380828,2148.428040430388,872.7988914248451,2475.922862537391
19071.5919776,-892.853211607434,2083.9054450603194,930.3460710792306,2450.5902500014804
