timestamp,gx,gy,gz,magnitude
63054.7494061,-2.6157808933811544,-9.591196609064232,-0.8719269644603848,9.979660250091495
63054.7872591,23.542028040430388,7.847342680143463,-10.463123573524618,26.931112608112915
63054.8373795,-2.6157808933811544,-9.591196609064232,-0.8719269644603848,9.979660250091495
63054.8484915,-0.8719269644603848,-8.719269644603848,0.0,8.762757543528362
63054.8649007,13.950831431366156,-8.719269644603848,0.8719269644603848,16.474574877460636
63054.881611,586.8068470818389,-2.6157808933811544,49.69983697424193,588.9135691144135
63054.8937187,1299.1711770459733,-31.38937072057385,358.3619823932181,1348.055766756721
63054.9099531,2988.965634170199,-137.7644603847408,1164.0224975546137,3210.5829663176187
63054.9263633,59.29103358330617,144.73987610042386,1776.1152266058039,1782.9891633372115
63054.9373927,-160.4345614607108,183.97658950114118,1816.2238669709814,1832.5544381956533
63054.9538317,-1270.3975872187807,278.14470166286276,1870.2833387675253,2277.989085124383
63054.9703643,-2350.715096185197,212.75017932833387,1465.7092272579068,2778.3857977441126
63054.9815239,-1095.1402673622433,34.87707857841539,1355.8464297358983,1743.2349689115329
63054.9982057,585.0629931529181,5.231561786762309,1410.7778284969024,1527.291771919896
63055.0154445,78.47342680143463,26.15780893381154,1291.3238343658297,1293.9704613643414
63055.0271121,-1070.7263123573525,49.69983697424193,1205.8749918487122,1613.3999521928133
63055.0438135,-20.05432018258885,39.23671340071731,2708.205151613955,2708.5636117072904
63055.06012,-748.1133355070101,54.05947179654385,4043.125334202804,4112.1111922377395
63055.0765372,-742.0098467557874,36.62093250733616,4369.226018910988,4431.935887364461
63055.087359,-649.5855885229867,0.0,4166.067036191718,4216.405576656496
63055.1041024,-611.2208020867297,-20.05432018258885,3902.745092924682,3950.368629002769
63055.1209054,-776.8869253342028,-63.65066840560809,3454.5746331920445,3541.42493900939
63055.1324466,-284.24819041408546,-47.084056080860776,2811.964460384741,2826.6867652001265
63055.1488801,-187.46429735898272,-33.13322464949462,2182.433192044343,2190.7202722157
63055.1653723,-265.065797195957,-34.87707857841539,1495.35474404956,1519.0661927660751
63055.17644,-1146.583958265406,-30.517443756113465,609.4769481578089,1298.8642107859966
63055.1930543,-2270.497815454842,51.443690903162704,-263.3219432670362,2286.2950879370055
63055.2099845,-1552.029996739485,41.85249429409847,360.1058363221389,1593.8083182776622
63055.2265102,894.5970655363548,-291.2236061297685,2865.1520052168244,3015.660974219661
63055.2367922,857.1042060645582,-484.7913922399739,4529.660580371698,4635.45847650659
63055.253039,93.29618519726117,-23.542028040430388,4976.9591131398765,4977.889152956571
63055.2697405,95.91196609064232,322.61297685034236,4271.570198891425,4284.80923754243
63055.2863753,-982.6616889468536,23.542028040430388,2668.9684382132377,2844.2170708626563
63055.2974222,-2894.7975220084772,92.42425823280078,561.5209651124878,2950.2035067427405
63055.3138358,-4180.889794587545,779.502706227584,-700.157352461689,4310.183785142876
63055.3299643,-4059.6919465275514,1722.05575480926,-1041.9527225301597,4531.251504756755
63055.3466293,-3651.6301271600914,2228.6453211607436,-496.9983697424193,4306.770243772185
63055.3575154,-3678.6598630583635,2575.6722530159764,324.35683077926313,4502.425268308863
63055.3733697,-3732.719334854907,3022.0988588196938,757.7045321160743,4862.138552454896
63055.3901114,-3492.9394196283015,3121.4985327681775,860.5919139223997,4762.877000466819
63055.4068518,-3676.9160091294425,2898.285229866319,1034.9773068144766,4794.887552119923
63055.4182504,-4528.788653407239,2705.5893707205737,1429.0882947505706,5465.568027605127
63055.4354557,-4850.52970329312,2861.664297358983,1580.8035865666775,5849.418854263216
63055.446401,-4518.3255298337135,3140.6809259863057,954.7600260841214,5584.864275862885
63055.4630051,-4522.685164656015,2910.4922073687644,2.6157808933811544,5378.257415749417
63055.4795977,-4807.805282034562,2857.304662536681,-452.5300945549397,5611.0573915253435
63055.4956088,-5446.9277469840235,3152.8879034887514,-292.09553309422887,6300.40028992474
63055.5063921,-7326.802282360613,3541.767329638083,71.49801108575156,8138.258994876336
63055.5227063,-9391.525334202805,3530.4322791000977,208.39054450603194,10035.343880471886
63055.5395118,-10137.894815780894,3427.5448972937725,356.61812846429734,10707.574506317997
63055.5565938,-9083.735115748288,3002.916465601565,479.5598304532116,9579.234237841973
63055.5673765,-8387.937398108901,2714.308640365178,624.2997065536355,8838.252955949945
63055.5852304,-9091.582458428431,2947.9850668405606,1232.0328007825237,9636.66915354691
63055.6015881,-9999.258428431693,3211.307010107597,2015.8951418324095,10693.99341006866
63055.6125424,-11332.434757091622,3283.676948157809,2084.77737202478,11981.356705920569
63055.6300721,-7438.408933811543,4799.086012389957,2165.866579719596,9113.294248627693
63055.646155,-6084.306358004565,5068.511444408216,2746.569938050212,8381.660846440458
63055.656751,-6276.13029018585,3847.813694163678,2614.908966416694,7812.3767540376775
63055.673646,-6447.899902184546,3829.5032279100096,2171.970068470818,7807.558011279698
63055.6903688,-6836.779328333877,3630.703880013042,2035.077535050538,8004.067892162245
63055.7068081,-7372.142484512553,2406.518421910662,2044.6687316596021,8020.00535842569
63055.7179794,-7210.835996087382,500.48607760026084,1953.9883273557223,7487.637308242408
63055.7350651,-6319.726638408869,-1367.1814802738834,1627.015715683078,6667.481542778973
63055.7464739,-4571.513074665797,-3169.454515813499,1720.3119008803392,5822.683810405768
63055.7632245,-3195.61232474731,-4534.892142158461,2229.517248125204,5978.957436775682
63055.7799145,-2845.9696119986957,-4761.593152918161,1631.3753505053799,5782.187987308409
63055.7962948,-2378.6167590479295,-4252.3878056732965,153.4591457450277,4874.850710091071
63055.8073977,-2859.0485164656016,-3546.126964460385,-1198.0276491685686,4710.036636348973
63055.8241235,-3496.427127486143,-3671.6844473426804,-1585.1632213889795,5312.156979713929
63055.8406189,-3389.1801108575155,-4119.854907075318,-2086.5212259537007,5728.290941069602
63055.8516993,-2262.6504727746983,-4300.343788718617,-2637.579067492664,5528.957153061853
63055.8681827,-871.9269644603847,-4284.649103358331,-2651.52989892403,5113.617640687513
63055.8842006,-89.80847733941962,-4224.486142810564,-2658.505314639713,4992.193830508597
63055.9006511,1179.7171829149006,-3828.6313009455494,-2413.493837626345,4677.082720511261
63055.9117144,1399.4427779589175,-3873.9715030974894,-2172.841995435279,4656.966569852091
63055.9276104,1439.5514183240953,-4016.0955983045324,-1872.8991196609065,4659.300725768466
63055.9441389,1077.7017280730356,-4118.111053146397,-1649.685816759048,4565.2757807994585
63055.9609611,1100.3718291490056,-4232.333485490708,-1463.965373328986,4611.578852095769
63055.9716499,1302.6588849038149,-4525.300945549397,-1466.581154222367,4932.152582811011
63055.9882033,1518.8967720899902,-4836.578871861754,-1594.7544179980437,5314.394061577405
63056.004461,1443.911053146397,-4700.558265405934,-1650.5577437235083,5186.951706083259
63056.021281,1447.3987610042386,-4087.5936093902837,-1400.314704923378,4556.782413250554
63056.0323921,1411.649755461363,-3124.1143136615588,-1076.829801108575,3593.3838783902133
63056.0484386,1236.3924356048256,-2838.9941962830126,-1123.0419302249757,3293.9000407409
63056.0651242,1084.6771437887187,-2900.02908379524,-1144.8401043364852,3301.113760174448
63056.0818671,889.3655037495924,-2903.5167916530813,-1177.1014020215193,3256.831047093508
63056.0932958,576.3437235083143,-2692.5104662536683,-1264.294098467558,3029.888490676327
63056.1096763,316.50948809911966,-2472.784871209651,-1029.7457450277143,2697.2614954325027
63056.1256429,334.81995435278776,-2137.9649168568635,-616.452363873492,2250.1137536730885
63056.1370714,404.57411150961855,-1614.8087381806326,-513.5649820671666,1742.1356041978975
63056.153718,484.7913922399739,-1382.8761656341703,-715.8520378219758,1630.8934126799682
63056.1702454,669.6399087055755,-1503.2020867297033,-866.6954026736224,1859.8911371086583
63056.1817155,647.8417345940659,-1534.5914574502772,-1003.5879360939028,1944.7001310830503
63056.1978932,503.101858493642,-1489.2512552983371,-1095.1402673622433,1915.8060931695763
63056.2151699,300.8148027388327,-1327.944766873166,-1004.4598630583632,1692.000728696018
63056.2319665,179.61695467883925,-1024.514183240952,-891.9812846429736,1370.2270520695847
63056.2427675,152.58721878056733,-722.8274535376589,-826.5867623084448,1108.6063605024476
63056.2590042,394.9829149005543,-576.3437235083143,-721.9555265731985,1004.6906852560898
63056.2755704,888.4935767851321,-620.8119986957939,-763.808020867297,1325.983056624149
63056.2917462,1296.555396152592,-804.7885881969352,-801.3008803390936,1723.6077476666862
63056.3026093,1370.669188131725,-1027.1299641343332,-751.6010433648516,1870.4636096175227
63056.3192843,1085.549070753179,-1068.9824584284318,-623.4277795891751,1646.1477691277516
63056.3362504,592.9103358330616,-693.1819367460059,-254.60267362243235,947.0302979230962
63056.3473902,96.78389305510271,-418.52494294098466,271.1692859471797,507.9990467114671
63056.3636557,66.26644929898924,-471.7124877730682,259.83423540919466,542.6027490848469
63056.3812635,251.1149657645908,-549.3139876100424,102.01545484186502,612.5452930531668
63056.3926707,431.60384740789044,-531.8754483208347,29.645516791653083,685.6035518356265
63056.409555,582.447212259537,-591.1664819041408,102.88738180632541,836.2466010279417
63056.4261487,719.3397456798174,-469.096706879687,142.9960221715031,870.6028098260103
63056.437369,665.2802738832736,-251.1149657645908,142.9960221715031,725.3305668493698
63056.4544309,492.6387349201174,52.31561786762308,219.72559504401696,541.9494294987422
63056.4708198,265.93772416041736,433.3477013368112,163.05034235409195,533.9461747473306
63056.4818349,76.72957287251386,801.3008803390936,4.359634822301924,804.97797150058
63056.4986835,119.45399413107272,1089.908705575481,-285.9920443430062,1133.1203345764204
63056.5152197,132.5328985979785,1320.9693511574828,-429.85999347896967,1395.458566171688
63056.531661,-58.41910661884578,1655.7893055102707,-313.0217802412781,1686.1297847928988
63056.5435931,-540.5947179654386,2180.6893381154223,-117.71014020215195,2249.7787259125776
63056.5600485,-1118.6822954026736,2859.920443430062,-88.93655037495924,3072.2149551730904
63056.5765472,-1332.304401695468,3859.148744701663,-314.7656341701989,4094.7700127069543
63056.5873948,-1627.015715683078,5079.846494946201,-946.9126834039779,5417.4407409115465
63056.6035251,-2371.6413433322464,6518.525986305836,-1786.5783501793283,7162.941148500157
63056.6198835,-3238.336746005869,7993.826410172807,-2496.3268992500816,8978.849232748464
63056.6369642,-4035.2779915226606,9187.494424519075,-3282.8050211933487,10557.951083264617
63056.6477056,-3920.1836322138897,10117.840495598304,-4292.4964460384745,11668.935758838488
63056.6643672,-2737.8506684056083,11008.949853276818,-5399.8436909031625,12563.881368456143
63056.6810789,-524.0281056406913,11342.897880665145,-6908.277339419628,13291.359358058075
63056.6926889,2034.2056080860777,8794.255363547441,-9034.907205738507,12771.31426563286
63056.7091623,81.08920769481578,4285.521030322791,-8065.324421258559,9133.54936380667
63056.7255572,-1032.3615259210956,2467.553309422889,-5357.119269644604,5987.763900175383
63056.7366502,-1717.696119986958,682.7188131724813,-3890.538115422237,4307.304466372339
63056.7528379,-946.0407564395175,-560.6490381480274,-3808.576980762961,3964.161837667387
63056.7690716,-1567.7246820997718,-1250.3432670361917,-3363.8942288881644,3916.2358646326024
63056.7853801,-2238.2365177698075,-1605.2175415715683,-2341.123899576133,3614.8702851435683
63056.8019295,-2129.2456472122594,-1740.366221062928,-1756.0609064232149,3262.8686024198296
63056.8132719,-1237.264362569286,-1940.037495924356,-1297.4273231170525,2641.5688988264355
63056.8297111,-178.74502771437886,-2128.373720247799,-957.3758069775024,2340.6180623416317
63056.8463871,527.5158134985328,-2453.602477991523,-651.3294424519074,2592.810848500498
63056.8583412,597.2699706553635,-2541.6671014020217,-383.6478643625693,2638.9370504098756
63056.8752773,511.82112813824585,-2511.149657645908,-132.5328985979785,2566.203117353467
63056.8914788,315.6375611346593,-2556.489859797848,85.44884251711771,2577.318175533586
63056.9030015,146.48373002934463,-2514.6373655037496,215.36596022171503,2528.0903979037557
63056.9201512,99.39967394848387,-2226.9014672318226,309.5340723834366,2250.507005522663
63056.9364511,99.39967394848387,-1930.4462993152918,376.6724486468862,1969.3616588353727
63056.9475562,297.3270948809912,-1894.697293772416,429.85999347896967,1965.4670819865255
63056.9639462,565.0086729703294,-1930.4462993152918,341.79537006847085,2040.2651273969373
63056.9797246,851.0007173133355,-1873.7710466253668,216.2378871861754,2069.294319301649
63056.9966547,1134.3769807629606,-1794.4256928594718,23.542028040430388,2123.0470858563976
63057.0076759,1360.2060645582003,-1721.1838278447995,-142.12409520704273,2198.3706615886695
63057.0246259,1523.2564069122923,-1566.8527551353113,-36.62093250733616,2185.5614221916
63057.0411117,1600.8579067492665,-1465.7092272579068,129.91711770459733,2174.379919412264
63057.0523674,1463.965373328986,-1613.0648842517119,296.4551679165308,2198.4218434360328
63057.0690873,1417.7532442125855,-1743.8539289207695,476.0721225953701,2297.32354116702
63057.0854445,1473.5565699380502,-1808.376524290838,588.5507010107597,2405.8234652762994
63057.0967601,1484.0196935115748,-1880.74646234105,576.3437235083143,2464.080719855985
63057.1138156,1429.0882947505706,-1825.8150635800457,517.0526899250082,2375.5499331202423
63057.1300435,1245.98363221389,-1652.301597652429,527.5158134985328,2135.6143647299027
63057.1470338,1192.7960873818063,-1532.8476035213564,619.0681447668732,2038.5361536062119
63057.1575075,1329.6886208020867,-1484.8916204760353,660.9206390609717,2099.9502479790476
63057.1734447,1620.9122269318552,-1514.5371372676884,576.3437235083143,2292.019039015082
63057.1894042,1736.0065862406261,-1544.1826540593413,738.5221388979459,2437.956908194027
63057.2062746,1571.2123899576134,-1272.1414411477015,940.8091946527552,2229.837249976965
63057.2172408,1467.4530811868276,-915.523312683404,909.4198239321813,1954.1355883644176
63057.2329642,1347.1271600912944,-641.7382458428432,940.8091946527552,1764.0015596297671
63057.2498498,1081.1894359308772,-554.5455493968047,1061.1351157482882,1613.2263004918018
63057.266104,914.6513857189436,-541.466644929899,1203.259210955331,1605.492452090034
63057.2774127,865.823475709162,-628.6593413759374,1321.8412781219433,1700.6255387754748
63057.2943922,887.6216498206717,-659.1767851320509,1291.3238343658297,1699.971609318422
63057.3104838,981.7897619823932,-517.0526899250082,1209.3626997065537,1641.2838756088645
63057.3214912,1059.3912618193674,-185.72044343006195,1220.6977502445386,1626.9311375037262
63057.3380586,1020.1545484186502,68.8822301923704,1222.4416041734594,1593.6823836353703
63057.3545802,930.3460710792306,131.6609716335181,1187.564525595044,1514.3275490711462
63057.3709518,1002.7160091294425,47.084056080860776,1134.3769807629606,1514.7499588335997
63057.3817805,1046.3123573524617,-97.6558200195631,1229.4170198891425,1617.3349736913683
63057.3979802,846.6410824910336,-92.42425823280078,1545.0545810238018,1764.2383694994585
63057.4150533,503.9737854581024,142.9960221715031,1778.731007499185,1854.2711333095028
63057.4311878,534.4912292142159,449.91431366155854,1654.9173785458104,1796.3449817775572
63057.4428912,955.6319530485817,697.5415715683079,1329.6886208020867,1779.8506965596823
63057.4596774,1296.555396152592,937.3214867949137,979.173981089012,1875.7422931046624
63057.4754918,1015.7949135963482,1139.6085425497229,816.1236387349202,1731.0704001982251
63057.4865865,444.6827518747962,1314.8658624062602,837.9218128464297,1621.3352368896901
63057.5035419,252.85881969351158,1341.0236713400718,848.3849364199543,1606.872449865107
63057.5201725,551.9297685034236,1247.7274861428107,818.7394196283013,1591.158253062777
63057.5363728,857.1042060645582,1188.4364525595045,786.4781219432671,1662.9962892686153
63057.5472823,730.6747962178024,1201.5153570264101,865.823475709162,1651.416089932311
63057.565009,296.4551679165308,1271.269514183241,1037.5930877078579,1667.5164946516236
63057.5813276,-138.6363873492012,1365.4376263449626,1211.1065536354745,1830.4149921792598
63057.5921909,-336.56380828170853,1480.5319856537333,1334.920182588849,2021.697814083974
63057.6086813,-325.2287577437235,1690.666384088686,1393.339289207695,2214.8410647269575
63057.6259823,-69.75415715683079,2041.1810238017606,1426.4725138571894,2491.2064240361765
63057.6368167,215.36596022171503,2726.515617867623,1522.3844799478318,3130.163640464236
63057.6528484,-345.2830779263124,3810.3208346918814,1543.310727094881,4125.478550126692
63057.6691345,-1217.210042386697,5295.212455167916,1150.9435930877078,5553.876698948411
63057.6855497,-1117.8103684382133,7064.3522660580375,168.28190414085427,7154.22195336492
63057.6963511,-710.6204760352135,8959.049559830453,-1797.9134007173134,9165.262848000468
63057.7129099,-755.9606781871536,11110.093381154222,-4452.931007499185,11993.09159651838
63057.7294616,-553.6736224323444,12459.836322138899,-6501.087447016629,14064.786299422623
63057.7453913,1133.5050537985003,11125.78806651451,-6590.023997391588,12980.616707005118
63057.7571953,2008.9197261167265,7168.983501793284,-5281.26162373655,9128.07796051927
63057.7729837,2655.0176067818716,3715.2807955656995,-4546.227192696446,6443.648932851141
63057.7897823,1310.5062275839582,1703.7452885555917,-4531.40443430062,5015.356490620685
63057.8067168,-1044.568503423541,1252.959047929573,-4825.243821323769,5093.526054645867
63057.8172861,-1655.7893055102707,1312.250081512879,-4620.3409846755785,5080.471367436848
63057.8334852,-1010.5633518095859,615.5804369090316,-3813.808542549723,3993.158294076379
63057.8497284,-610.3488751222693,-504.84571242256277,-3021.226931855233,3123.332693851529
63057.8654474,-555.4174763612651,-1476.1723508314315,-2233.8768829475057,2734.552853863676
63057.8817128,-398.47062275839585,-2030.7179002282362,-1584.291294424519,2606.256497948381
63057.8930083,-165.6661232474731,-2299.2714052820347,-1218.9538963156178,2607.6700061323895
63057.9092114,53.18754483208347,-2293.167916530812,-1039.3369416367786,2518.267119783448
63057.9250546,53.18754483208347,-2039.43716987284,-864.9515487447017,2215.913821984073
63057.9413752,-27.901662862732312,-1924.3428105640692,-830.9463971307466,2096.269465089041
63057.9527344,32.261297685034236,-2097.8562764916855,-692.3100097815455,2209.374322695818
63057.9690057,319.9971959569612,-2510.277730681448,-637.3786110205413,2609.625257457858
63057.9854916,644.3540267362243,-3059.59171829149,-795.1973915878709,3226.241231835774
63058.0014879,919.0110205412456,-3376.1012063906096,-975.6862732311705,3632.437792370314
63058.0123408,1139.6085425497229,-3196.4842517117704,-622.5558526247147,3450.1876747984224
63058.0301639,1395.0831431366157,-2770.9838930551027,-430.73192044343006,3132.1140942059624
63058.0467604,1268.65373328986,-2543.410955330942,-669.6399087055755,2920.07520280197
63058.0574967,1048.9281382458428,-2447.4989892403,-606.8611672644278,2731.0770801772924
63058.0736417,927.7302901858494,-2315.8380176067817,-423.756504727747,2530.4858803044735
63058.0906707,1063.7508966416694,-2403.902641017281,-477.8159765242909,2671.819976161881
63058.1015281,989.6371046625367,-2690.7666123247473,-562.3928920769482,2921.6249461532734
63058.1189117,1322.7132050864036,-2723.0279100097814,-374.92859471796544,3050.4135248748444
63058.1357264,1914.7516139550048,-2508.533876752527,-103.75930877078578,3157.4961517181537
63058.1469591,2605.3177698076297,-2482.3760678187155,54.05947179654385,3598.9990344879825
63058.1634842,2826.7872187805674,-2763.1365503749594,163.92226931855234,3956.326589989475
63058.1812287,2664.608803390936,-3034.305836322139,445.5546788392566,4062.7171886906704
63058.1930939,2490.223410498859,-3109.291555265732,714.9801108575155,4047.234014578992
63058.2098993,2416.109618519726,-3084.005673296381,736.7782849690251,3986.416802446741
63058.2265963,2293.167916530812,-2913.979915226606,599.8857515487447,3756.2961750455097
63058.2376043,2034.2056080860777,-2618.3966742745356,599.8857515487447,3369.5484140656004
63058.2536037,1667.996283012716,-2374.2571242256276,684.4626671014021,2981.2409554975507
63058.2709407,1657.5331594391914,-2294.039843495272,729.802869253342,2922.7807317954407
63058.287437,1897.3130746657973,-2229.517248125204,591.1664819041408,2986.6405663073156
63058.2980401,2293.167916530812,-2141.452624714705,205.77476361265082,3144.3253156509754
63058.3151926,2465.809455493968,-2146.684186501467,-108.99087055754809,3271.138682056115
63058.3263654,2228.6453211607436,-1932.1901532442125,-81.96113465927617,2950.7518335875357
63058.3421114,1634.8630583632214,-1667.1243560482555,74.98571894359308,2336.1728737778685
63058.3592762,987.8932507336159,-1438.6794913596348,298.19902184545157,1770.495526775889
63058.3751466,646.9698076296055,-1250.3432670361917,560.6490381480274,1515.3400810984097
63058.3915855,619.9400717313335,-1104.7314639713074,545.8262797522009,1379.3779857945271
63058.4027587,563.2648190414086,-838.7937398108901,326.1006847081839,1061.6891498375767
63058.4188345,559.7771111835671,-614.7085099445712,198.79934789696773,854.8322333227463
63058.435581,1209.3626997065537,-266.80965112487775,322.61297685034236,1279.7752389412535
63058.4470111,1554.645777632866,-43.59634822301924,585.0629931529181,1661.6626737840422
63058.4632698,724.5713074665797,-173.51346592761658,736.7782849690251,1047.8324024689925
63058.4797814,158.69070753179003,-496.1264427779589,795.1973915878709,950.6119499925326
63058.4959948,459.5055102706228,-974.8143462667101,706.2608412129116,1288.4924134379792
63058.5070325,664.4083469188132,-862.3357678513205,615.5804369090316,1250.6001368447994
63058.5236333,653.9452233452886,-559.7771111835671,599.0138245842843,1048.719376851706
63058.5401546,801.3008803390936,-600.7576785132051,574.5998695793935,1154.6245706918928
63058.5522805,905.9321160743398,-818.7394196283013,494.38258884903814,1317.3691131741687
63058.5687994,1007.0756439517444,-912.0356048255625,432.4757743723508,1425.8490777530822
63058.5850443,1102.9876100423867,-824.842908379524,544.9543527877405,1481.1896360808475
63058.6017016,1222.4416041734594,-582.447212259537,846.6410824910336,1597.0001105963256
63058.6127317,1235.5205086403653,-265.93772416041736,1252.959047929573,1779.646081722754
63058.6288682,1120.4261493315944,120.32592109553309,1665.3805021193348,2010.802153428517
63058.6449147,1050.6719921747635,554.5455493968047,2048.1564395174437,2367.778959749635
63058.6617381,982.6616889468536,954.7600260841214,2288.80828170851,2667.55207123488
63058.6720897,1087.2929246820997,1394.2112161721552,2411.7499836974243,2990.412814851575
63058.688377,1244.2397782849691,2031.5898271926965,2585.2634496250407,3515.5478884217528
63058.7055393,1069.854385392892,2982.862145418976,2929.6746005868927,4315.674715480984
63058.7166008,229.3167916530812,4111.135637430714,3407.4905771111835,5344.624818767769
63058.7335253,-284.24819041408546,5170.526899250081,3311.5786110205413,6146.681897299639
63058.7505206,475.2001956309097,6405.175480925986,2310.6064558200196,6825.759324870768
63058.7618254,1700.2575806977502,7567.454124551679,737.6502119334855,7791.108111371573
63058.7780174,1930.4462993152918,8328.646364525595,-509.2053472448647,8564.593584375636
63058.7943295,1356.7183567003588,8891.039256602544,-1249.4713400717314,9080.332724714215
63058.8104874,573.7279426149332,9394.141115096185,-2133.6052820345617,9650.45711570201
63058.8216246,1021.8984023475709,9744.65575480926,-3289.780436909032,10335.62999761152
63058.8383592,1914.7516139550048,9354.904401695469,-4504.374698402347,10557.93074099332
63058.8548876,916.3952396478644,7526.473557222042,-4911.5645908053475,9033.883504477173
63058.8710842,-906.8040430388002,5397.227910009781,-4093.6970981415066,6834.524022665532
63058.8822055,-667.8960547766548,3862.6364525595045,-3592.339093576785,5317.0429439555755
63058.8978673,264.1938702314966,2390.823736550375,-3750.157874144115,4455.28008337587
63058.9139709,-484.7913922399739,987.8932507336159,-3594.9548744701665,3759.6085325884414
63058.9302657,-1625.2718617541573,220.59752200847734,-3456.318487120965,3825.7429834922605
63058.9467506,-1983.6338441473754,155.20299967394848,-3393.5397456798173,3933.8280598245933
63058.9572695,-1362.8218454515813,-47.084056080860776,-2991.58141506358,3287.7134385056875
63058.9738125,-725.4432344310401,-789.0939028366482,-2883.4624714704923,3076.2465600556893
63058.9903954,-391.49520704271276,-1616.5525921095534,-2726.515617867623,3193.806223719529
63059.0015935,-121.19784805999348,-2026.3582654059342,-2520.7408542549724,3236.5029263795527
63059.0180972,-19.182393218128464,-2219.9260515161395,-2434.420084773394,3294.6685398621985
63059.0340904,-178.74502771437886,-2150.1718943593087,-2164.9946527551356,3056.532480881504
63059.0505418,-194.4397130746658,-1851.9728725138573,-1477.0442777958917,2376.8193286653855
63059.0617127,97.6558200195631,-1897.3130746657973,-1079.4455820019564,2185.0712407116193
63059.0782973,281.6324095207043,-2270.497815454842,-925.1145092924683,2467.856154515715
63059.0952492,538.8508640365178,-2540.7951744375614,-812.6359308770786,2721.466062303654
63059.1063231,657.4329312031301,-2675.0719269644605,-605.117313335507,2820.3536722124186
63059.1223657,726.3151613955005,-2600.958134985328,-436.83540919465275,2735.5697959192316
63059.1381865,796.0693185523313,-2385.5921747636125,-305.17443756113465,2533.358999742143
63059.1547197,1042.8246494946202,-2182.433192044343,-151.71529181610694,2423.5336632902963
63059.1715377,1585.1632213889795,-2062.10727094881,7.847342680143463,2600.9787419606823
63059.1830661,2191.152461688947,-2061.2353439843496,-117.71014020215195,3010.5972714333984
63059.2000567,3024.7146397130746,-2250.443495272253,-206.6466905771112,3775.724755836191
63059.2166476,3737.9508966416693,-2491.96726442778,-80.2172807303554,4493.173996721216
63059.2271259,3826.887447016629,-2484.9918487120967,391.49520704271276,4579.685635219565
63059.2430496,3349.9433974567983,-2296.6556243886535,900.7005542875775,4160.289570654233
63059.2603555,2529.460123899576,-2145.812259537007,1211.9784805999348,3531.5110942788638
63059.2769195,1826.686990544506,-1974.042647538311,1308.7623736550374,2991.068151416777
63059.2875293,1259.934463645256,-1858.0763612650799,1295.6834691881318,2592.0413324830547
63059.30453,1122.1700032605152,-1808.376524290838,1227.6731659602217,2456.9640966531665
63059.3205217,1462.2215194000653,-1698.5137267688294,1157.0470818389306,2522.260613301242
63059.3318862,1868.5394848386045,-1655.7893055102707,1095.1402673622433,2726.2447131248778
63059.3480585,1904.2884903814804,-1722.05575480926,1177.1014020215193,2824.421779393456
63059.3653122,1452.630322791001,-1793.5537658950113,1318.3535702641018,2658.0116820804546
63059.3814648,1068.1105314639713,-1760.420541245517,1247.7274861428107,2407.6470815174853
63059.3936182,1314.8658624062602,-1634.8630583632214,1072.4701662862733,2356.234647333795
63059.4100157,1574.700097815455,-1603.4736876426475,977.4301271600913,2450.750480669647
63059.4271174,1534.5914574502772,-1412.5216824258232,1021.8984023475709,2322.598714656271
63059.4377531,1281.7326377567656,-1222.4416041734594,980.9178350179328,2024.6979600328946
63059.4545629,1028.0018910987935,-1162.278643625693,959.1196609064232,1824.1683193906008
63059.4710826,522.2842517117705,-1154.4313009455493,877.158526247147,1541.0709095810694
63059.4819402,695.7977176393871,-961.7354417998043,947.7846103684383,1519.0013797022364
63059.4976462,1267.7818063253994,-666.152200847734,867.5673296380828,1674.4260313908544
63059.5143597,1631.3753505053799,-529.2596674274536,684.4626671014021,1846.6159515333811
63059.5309226,1637.4788392566027,-436.83540919465275,673.1276165634171,1823.5303430214035
63059.5422576,1284.3484186501466,-486.5352461688947,858.848059993479,1619.84178128863
63059.5584198,639.9943919139224,-581.5752852950766,1162.278643625693,1448.6939910055892
63059.5745458,44.46827518747962,-673.9995435278774,1457.8618845777632,1606.7402050980625
63059.5910606,-413.2933811542224,-617.3242908379524,1811.8642321486795,1958.2524593892877
63059.6020562,-607.7330942288881,-467.35285295076625,2062.10727094881,2200.0101363135095
63059.6187052,-448.17045973263777,-181.36080860776002,2320.197652429084,2370.0349470447177
63059.6354196,-397.59869579393546,49.69983697424193,2450.1147701336813,2482.6633246414076
63059.6463982,-537.9789370720574,245.0114770133681,2460.577893707206,2530.591933046899
63059.662841,-542.3385718943593,509.2053472448647,2325.429214215846,2441.5245734081204
63059.6791473,-319.9971959569612,894.5970655363548,2143.1964786436256,2344.3534846854923
63059.6960123,187.46429735898272,1716.8241930224976,1991.4811868275187,2636.0245617254004
63059.7071145,610.3488751222693,3075.286403651777,1625.2718617541573,3531.4898893325926
63059.7229535,1000.9721552005217,4659.577698076296,930.3460710792306,4855.837043380815
63059.7398762,1363.6937724160418,6322.34241930225,207.51861754157156,6471.069335779156
63059.7558971,1209.3626997065537,7848.214607107923,-227.57293772416043,7944.105997571288
63059.7667695,891.1093576785132,9209.292598630584,-613.8365829801108,9272.644790195458
63059.7834524,1282.6045647212259,10458.763938702315,-1469.1969351157484,10639.048699441939
63059.8004022,2744.8260841212914,11520.770981415064,-2793.653994131073,12168.267620216633
63059.8118041,4389.280339093577,11623.65836322139,-4345.683990870558,13162.83347112424
63059.8283134,4099.800586892729,8472.514313661559,-5748.614476687317,11028.98146018321
63059.8452858,-1687.1786762308445,4102.416367786111,-4378.817215520052,6233.011482994575
63059.8615678,-3424.929116400391,2566.9529833713727,-3191.2526899250083,5338.865123053771
63059.8727303,-1970.5549396804695,2440.523573524617,-2893.0536680795567,4267.200676042438
63059.8898161,-782.1184871209651,1913.0077600260843,-3122.3704597326378,3744.3965208865643
63059.9066447,-633.0189761982393,1279.1168568633843,-3267.9822627975223,3566.0287474582065
63059.9174193,-1081.1894359308772,699.2854254972286,-3010.7638082817084,3274.548734091515
63059.9343249,-1232.904727746984,426.3722856211281,-2348.9712422562766,2686.915199739963
63059.9512965,-612.9646560156505,-40.1086403651777,-1774.371372676883,1877.692238022934
63059.9624933,-186.59237039452233,-804.7885881969352,-1549.4142158461036,1755.9002809520416
63059.9791064,-99.39967394848387,-1385.4919465275514,-1306.1465927616564,1906.695348202395
63059.9952237,-160.4345614607108,-1483.1477665471145,-1181.4610368438214,1902.975755889933
63060.0064621,-303.4305836322139,-1349.7429409846757,-1128.273492011738,1785.1826793350053
63060.0226851,-419.39686990544504,-1098.6279752200849,-994.868666449299,1540.3378934199063
63060.0394334,-336.56380828170853,-1073.3420932507336,-1014.0510596674275,1514.4761463296759
63060.0559623,-200.5432018258885,-1181.4610368438214,-1146.583958265406,1658.5302320820751
63060.0670238,156.94685360286925,-1215.4661884577763,-1270.3975872187807,1765.191321004954
63060.0837876,402.8302575806978,-1243.3678513205086,-1412.5216824258232,1924.4358480975634
63060.1004789,503.9737854581024,-1232.904727746984,-1510.1775024453864,2013.6235330920274
63060.1116594,483.9194652755135,-1093.3964134333226,-1394.2112161721552,1836.7140988955337
63060.1285031,299.07094880991195,-1038.4650146723181,-1081.1894359308772,1528.6672677495803
63060.145105,271.1692859471797,-1211.1065536354745,-1000.1002282360613,1593.8984699213818
63060.156304,398.47062275839585,-1479.660058689273,-946.9126834039779,1801.3373799688745
63060.1729686,442.93889794587545,-1638.350766221063,-753.3448972937724,1856.856654340667
63060.1896901,420.26879686990543,-1725.5434626671015,-537.107010107597,1855.4271862518267
63060.2062578,411.54952722530163,-1842.381675904793,-361.84969025105966,1922.1546377448176
63060.2173763,399.34254972285623,-1974.042647538311,-266.80965112487775,2031.6265001846662
63060.2340537,468.22477991522663,-2060.3634170198893,-281.6324095207043,2131.583605869818
63060.2507786,600.7576785132051,-2101.343984349527,-326.1006847081839,2209.728034266133
63060.2615502,618.1962178024128,-2173.713922399739,-275.5289207694816,2276.645551314491
63060.2780019,566.7525268992501,-2263.522399739159,-204.90283664819043,2342.3764115389486
63060.2943959,766.4238017606782,-2336.764264753831,-215.36596022171503,2468.6545262061327
63060.3107472,1046.3123573524617,-2421.3411803064887,-238.90798826214544,2648.5353853501656
63060.321848,1201.5153570264101,-2530.332050864037,-215.36596022171503,2809.3775000206588
63060.3378268,1285.2203456146071,-2620.140528203456,-168.28190414085427,2923.2253631181584
63060.3541838,1290.4519074013695,-2736.9787414411476,-84.57691555265733,3027.1227281134475
63060.3703986,1209.3626997065537,-2903.5167916530813,46.21212911640039,3145.6483369458824
63060.381475,1180.5891098793609,-3081.3898924029995,72.36993805021193,3300.604751148265
63060.3975098,1166.6382784479947,-3301.1154874470167,70.62608412129117,3501.9132453504562
63060.4141026,1305.274665797196,-3458.062341049886,48.82791000978155,3696.5282729279
63060.4307522,1681.0751874796217,-3366.5100097815457,81.08920769481578,3763.7718968507593
63060.44205,2372.513270296707,-3247.9279426149333,155.20299967394848,4025.1637369504165
63060.458678,2911.3641343332247,-3168.582588849038,302.5586566677535,4313.640977847335
63060.4752024,3464.1658298011084,-3053.4882295402676,496.9983697424193,4644.485186092123
63060.4862712,3556.5900880339095,-2553.874078904467,522.2842517117705,4409.578971374401
63060.5020759,3719.6404303880013,-2164.122725790675,682.7188131724813,4357.207486627225
63060.5181263,3515.6095207042713,-1730.7750244538638,764.6799478317574,3992.4714037743297
63060.5343424,3229.6174763612653,-1245.98363221389,754.2168242582328,3542.844517242776
63060.5510804,2668.0965112487775,-831.818324095207,762.0641669383763,2896.7917619618324
63060.561813,1619.1683730029345,-633.8909031626997,1122.1700032605152,2069.490133695519
63060.578728,293.83938702314964,-541.466644929899,1879.8745353765896,1978.2456828450631
63060.5950876,-864.0796217802413,-580.7033583306162,2661.1210955330944,2857.519110739873
63060.61096,-1036.7211607433974,-938.193413759374,2947.9850668405606,3262.7616525068993
63060.6217741,-87.19269644603848,-1259.0625366807956,2486.7357026410173,2788.6727115916856
63060.6381344,1549.4142158461036,-1152.6874470166285,1666.2524290837953,2550.6410802391147
63060.6549243,2412.6219106618846,-389.751353113792,1131.7611998695795,2693.238573648845
63060.6708882,2084.77737202478,1619.1683730029345,792.5816106944898,2756.118379288268
63060.6816755,1162.278643625693,4997.885360286926,866.6954026736224,5203.932228710742
63060.6979342,1694.1540919465276,8983.463514835345,842.2814476687316,9180.534453218064
63060.7140658,2063.851124877731,11026.388392566025,28.773589827192698,11217.912032497197
63060.7299506,2219.0541245516793,10766.55415715683,-1235.5205086403653,11062.070355677177
63060.7462683,1559.005412455168,8669.569807629605,-2413.493837626345,9133.28478860085
63060.7574025,-27.029735898271927,7154.160743397457,-2289.6802086729704,7511.683034246099
63060.7739942,576.3437235083143,7607.562764916857,-2648.9141180306488,8076.133314555855
63060.7909987,1142.2243234431041,8255.404499510923,-3714.408868601239,9124.319870475487
63060.8021177,2099.6001304206065,8169.083730029345,-4594.183175741768,9604.622259524895
63060.8192203,1601.7298337137267,6144.469318552331,-4847.913922399739,7988.886722556327
63060.8356051,-943.4249755461364,3466.7816106944897,-3956.804564721226,5344.616710684915
63060.8467442,-1996.712748614281,1921.727029670688,-2732.6191066188458,3891.9280259151888
63060.8632775,-1987.9934789696772,1379.3884577763288,-2417.853472448647,3420.64993884269
63060.8798266,-976.5582001956309,1424.7286599282686,-2808.4767525268994,3297.1289544502756
63060.8964516,-97.6558200195631,1285.2203456146071,-2978.5025105966743,3245.4283540999813
63060.9073661,10.463123573524618,603.3734594065862,-2740.466449298989,2806.122835551679
63060.9239652,-442.93889794587545,-354.0023475709162,-2301.0152592109553,2369.8488881194276
63060.9402664,-612.9646560156505,-1087.2929246820997,-1924.3428105640692,2293.692836052325
63060.9562189,-379.28822954026737,-1512.7932833387677,-1767.3959569612,2357.136302351961
63060.9675257,-9.591196609064232,-1788.322204108249,-1625.2718617541573,2416.5464864903392
63060.9835268,206.6466905771112,-2026.3582654059342,-1335.7921095533095,2435.8101802994215
63061.0002928,472.58441473752856,-2219.9260515161395,-1194.539941310727,2564.826187997831
63061.0163005,819.6113465927617,-2374.2571242256276,-1127.4015650472775,2753.160718205677
63061.0272581,1298.2992500815128,-2423.9569611998695,-1115.194587544832,2967.28954781983
63061.0435826,1514.5371372676884,-2522.484708183893,-1159.6628627323116,3162.5258573464794
63061.0598319,1660.1489403325725,-2532.9478317574176,-1250.3432670361917,3276.473333923947
63061.0764179,2077.801956309097,-2361.1782197587218,-1107.3472448646887,3334.4626967195622
63061.0880099,2512.0215846103683,-2300.143332246495,-821.3552005216825,3503.6461230909736
63061.105105,3054.360156504728,-2495.4549722856214,-875.4146723182263,4040.143850515554
63061.1216651,2960.1920443430063,-2854.6888816432997,-782.9904140854255,4186.294248965207
63061.1325679,2691.6385392892075,-3008.1480273883276,-490.0229540267362,4066.20155382641
63061.1498939,2573.928399087056,-2890.4378871861754,-316.50948809911966,3883.286860298232
63061.1665158,2739.594522334529,-2616.6528203456146,-249.37111183567004,3796.6348363315337
63061.1771258,2916.595696119987,-2430.9323769155526,-218.85366807955657,3803.138125784259
63061.1934618,3145.040560808608,-2412.6219106618846,-151.71529181610694,3966.742006068453
63061.2100298,3508.634104988588,-2437.0358656667754,13.07890446690577,4271.981759204659
63061.2263342,3839.9663514835343,-2592.238865340724,71.49801108575156,4633.589956081348
63061.2373043,4162.579328333877,-2689.0227583958267,68.8822301923704,4956.072519796244
63061.253831,4188.737137267688,-2679.4315617867624,204.90283664819043,4976.631136812435
63061.2706293,3843.454059341376,-2461.449820671666,449.91431366155854,4586.207280050677
63061.281698,3322.913661558526,-2238.2365177698075,545.8262797522009,4043.437181324663
63061.2981518,3054.360156504728,-1994.0969677209,537.9789370720574,3687.13439123806
63061.3144813,2942.7535050537986,-2030.7179002282362,476.0721225953701,3606.973530222568
63061.3310714,2789.2943593087707,-2112.6790348875124,578.9595044016954,3546.6561484110653
63061.3417132,2527.7162699706555,-2233.0049559830454,755.0887512226932,3456.272514883954
63061.3580617,2404.7745679817413,-2230.389175089664,928.6022171503098,3408.7943136636145
63061.3743793,2384.7202477991523,-1991.4811868275187,898.9567003586567,3234.3486402784283
63061.3909667,2183.3051190088036,-1689.7944571242256,814.3797848059994,2878.444195032877
63061.402052,1969.6830127160092,-1413.3936093902837,748.9852624714705,2537.382822722414
63061.4181798,1731.646951418324,-1301.7869579393544,771.6553635474405,2299.7179062460914
63061.4342544,1428.2163677861101,-1315.7377893707205,928.6022171503098,2152.5031942570427
63061.4506166,1190.1803064884252,-1459.605738506684,1076.829801108575,2169.456266991814
63061.4612677,1158.7909357678514,-1538.951092272579,1228.5450929246822,2284.839150262883
63061.4773897,1209.3626997065537,-1545.926507988262,1347.1271600912944,2380.58784609977
63061.4942852,1127.4015650472775,-1453.5022497554614,1422.9848059993478,2325.6372969618974
63061.5108806,939.9372676882948,-1366.3095533094229,1377.644603847408,2155.96579684461
63061.5221386,796.9412455167917,-1292.1957613302902,1361.0779915226606,2038.9748731686675
63061.5386176,612.9646560156505,-1237.264362569286,1457.8618845777632,2007.9616647020416
63061.5551481,491.766807955657,-1216.3381154222368,1559.005412455168,2037.5992934088692
63061.5662596,583.3191392239974,-1154.4313009455493,1575.5720247799152,2038.479838521083
63061.5829193,857.9761330290186,-970.4547114444082,1613.9368112161721,2069.4679080407855
63061.5994276,980.9178350179328,-806.5324421258559,1790.0660580371698,2194.773535332176
63061.615574,870.183110531464,-726.3151613955005,2037.6933159439193,2331.7260579600065
63061.6262838,664.4083469188132,-851.0007173133355,2484.119921747636,2708.5960307780642
63061.6427114,468.22477991522663,-1167.5102054124552,3309.8347570916208,3540.8079083057646
63061.6594993,42.724421258558856,-1435.1917835017932,4254.131659602217,4489.903897505252
63061.675804,-180.48888164329964,-1271.269514183241,4828.731529181611,4996.533858086135
63061.6865094,57.547179654385396,-137.7644603847408,4628.188327355722,4630.595849121691
63061.7024947,1307.8904466905772,2587.0073035539617,3624.6003912618194,4641.2188275841245
63061.7193691,2648.9141180306488,6467.0822954026735,2628.85979784806,7466.646051404509
63061.7357007,2904.3887186175416,8798.614998369743,1566.8527551353113,9397.133992587578
63061.746732,2095.2404955983047,9768.197782849691,816.1236387349202,10023.660930666329
63061.7635304,37.49285947179654,10133.535180958592,932.9618519726117,10176.461015278002
63061.7795465,-3484.2201499836974,10137.894815780894,1859.8202151940006,10880.056644256674
63061.7960653,-2798.013628953375,11172.87212259537,1860.6921421584611,11667.22447643688
63061.8070317,4166.938963156179,13625.602673622432,-1164.0224975546137,14295.991638109934
63061.8236973,9657.463058363222,13604.676426475384,-6923.100097815455,18063.308898347437
63061.8396331,9124.715683077926,9071.528138245843,-12050.902575806978,17628.87721755375
63061.8564275,4369.226018910988,4280.289468536029,-11365.567981741115,12906.864432788005
63061.8674183,-3178.1737854581024,3526.072644277796,-7540.424388653408,8910.217554262994
63061.8851136,-7862.165438539289,3559.205868927291,-4843.554287577437,9896.545353661446
63061.9017416,-5888.994717965438,2444.8832083469188,-5407.691033583306,8360.671923080037
63061.9136427,-2214.6944897293774,1492.7389631561787,-7338.137332898598,7809.058894094884
63061.929994,731.5467231822628,988.7651776980763,-8921.556700358657,9005.941990849233
63061.9426114,2175.4577763286597,-61.906814476687316,-9189.238278447994,9443.439475549221
63061.9598187,1908.6481252037822,-1082.0613628953374,-7280.590153244213,7603.998121937658
63061.9765196,24.413955004890774,-2031.5898271926965,-4199.200260841213,4664.894007134647
63061.9878479,-1692.4102380176068,-2811.964460384741,-1456.989957613303,3590.8517480953838
63062.0050609,-1531.975676556896,-3695.2264753831105,73.24186501467231,4000.8764725651145
63062.0166709,-721.0835996087382,-4308.191131398761,315.6375611346593,4379.5090423798265
63062.0331427,409.80567329638086,-4113.7514183240955,329.58839256602545,4147.230392701093
63062.0502748,1890.3376589501142,-3112.7792631235734,99.39967394848387,3643.1650389404817
63062.0615675,2749.185718943593,-2145.812259537007,-306.9182914900554,3500.9614690930107
63062.0785151,2663.7368764264756,-1757.8047603521356,-601.6296054776655,3247.6653005717994
63062.0949583,2303.6310401043365,-1373.284969025106,-523.1561786762309,2732.4567631290324
63062.1064305,1399.4427779589175,-1097.7560482556244,39.23671340071731,1779.0581637320538
63062.1243419,1055.0316269970656,-766.4238017606782,671.3837626344963,1466.715151145109
63062.1410773,1514.5371372676884,-527.5158134985328,869.3111835670036,1824.2252074589608
63062.1515963,2369.897489403326,-279.01662862732314,531.0035213563743,2444.6327186355857
63062.1679833,3149.40019563091,-185.72044343006195,99.39967394848387,3156.4369105890487
63062.1845261,3201.715813498533,-281.6324095207043,52.31561786762308,3214.504299012817
63062.1962873,2561.72142158461,-604.2453863710466,362.72161721552004,2656.895952112467
63062.213008,1773.4994457124226,-1023.6422562764917,490.8948809911966,2105.735391011999
63062.2296506,1386.3638734920119,-1372.4130420606457,548.442060645582,2026.403474539832
63062.2462547,1261.6783175741768,-1565.1089012063906,478.6879034887512,2066.528528382499
63062.2573623,1615.680665145093,-1607.8333224649496,245.8834039778285,2292.5991042709784
63062.2738467,2205.9752200847734,-1688.9225301597653,10.463123573524618,2778.290024721005
63062.2901764,2560.84949462015,-1868.5394848386045,-69.75415715683079,3170.844616649932
63062.3067556,2457.0901858493644,-2040.3090968373003,-31.38937072057385,3193.922147552839
63062.3174425,2117.0386697098143,-2167.6104336485164,-64.52259537006847,3030.6023966237963
63062.3345319,1863.3079230518422,-2194.6401695467885,-230.18871861754158,2888.1393207521883
63062.3511331,2035.077535050538,-2062.10727094881,-490.8948809911966,2938.503829289777
63062.3626462,2580.0318878382786,-1907.776198239322,-763.808020867297,3298.4204185597764
63062.3794935,3117.1388979458757,-1842.381675904793,-999.2283012716009,3756.2457782817023
63062.3956803,3316.8101728073034,-1860.6921421584611,-1175.3575480925986,3980.5615604065842
63062.406611,3124.1143136615588,-1936.5497880665146,-1211.1065536354745,3870.02511758571
63062.4228763,2804.1171177045976,-1923.4708835996087,-1152.6874470166285,3590.47370138943
63062.4391212,2380.3606129768505,-1892.081512879035,-1048.0562112813825,3216.2883765601046
63062.4550092,2236.492663840887,-1801.401108575155,-1024.514183240952,3049.02848478852
63062.4714415,2473.6567981741114,-1660.1489403325725,-991.3809585914574,3139.7306674774
63062.4827384,2995.941049885882,-1679.331333550701,-1075.0859471796543,3598.836797641659
63062.4993417,3358.662667101402,-1959.2198891424846,-1211.1065536354745,4072.583525190243
63062.5161407,3421.4414085425497,-2287.93635474405,-1307.0185197261167,4318.473281885181
63062.5272332,3349.9433974567983,-2556.489859797848,-1225.0573850668407,4388.453801297266
63062.5433854,3181.661493315944,-2860.7923703945225,-712.3643299641343,4337.576026211206
63062.5594411,3126.7300945549396,-3288.9085099445715,508.3334202804043,4566.373083438905
63062.5761853,3199.1000326051517,-3853.04525595044,2431.804303880013,5567.2139293713
63062.5872286,3903.6170198891427,-4390.152266058038,3752.773655037496,6971.009457968495
63062.6039476,3608.033778937072,-4609.005934137594,4227.973850668405,7220.568283231057
63062.6206748,2974.1428757743724,-3801.6015650472777,3897.51353113792,6203.894908063203
63062.6316155,3296.755852624715,-1503.2020867297033,3387.436256928595,4960.135084865961
63062.6483475,3267.9822627975223,2539.0513205086404,3226.1297685034237,5247.323409259224
63062.6639909,2965.4236061297684,7406.147636126508,4043.9972611672647,8944.19777398858
63062.6805753,1793.5537658950113,13011.766090642323,5385.892859471796,14196.152077322038
63062.6913071,578.087577437235,18169.214085425498,5223.714444082165,18914.0613915289
63062.7073433,2061.2353439843496,23446.116074339745,2314.094163677861,23650.03344422732
63062.7244825,6271.770655363547,24633.68059993479,-5303.931724812521,25966.998648179495
63062.7411587,10191.954287577437,16563.12461688947,-13990.940071731335,23957.45047715753
63062.7519848,2825.915291816107,6839.395109227258,-11648.07231822628,13800.025776326333
63062.7684352,-2036.8213889794588,2415.237691555266,-9930.376198239323,10420.863012048065
63062.7845863,-4518.3255298337135,-551.9297685034236,-10746.499836974242,11670.78192791703
63062.8008466,-2767.496185197261,-372.3128138245843,-10710.750831431367,11068.777499770564
63062.8118702,-1887.721878056733,-863.2076948157809,-8740.195891750896,8983.298149313672
63062.8283801,-3191.2526899250083,-2931.4184545158137,-6886.479165308119,8136.3937454287625
63062.8450141,-3043.025105966743,-3807.7050537985,-4583.720052168243,6690.972208051367
63062.8613871,-2179.817411150962,-3432.776459080535,-2188.5366807955656,4617.927128827614
63062.8725978,194.4397130746658,-2624.500163025758,-759.4483860449951,2739.0819189664876
63062.8886634,428.9880665145093,-2580.903814802739,733.2905771111836,2717.1327411363695
63062.905059,-135.14867949135964,-2824.171437887186,1572.9562438865341,3235.490816140214
63062.9212717,-503.9737854581024,-3002.044538637105,1798.7853276817737,3535.8011317766536
63062.9325136,-476.0721225953701,-2879.1028366481905,1444.7829801108576,3256.2671373101634
63062.9497225,-111.60665145092925,-2338.508118682752,600.7576785132051,2417.020077303002
63062.9662828,288.6078252363873,-1627.8876426475383,51.443690903162704,1654.0734890584447
63062.9773532,608.6050211933485,-1198.0276491685686,-303.4305836322139,1377.5850024871456
63062.9950328,944.2969025105967,-949.528464297359,-204.03090968373004,1354.5957170714732
63063.0112144,1185.8206716661232,-721.0835996087382,-17.438539289207696,1387.9612118600187
63063.0227061,1212.8504075643953,-472.58441473752856,-62.7787414411477,1303.1819944117042
63063.0393425,1328.8166938376264,-103.75930877078578,-257.2184545158135,1357.4539157266647
63063.0559413,1475.300423866971,139.50831431366157,-612.9646560156505,1603.6519510009296
63063.0717324,1462.2215194000653,6.103488751222693,-956.5038800130421,1747.291817886061
63063.0824021,1282.6045647212259,-302.5586566677535,-861.4638408868601,1574.4002538502914
63063.0995372,754.2168242582328,-673.1276165634171,-540.5947179654386,1146.3797168768526
63063.1159845,344.411150961852,-984.4055428757744,-320.8691229214216,1091.1600743226347
63063.1270831,308.6621454189762,-1162.278643625693,-245.8834039778285,1227.445564493493
63063.1431549,513.5649820671666,-1347.1271600912944,-217.98174111509618,1458.086628332094
63063.1596304,552.801695467884,-1581.675513531138,-149.97143788718617,1682.1945716230648
63063.1765374,805.6605151613956,-1756.9328333876754,-237.16413433322467,1947.3440048794148
63063.1873405,1294.8115422236713,-1835.4062601891098,-475.2001956309097,2295.8807233270354
63063.2044091,1589.5228562112814,-1858.9482882295404,-677.487251385719,2537.9638737617574
63063.2210417,1616.5525921095534,-1919.9831757417671,-643.482099771764,2591.07060708778
63063.2323711,1513.665210303228,-2117.0386697098143,-492.6387349201174,2648.721959940814
63063.2494865,1532.8476035213564,-2236.492663840887,-407.1898924029997,2741.7740277985054
63063.2663362,1679.331333550701,-2215.5664166938377,-323.48490381480275,2798.8445397382866
63063.2773435,2029.8459732637757,-2037.6933159439193,-363.5935441799804,2899.0807147071723
63063.2944964,2348.0993152918163,-1917.367394848386,-428.9880665145093,3061.6823614662317
63063.3108744,2253.0592761656344,-2045.5406586240626,-331.3322464949462,3061.0935538737726
63063.3217547,2101.343984349527,-2233.0049559830454,-114.2224323443104,3068.387921703747
63063.3383775,2184.177045973264,-2343.739680469514,75.85764590805347,3204.6059727221605
63063.354749,2332.404629931529,-2434.420084773394,174.38539289207696,3375.9328743516594
63063.3706861,2364.6659276165633,-2509.4058037169875,339.1795891750897,3464.650809341713
63063.3814675,2244.3400065210303,-2589.6230844473425,572.8560156504728,3474.388262563688
63063.3981168,1677.5874796217802,-2811.0925334202802,864.9515487447017,3385.953656639568
63063.4154543,864.0796217802413,-3118.010824910336,1207.618845777633,3453.544320507733
63063.4264813,40.980567329638085,-3368.2538637104662,1688.9225301597653,3768.192246977376
63063.4435041,-754.2168242582328,-3575.772481252038,2296.6556243886535,4316.204225092873
63063.4603078,-1081.1894359308772,-3523.4568633844146,2674.2000000000003,4553.577110854638
63063.4768176,-525.771959569612,-2776.2154548418653,2329.788849038148,3662.2021361845923
63063.4883641,777.7588522986632,-1630.5034235409196,1858.0763612650799,2591.504970244061
63063.5052969,1797.9134007173134,-727.1870883599609,1586.9070753179003,2505.9065672227975
63063.5165445,1758.6766873165961,-310.40599934789697,1538.951092272579,2357.470262664835
63063.5330849,1221.569677208999,-255.47460058689273,1567.7246820997718,2003.811474836483
63063.5497877,896.3409194652755,-340.0515161395501,1349.7429409846757,1655.5567294039258
63063.5663566,1237.264362569286,-293.83938702314964,1244.2397782849691,1779.1282455508235
63063.5773803,2298.399478317574,-93.29618519726117,1557.2615585262472,2777.8423104572466
63063.5942584,3904.488946853603,136.02060645582003,2704.7174437561134,4751.739891033722
63063.6109706,4598.542810564069,381.9040104336485,4969.983697424193,6781.827527034145
63063.6218342,2491.96726442778,1160.5347896967721,7059.992631235736,7576.294463534208
63063.6387293,804.7885881969352,6270.026801434627,7086.1504401695465,9496.02278973232
63063.6563528,2090.8808607760025,14344.94241930225,5035.378219758722,15346.145757260258
63063.6670446,2859.920443430062,19080.3777632866,639.9943919139224,19304.13306403974
63063.6839026,3271.469970655364,19439.611672644278,-2349.843169220737,19852.52580081539
63063.7003919,4560.178024127812,17353.96237365504,-5508.834561460711,18769.722744449824
63063.7165082,1479.660058689273,10790.968112161721,-8387.937398108901,13747.431777665433
63063.7273881,-2518.9970003260514,6952.745614607108,-8155.132898597979,11008.733354155014
63063.7439566,-4520.941310727095,4404.975024453864,-8274.586892729052,10407.28127545444
63063.7605951,-2437.9077926312357,3658.6055428757745,-8448.100358656668,9523.612161027368
63063.7714173,104.63123573524616,2423.9569611998695,-7718.297489403326,8090.6508502203005
63063.7877795,-836.1779589175089,373.18474078904467,-6563.866188457777,6627.427839646122
63063.8042155,-2583.51959569612,-1444.7829801108576,-4675.272383436583,5533.547074010363
63063.8209766,-2713.4367134007175,-2267.882034561461,-3393.5397456798173,4901.238590991685
63063.8317028,-1400.314704923378,-2063.851124877731,-2544.282882295403,3562.827265476833
63063.8482227,30.517443756113465,-1794.4256928594718,-1756.9328333876754,2511.5150532304697
63063.8647024,654.817150309749,-1906.0323443104012,-1256.4467557874145,2374.953314915033
63063.8810709,778.6307792631236,-2284.4486468862083,-714.9801108575155,2517.174620402397
63063.8916815,800.4289533746332,-2541.6671014020217,-121.19784805999348,2667.4795373393476
63063.9076184,801.3008803390936,-2576.544179980437,245.0114770133681,2709.3714466812303
63063.9240728,696.6696446038475,-2455.3463319204434,208.39054450603194,2560.761766042899
63063.9409335,577.2156504727747,-2281.832865992827,-175.25731985653735,2360.223350371537
63063.9522258,462.9932181284643,-1825.8150635800457,-431.60384740789044,1932.4195319666098
63063.968202,849.2568633844147,-1275.6291490055428,-570.2402347570917,1635.127172770963
63063.9856866,1526.7441147701338,-716.7239647864362,-467.35285295076625,1750.1598563690256
63063.9966005,2198.12787740463,-311.27792631235735,-171.7696119986958,2226.6937176987067
63064.0129479,2729.131398761004,-150.84336485164656,35.74900554287578,2733.5306663398287
63064.0295999,2791.910140202152,-325.2287577437235,180.48888164329964,2816.5781033417084
63064.0462316,2359.434365829801,-742.0098467557874,325.2287577437235,2494.6508541687253
63064.057155,1654.9173785458104,-1097.7560482556244,532.7473752852951,2056.122476208096
63064.0737988,1078.5736550374959,-1298.2992500815128,469.9686338441474,1752.0766504067385
63064.0910033,1160.5347896967721,-1170.9979132702967,248.49918487120965,1667.2819065357771
63064.1015872,1623.5280078252365,-946.0407564395175,-6.975415715683078,1879.0649167769702
63064.1182989,2162.3788718617543,-725.4432344310401,-197.92742093250735,2289.394141648151
63064.1356256,2537.30746657972,-640.8663188783828,-328.71646560156506,2637.5544228302683
63064.1466074,2632.3475057059018,-701.0292794261494,-402.8302575806978,2753.7188777780784
63064.1628543,2320.197652429084,-799.5570264101729,-277.2727746984024,2469.71431068621
63064.1799024,2107.44747310075,-855.3603521356374,-35.74900554287578,2274.6986998900848
63064.1972071,2181.5612650798826,-912.9075317900229,133.40482556243887,2368.6296802960214
63064.2082188,2390.823736550375,-989.6371046625367,167.40997717639388,2592.9608247398855
63064.2245687,2807.6048255624387,-1010.5633518095859,117.71014020215195,2986.2583313652767
63064.2407327,3034.305836322139,-1108.219171829149,174.38539289207696,3235.05361723765
63064.2519329,2943.625432018259,-1193.6680143462668,346.1550048907728,3195.2460468497525
63064.2687253,2739.594522334529,-1200.6434300619499,423.756504727747,3021.0085018508894
63064.2849651,2780.575089664167,-1047.184284316922,295.5832409520704,2985.893870671388
63064.296607,3121.4985327681775,-830.9463971307466,-2.6157808933811544,3230.206161731498
63064.3131488,3409.2344310401045,-799.5570264101729,-224.08522986631888,3508.900829963062
63064.3300999,3420.5694815780894,-961.7354417998043,-190.95200521682426,3558.3273186447573
63064.3467969,3094.4687968699054,-1207.618845777633,91.5523312683404,3323.0200482150944
63064.3579991,2615.7808933811543,-1393.339289207695,632.147049233779,3030.398315219088
63064.3743597,2091.752787740463,-1661.020867297033,1187.564525595044,2923.1369364208663
63064.390889,1507.5617215520053,-2072.5703945223345,2077.801956309097,3299.3258939033626
63064.4018062,872.7988914248451,-2491.095337463319,3210.4350831431366,4156.227533266219
63064.4184611,9.591196609064232,-3067.4390609716334,4069.2831431366158,5095.914018391867
63064.4354381,-427.2442125855885,-3836.4786436256927,4376.2014346266715,5835.430146665492
63064.4465224,668.7679817411151,-4240.180828170851,4125.08646886208,5953.379077849718
63064.463049,2340.2519726116725,-4116.367199217477,3581.8759700032606,5937.26314715738
63064.4800438,4214.8949462015,-3523.4568633844146,3043.025105966743,6280.134510596854
63064.4961613,5991.882099771764,-2203.359439191392,2909.620280404304,7015.9342992918
63064.5073014,7033.834822301924,637.3786110205413,2824.171437887186,7606.380749856753
63064.5241143,6319.726638408869,5093.7973263775675,2635.8352135637433,8534.245324543263
63064.5409106,3469.397391587871,10001.002282360612,1933.062080208673,10760.738539639347
63064.5518096,1814.4800130420606,14773.93048581676,-185.72044343006195,14886.095922053668
63064.568858,1886.8499510922727,19273.073622432345,-2482.3760678187155,19523.671799528733
63064.5850939,3064.8232800782525,21086.681708509946,-5742.510987936094,22068.477964297497
63064.5965298,6965.824519074014,15648.473231170525,-11089.167134007173,20405.074207734164
63064.6138009,2698.6139550048906,7602.331203130095,-11692.54059341376,14205.40258242832
63064.6304229,-3921.9274861428107,3223.5139876100425,-11285.35070101076,12374.63931109445
63064.6469628,-4972.599478317575,2804.1171177045976,-10438.709618519726,11897.750916931502
63064.6584866,-2764.0084773394196,2289.6802086729704,-9753.375024453864,10392.81976599389
63064.6755493,-1573.8281708509944,546.6982067166613,-8412.351353113792,8575.748907753004
63064.6864276,-1599.985979784806,-1555.5177045973264,-7527.345484186501,7851.147718845098
63064.7025371,-2627.9878708835995,-1926.9585914574502,-6286.593413759374,7081.013092250693
63064.7194676,-2956.7043364851647,-381.03208346918814,-3333.376785132051,4471.989129423318
63064.7364471,-1365.4376263449626,-156.07492663840887,-1630.5034235409196,2132.444772635955
63064.7476751,-265.93772416041736,-904.188262145419,-996.6125203782198,1371.683564933182
63064.7648098,97.6558200195631,-1275.6291490055428,36.62093250733616,1279.8857283656246
63064.7808604,105.50316269970655,-1612.1929572872514,626.9154874470166,1733.0089662974003
63064.7922816,406.3179654385393,-1996.712748614281,653.9452233452886,2140.0001038908927
63064.808444,480.431757417672,-2234.748809911966,465.6089990218455,2332.7470194833613
63064.8248588,164.79419628301272,-2279.2170850994457,117.71014020215195,2288.196522426382
63064.8411496,-358.3619823932181,-1947.8848386044995,34.00515161395501,1980.867235638563
63064.8524244,-585.9349201173785,-1551.1580697750244,-253.73074665797196,1677.4356559465255
63064.8691624,-41.85249429409847,-1095.1402673622433,-739.3940658624063,1322.0391148182507
63064.8858273,878.0304532116074,-660.9206390609717,-1278.244929898924,1685.7234852478175
63064.897214,1700.2575806977502,-233.67642647538312,-1595.6263449625042,2343.3958149977293
63064.9140377,1926.08666449299,6.975415715683078,-1661.8927942614932,2543.9626874583696
63064.9305122,2037.6933159439193,-23.542028040430388,-1754.317052494294,2688.935960114902
63064.9423787,1370.669188131725,-262.4500163025758,-1313.9939354417997,1916.8187438380116
63064.9586449,163.05034235409195,-659.1767851320509,-565.0086729703294,883.3652974452331
63064.9752583,-651.3294424519074,-1334.920182588849,32.261297685034236,1485.6926760996303
63064.9913379,-489.15102706227583,-1676.71555265732,279.88855559178353,1768.8926975230227
63065.0023356,-37.49285947179654,-1715.9522660580371,235.4202804043039,1732.4319906786313
63065.0187391,212.75017932833387,-1637.4788392566027,111.60665145092925,1655.0092544954177
63065.03555,405.44603847407893,-1592.1386371046626,-94.16811216172155,1645.6486755148924
63065.0463793,851.0007173133355,-1563.3650472774698,-280.7604825562439,1801.9819478790323
63065.063411,1296.555396152592,-1403.8024127812193,-304.30251059667427,1935.023805377654
63065.0801317,1309.634300619498,-1305.274665797196,-245.0114770133681,1865.1848644033585
63065.0963368,1049.8000652103033,-1431.7040756439517,-155.20299967394848,1782.1180399285706
63065.1074794,642.6101728073036,-1688.0506031953048,-62.7787414411477,1807.3195189341589
63065.1246758,619.9400717313335,-1842.381675904793,-91.5523312683404,1946.0415621483198
63065.1409465,956.5038800130421,-1911.2639060971635,-245.8834039778285,2151.3456346160456
63065.1568367,1484.0196935115748,-1923.4708835996087,-354.0023475709162,2455.070742946396
63065.1679727,1925.2147375285294,-1835.4062601891098,-430.73192044343006,2694.5682238212685
63065.2005691,1885.9780241278122,-1960.0918161069449,-545.8262797522009,2774.310610355408
63065.2116686,1639.2226931855234,-2177.2016302575807,-435.091555265732,2759.812065723719
63065.2286541,1280.860710792305,-2538.17939354418,-320.8691229214216,2861.1039457363368
63065.2454722,1078.5736550374959,-2907.876426475383,-300.8148027388327,3116.016044011807
63065.256526,798.6850994457125,-3243.5683077926315,-221.46944897293773,3347.7876235241893
63065.2737944,218.85366807955657,-3720.5123573524615,-59.29103358330617,3727.415264752188
63065.2908613,-923.3706553635475,-4329.989305510271,114.2224323443104,4428.822362329571
63065.30167,-2721.284056080861,-5125.186697098142,154.3310727094881,5804.889634953909
63065.3179322,-4960.392500815129,-6065.123964786437,119.45399413107272,7836.16562657296
63065.3342325,-6488.8804695141835,-6359.835278774047,233.67642647538312,9088.876673883955
63065.3514344,-6807.133811542224,-5814.008999021846,435.96348223019237,8962.69131047068
63065.3628848,-5564.637887186175,-4995.2695793935445,466.48092598630586,7492.363942083394
63065.3800076,-2821.555656993805,-4255.003586566678,-171.7696119986958,5108.398638205051
63065.3967964,1193.6680143462668,-2984.605999347897,-1309.634300619498,3471.0024922457114
63065.4076528,4402.359243560482,-1532.8476035213564,-1936.5497880665146,5047.832581083098
63065.4258508,4367.482164982067,-1101.243756113466,-1849.357091620476,4869.061503425715
63065.4364648,2148.428040430388,-1464.8373002934463,-851.8726442777959,2736.270886317251
63065.452943,-54.05947179654385,-2430.9323769155526,4.359634822301924,2431.5373026221505
63065.4694563,-398.47062275839585,-3192.996543853929,474.32826866644933,3252.536406056158
63065.4865345,575.4717965438539,-3509.5060319530485,998.3563743071405,3693.848376294287
63065.4973963,2379.48868601239,-3728.3597000326054,2053.388001304206,4876.375164360129
63065.51433,5181.861949788066,-3253.1595044016954,2601.830061949788,6648.62840734885
63065.530722,9305.204564721225,-885.0058689272905,3138.937072057385,9860.172073634449
63065.5417604,9745.527681773721,1686.306749266384,5662.293707205738,11396.51307530075
63065.5579455,8985.207368764264,6428.717508966417,6163.65171177046,12651.204001746155
63065.5752287,13008.27838278448,14038.024127812194,3975.9869579393544,19547.11999724663
63065.5863796,14372.844082164982,20207.779328333876,2239.9803716987285,24898.80528174913
63065.6024036,12292.426344962505,19960.152070427128,-865.823475709162,23457.644093386567
63065.6196333,3152.8879034887514,10807.53472448647,-5543.711640039126,12548.954048081132
63065.6365277,-2962.8078252363875,8074.043690903163,-7033.834822301924,11110.501520603031
63065.6473505,-3373.485425497229,6421.742093250734,-7376.502119334855,10345.625111360943
63065.6637854,-1772.6275187479623,4059.6919465275514,-6799.28646886208,8115.0233213820275
63065.6807484,-1068.9824584284318,2284.4486468862083,-5524.529246820998,6073.043101746315
63065.6971627,-1629.631496576459,823.0990544506033,-5121.6989892403,5437.3698977039085
63065.7082047,-2277.473231170525,-279.01662862732314,-4656.961917182915,5191.534348903111
63065.7246989,-2251.3154222367134,-789.9658298011086,-4112.007564395174,4754.058618937861
63065.741713,-1448.2706879686991,-720.2116726442778,-4059.6919465275514,4370.044798367982
63065.7528344,-830.0744701662862,-214.49403325725464,-3503.402543201826,3606.779823615219
63065.7693626,-259.83423540919466,217.98174111509618,-1964.451450929247,1993.5143271138718
63065.7859205,553.6736224323444,54.05947179654385,-1079.4455820019564,1214.3638956967627
63065.796976,1409.0339745679817,-264.1938702314966,-674.8714704923378,1584.4957066017032
63065.8138728,1618.2964460384742,-583.3191392239974,-258.9623084447343,1739.5994029203412
63065.8306517,854.488425171177,-1187.564525595044,129.04519074013695,1468.7112147922269
63065.8416518,-312.14985327681774,-1674.0997717639386,374.92859471796544,1743.7370867931893
63065.8581358,-795.1973915878709,-1473.5565699380502,293.83938702314964,1700.0145416324785
63065.8753495,-183.1046625366808,-765.5518747962178,-160.4345614607108,803.3282261677143
63065.8865334,262.4500163025758,-70.62608412129117,-682.7188131724813,734.8285736654308
63065.9028126,600.7576785132051,290.3516791653081,-1084.6771437887187,1273.474927960634
63065.9198122,697.5415715683079,379.28822954026737,-1407.290120639061,1615.824646668715
63065.9362153,490.0229540267362,247.62725790674926,-1426.4725138571894,1528.4847356521275
63065.947232,424.62843169220736,12.206977502445387,-1235.5205086403653,1306.5103300671128
63065.9638617,483.04753831105313,-395.8548418650147,-1029.7457450277143,1204.3306354564872
63065.9799645,659.1767851320509,-726.3151613955005,-653.9452233452886,1178.8520275531264
63065.9969245,669.6399087055755,-886.7497228562113,-356.61812846429734,1167.0129253209482
63066.007487,890.2374307140528,-835.3060319530485,-359.2339093576785,1272.5202755531664
63066.0237682,1470.0688620802086,-624.2997065536355,-586.8068470818389,1701.5272136063188
63066.0400334,1839.7658950114119,-517.9246168894686,-663.5364199543528,2023.1819092293908
63066.0570042,1840.6378219758722,-527.5158134985328,-529.2596674274536,1986.538779068891
63066.0683213,1878.1306814476688,-531.0035213563743,-388.0074991848712,1989.9470886713677
63066.0849501,2392.5675904792956,-354.87427453537657,-306.04636452559504,2438.0278511490073
63066.0967277,2775.3435278774045,-140.38024127812196,-247.62725790674926,2789.902788401545
63066.1135948,2294.911770459733,-159.5626344962504,-55.803325725464624,2301.1289141819134
63066.1305675,1386.3638734920119,-371.4408868601239,84.57691555265733,1437.7504570681283
63066.1422366,1021.8984023475709,-354.0023475709162,22.670101075970003,1081.7152769047095
63066.1587899,1363.6937724160418,-144.73987610042386,-79.34535376589501,1373.6469786026162
63066.1751743,1831.9185523312683,74.1137919791327,-20.926247147049235,1833.5365674991801
63066.1915571,1980.1461362895338,176.1292468209977,149.09951092272578,1993.5473149151733
63066.2024446,1920.8551027062276,340.0515161395501,205.77476361265082,1961.545975133186
63066.219232,2223.413759373981,880.6462341049886,125.5574828822954,2394.759114509135
63066.2362054,2792.7820671666123,1413.3936093902837,-21.79817411150962,3130.141902557663
63066.2470281,3310.706684056081,1545.0545810238018,-149.09951092272578,3656.528828049034
63066.2635415,3489.45171177046,1319.225497228562,-80.2172807303554,3731.3622141844544
63066.2801395,3329.8890772742093,920.7548744701663,197.92742093250735,3460.50951013975
63066.291759,3546.998891424845,701.9012063906097,221.46944897293773,3622.5564393298346
63066.3075046,3932.3906097163353,501.3580045647212,95.91196609064232,3965.3820574272163
63066.325368,4049.228822954027,372.3128138245843,13.950831431366156,4066.3331783902386
63066.3365666,4216.63880013042,394.9829149005543,-20.05432018258885,4235.145387066026
63066.3527626,4521.8132376915555,302.5586566677535,-165.6661232474731,4534.951153174534
63066.3687182,4947.313596348223,-129.04519074013695,-458.6335833061624,4970.202133273998
63066.3857336,5681.476100423867,-650.457515487447,-468.22477991522663,5737.726039440046
63066.3972057,6123.543071405282,-1198.899576133029,143.86794913596347,6241.461201337086
63066.4139375,6258.691750896642,-2074.3142484512555,898.0847733941963,6654.363853462784
63066.4308245,6243.868992500816,-3365.638082817085,1545.926507988262,7259.704433936866
63066.4417644,6271.770655363547,-5089.437691555266,2546.8986631887838,8469.012691586635
63066.4577243,5862.836909031627,-6687.679817411151,3923.6713400717313,9720.756901960478
63066.4743484,5786.107336159113,-7825.5445060319535,5468.7259210955335,11163.563415034798
63066.4905122,5761.693381154222,-8654.74704923378,6078.202869253342,12043.517228137998
63066.5020522,5170.526899250081,-9120.356048255624,5506.218780567329,11842.030574284716
63066.5184423,4745.026540593414,-8514.366807955657,4272.442125855885,10642.531688002666
63066.5359429,3099.700358656668,-4608.134007173134,2065.5949788066514,5925.345893531706
63066.5470898,4893.2541245516795,6655.418519726117,2064.723051842191,8514.787894067822
63066.5631651,4960.392500815129,17608.56504727747,4288.136811216173,18789.762481150523
63066.5801035,2166.738506684056,25105.39308770786,6447.027975220085,26010.376536258515
63066.591722,-2214.6944897293774,28355.06488425171,5926.487577437235,29052.329188526004
63066.6078051,3356.046886208021,27576.434104988588,-2619.268601238996,27903.106218746343
63066.624186,7100.973198565373,15436.594978806652,-11805.01917182915,20689.871013462514
63066.6406698,1826.686990544506,9172.671666123248,-11713.466840560808,14989.329413981213
63066.6518081,-6085.178284969025,5423.385718943593,-13357.049168568634,15647.788019648653
63066.6682758,-2859.0485164656016,3082.2618193674602,-12444.141636778611,13135.11162567116
63066.6853959,-3313.3224649494623,490.0229540267362,-10591.296837300293,11108.27605652736
63066.6964619,-6070.355526573198,-2322.813433322465,-5953.517313335507,8814.139031420296
63066.7132094,-3650.758200195631,-3434.5203130094555,-3328.1452233452887,6016.68645056781
63066.7304856,-691.4380828170852,-3056.1040104336485,-1506.6897945875448,3476.7761622043854
63066.7416718,1029.7457450277143,-2211.206781871536,663.5364199543528,2527.8631909585606
63066.7576389,1082.933289859798,-613.8365829801108,2362.9220736876428,2670.7565570848224
63066.7753108,2139.708770785784,456.8897293772416,1292.1957613302902,2541.0375310467157
63066.7917739,1239.0082164982068,-244.13955004890772,-177.87310074991848,1275.2977379492763
63066.8028298,-733.2905771111836,-1063.7508966416694,-16.56661232474731,1292.1128020532599
63066.8197381,-2318.453798500163,-1417.7532442125855,112.47857841538963,2719.9087682967406
63066.8362357,-2129.2456472122594,-949.528464297359,-242.39569611998695,2343.938353323472
63066.8472134,-231.93257254646235,37.49285947179654,-850.1287903488751,881.996254470184
63066.8646546,1672.3559178350179,1096.884121291164,-1170.1259863058362,2317.1370083114853
63066.881348,2680.3034887512226,1576.4439517443757,-1397.6989240299968,3409.2175945571457
63066.892272,2711.6928594717965,1497.970524942941,-1383.7480925986306,3392.9268547197576
63066.9088904,1810.1203782197588,980.0459080534724,-919.0110205412456,2254.2420059556734
63066.9257182,1113.4507336159113,503.9737854581024,-521.4123247473101,1328.7712086801002
63066.9368687,558.9051842191067,74.98571894359308,-551.9297685034236,789.0654803960974
63066.9532154,-322.61297685034236,-308.6621454189762,-621.6839256602543,765.4033944732864
63066.9699386,-705.3889142484512,-460.37743723508316,-659.1767851320509,1069.5956895560012
63066.9865401,-585.9349201173785,-517.0526899250082,-790.837756765569,1111.7947527748288
63066.9979107,317.38141506358005,-538.8508640365178,-1150.0716661232475,1309.1050582440528
63067.014419,1481.4039126181938,-586.8068470818389,-1497.970524942941,2186.964910944035
63067.0320038,1951.372546462341,-534.4912292142159,-1345.3833061623736,2429.7308348239408
63067.0436573,1254.7029018584938,-415.9091620476035,-673.1276165634171,1483.3612477032057
63067.060176,104.63123573524616,-938.193413759374,-283.37626344962507,985.6250219021551
63067.0772539,-129.04519074013695,-1439.5514183240953,-466.48092598630586,1518.738095117494
63067.0883368,583.3191392239974,-1515.4090642321487,-756.832605151614,1791.5137293257233
63067.1048766,1620.9122269318552,-1410.7778284969024,-1012.3072057385067,2375.37710849998
63067.1210612,2058.6195630909683,-1379.3884577763288,-998.3563743071405,2671.5805196750307
63067.1318454,1616.5525921095534,-1427.3444408216499,-688.822301923704,2263.8530428073404
63067.1485454,871.0550374959244,-1736.8785132050864,-340.0515161395501,1972.5919196857074
63067.1647362,570.2402347570917,-2035.077535050538,-168.28190414085427,2120.14935753698
63067.1808789,834.4341049885882,-2292.2959895663516,-203.15898271926966,2447.8918994942596
63067.1917796,1313.9939354417997,-2438.779719595696,-285.9920443430062,2784.9628422147007
63067.2082497,1990.6092598630585,-2180.6893381154223,-141.25216824258234,2955.9911011124614
63067.225356,2227.773394196283,-1861.5640691229214,96.78389305510271,2904.7826426934625
63067.2365891,1990.6092598630585,-1762.1643951744377,319.9971959569612,2677.7129768691348
63067.2529428,1753.4451255298338,-2088.2650798826216,348.77078578415393,2749.011079118817
63067.2698543,2148.428040430388,-2336.764264753831,91.5523312683404,3175.6246792243473
63067.2857862,2593.110792305184,-2611.4212585588525,54.93139876100424,3680.5926193199593
63067.2970773,3020.3550048907728,-2922.6991848712096,138.6363873492012,4205.227095973868
63067.3137567,3250.5437235083145,-3183.405347244865,372.3128138245843,4564.944789879115
63067.3305648,3088.3653081186826,-3568.7970655363547,832.6902510596674,4792.46135358249
63067.3418409,2414.3657645908056,-4293.368373002934,1296.555396152592,5093.449707891737
63067.3578551,1856.332507336159,-5436.464623410499,1590.3947831757418,5960.744378493296
63067.3749662,1818.8396478643626,-6901.301923703945,1797.0414737528529,7359.721731502555
63067.386396,3097.956504727747,-8516.982588849038,2489.3514835343985,9398.574239347026
63067.4026076,6276.13029018585,-8827.388588196935,3758.8771437887185,11464.805191912988
63067.4193866,5330.089533746332,-6758.3059015324425,6837.651255298338,10992.63516112144
63067.4360421,-1267.7818063253994,2497.198826214542,7890.9390283664825,8373.182873644546
63067.4471865,5505.3468536028695,16618.056015650473,7769.741180306489,19153.00257731728
63067.4639301,8081.891033583306,23592.599804369092,5632.648190414086,25566.66685050685
63067.4802796,8279.818454515813,25175.14724486469,612.0927290511901,26508.830414586686
63067.4969506,6754.8181936746005,13690.997195956961,-9449.072513857189,17954.273709104196
63067.5079945,1823.1992826866644,6691.167525268993,-10029.775872187805,12193.940401770225
63067.5239244,-6194.169155526573,284.24819041408546,-5583.820280404304,8344.314081150402
63067.5410614,-7903.146005868927,-3267.1103358330615,-3696.9703293120315,9316.72240395745
63067.5524195,-6065.995891750897,-3478.1166612324746,-2974.1428757743724,7598.626686013805
63067.5685683,-1740.366221062928,-2280.9609390283667,-2725.6436909031627,3957.371718521049
63067.5855149,199.67127486142812,-1315.7377893707205,-1716.8241930224976,2172.215426271135
63067.5966947,-5.231561786762309,-672.2556895989567,-68.8822301923704,675.7957110497019
63067.6128553,61.03488751222693,4.359634822301924,558.9051842191067,562.2448477811135
63067.6295536,-265.93772416041736,-129.91711770459733,317.38141506358005,433.97268719592586
63067.6458232,-687.9503749592436,-503.101858493642,10.463123573524618,852.3477432252844
63067.6572898,-941.6811216172156,-781.2465601565048,-186.59237039452233,1237.710077221671
63067.6756509,-670.5118356700359,-943.4249755461364,-576.3437235083143,1292.9844909685721
63067.6870553,-95.91196609064232,-728.9309422888816,-890.2374307140528,1154.5830879195692
63067.7044306,125.5574828822954,-408.9337463319205,-1041.9527225301597,1126.3467345292966
63067.7207724,114.2224323443104,-36.62093250733616,-1041.9527225301597,1048.8342732464312
63067.7318606,-66.26644929898924,104.63123573524616,-1034.1053798500163,1041.495498996
63067.7480781,-429.85999347896967,-44.46827518747962,-1157.0470818389306,1235.1173997170772
63067.7643113,-407.1898924029997,-79.34535376589501,-1149.199739158787,1221.7853060673244
63067.7807249,-239.7799152266058,-33.13322464949462,-892.853211607434,925.0832804669326
63067.7916126,124.68555591783502,61.03488751222693,-667.0241278121944,681.3170572000882
63067.8076534,538.8508640365178,173.51346592761658,-599.0138245842843,824.1873200760903
63067.8240096,1031.489598956635,261.57808933811543,-678.3591783501794,1261.9687256146365
63067.8404459,1119.5542223671341,169.15383110531465,-772.5272905119009,1370.698030196054
63067.8515881,539.7227910009782,-153.4591457450277,-751.6010433648516,937.9523063172311
63067.8675772,-232.80449951092274,-422.8845777632866,-749.8571894359309,891.804409975258
63067.8846788,-603.3734594065862,-385.39171829149006,-797.8131724812521,1071.9571662284548
63067.902375,-343.5392239973916,-157.81878056732964,-924.2425823280079,998.5741419207857
63067.9138917,300.8148027388327,70.62608412129117,-1062.0070427127487,1106.0454547967677
63067.9309376,1143.968177372025,299.07094880991195,-1235.5205086403653,1710.1513238695811
63067.9420491,1502.330159765243,415.0372350831431,-1228.5450929246822,1984.5843042801273
63067.9577712,1205.8749918487122,234.5483534398435,-1102.9876100423867,1650.9782233495662
63067.9739059,623.4277795891751,-163.05034235409195,-940.8091946527552,1140.3374725266383
63067.9900814,185.72044343006195,-582.447212259537,-741.137919791327,960.7404718910203
63068.0069819,185.72044343006195,-785.6061949788067,-539.7227910009782,971.066356034861
63068.0179098,523.1561786762309,-851.8726442777959,-401.9583306162374,1077.4738460434912
63068.0337563,779.502706227584,-914.6513857189436,-419.39686990544504,1272.833595133392
63068.0512996,889.3655037495924,-994.868666449299,-456.01780241278124,1410.2081048057253
63068.0623988,738.5221388979459,-1124.7857841538964,-513.5649820671666,1440.245465426898
63068.0789129,776.0149983697424,-1245.1117052494294,-505.71763938702315,1551.8546217449355
63068.0964084,1001.8440821649821,-1285.2203456146071,-526.6438865340724,1712.5526809340606
63068.1072336,1287.8361265079882,-1365.4376263449626,-644.3540267362243,1984.4732076671762
63068.1241465,1489.2512552983371,-1461.3495924356048,-737.6502119334855,2213.0385825567746
63068.1402071,1373.284969025106,-1652.301597652429,-554.5455493968047,2218.9035450219235
63068.1516197,796.0693185523313,-2069.082686664493,-282.5043364851647,2234.86872641953
63068.1688041,357.4900554287577,-2431.804303880013,-45.340202151940005,2458.3586081023636
63068.1849196,572.8560156504728,-2588.7511574828823,294.71131398761,2667.705255201219
63068.1965302,1068.9824584284318,-2750.9295728725137,586.8068470818389,3009.0994146279672
63068.2131823,1570.3404629931529,-3076.1583306162374,739.3940658624063,3532.056458971992
63068.2299062,1497.970524942941,-3698.714183240952,867.5673296380828,4083.757506801912
63068.2461454,1201.5153570264101,-4357.890968373003,1145.7120313009457,4663.42244537904
63068.2567137,1463.965373328986,-4721.484512552984,1247.7274861428107,5098.277600941344
63068.2740808,2134.477208999022,-5120.82706227584,973.9424193022497,5632.710412722207
63068.2900879,3234.8490381480274,-5711.993544179981,763.808020867297,6608.670156779063
63068.3066116,4949.929377241604,-6336.293250733616,1303.5308118682751,8145.526721855487
63068.3175871,6759.177828496902,-6658.034300619498,2975.886729703293,9943.43036851438
63068.3340941,5863.708835996087,-6083.434431040105,5910.792892076948,10311.582245374868
63068.3506695,414.1653081186828,360.97776328659927,7501.1876752526905,7521.280102974447
63068.3617459,3197.3561786762307,12203.489794587545,6855.089794587545,14357.594011246443
63068.378345,6474.057711118357,21766.784740789044,4292.4964460384745,23111.293060709322
63068.3954163,7666.853798500163,27169.24421258559,360.1058363221389,28232.572579629457
63068.4114307,9814.409911966091,20786.738832735573,-9243.29775024454,24775.99052550939
63068.4227882,4641.267231822628,12204.361721552006,-10491.89716335181,16750.155600292914
63068.4387095,-6163.65171177046,3376.9731333550703,-6525.501402021519,9590.449338544971
63068.4547978,-8053.117443756114,-2675.943853928921,-3685.6352787740466,9251.879997084528
63068.47102,-2243.46807955657,-4674.400456472123,-1126.5296380828172,5305.868230264962
63068.4822153,918.1390935767852,-3383.9485490707534,-550.1859145745028,3549.19592562995
63068.4993153,-535.3631561786763,-939.0653407238344,-264.1938702314966,1112.769438927158
63068.5156554,30.517443756113465,518.7965438539289,262.4500163025758,582.2037266674025
63068.5266567,505.71763938702315,841.4095207042712,-305.17443756113465,1028.032951641011
63068.5436034,112.47857841538963,64.52259537006847,-578.087577437235,592.452397330695
63068.5596682,-143.86794913596347,-695.7977176393871,-618.1962178024128,941.8062509698991
63068.5766455,-246.75533094228888,-906.8040430388002,-781.2465601565048,1222.0998132625355
63068.5873407,-638.2505379850016,-1021.0264753831106,-762.0641669383763,1424.991441098115
63068.6039844,-839.6656667753505,-950.4003912618194,-933.8337789370721,1574.9110649036047
63068.6206102,-762.9360939028367,-603.3734594065862,-1206.7469188131724,1549.9577868319752
63068.6371,-642.6101728073036,-391.49520704271276,-1465.7092272579068,1647.5800041885127
63068.6484988,-435.96348223019237,-316.50948809911966,-1532.8476035213564,1624.7658876023363
63068.665283,-203.15898271926966,-387.13557222041084,-1368.0534072383437,1436.2164351497984
63068.6821289,215.36596022171503,-397.59869579393546,-1152.6874470166285,1238.2065943246193
63068.6935511,828.3306162373656,128.17326377567656,-849.2568633844147,1193.229741226985
63068.7103794,965.2231496576459,91.5523312683404,-604.2453863710466,1142.4316368809075
63068.7222364,644.3540267362243,-182.2327355722204,-475.2001956309097,821.1066359572163
63068.7392303,499.61415063580046,-531.8754483208347,-501.3580045647212,885.3618699622998
63068.7560327,395.8548418650147,-898.0847733941963,-456.01780241278124,1082.2243538877985
63068.7672917,685.3345940658625,-1096.0121943267036,-455.14587544832085,1370.4320500754038
63068.7835475,1034.9773068144766,-1195.4118682751875,-609.4769481578089,1694.5942614000196
63068.7964882,923.3706553635475,-1293.0676882947505,-608.6050211933485,1701.4809683097233
63068.8133328,507.4614933159439,-1334.920182588849,-397.59869579393546,1482.4350859240117
63068.8302505,24.413955004890774,-1533.7195304858167,-170.89768503423542,1543.4045672287857
63068.8469147,-181.36080860776002,-1745.5977828496902,-134.27675252689926,1760.123179967182
63068.857871,321.741049885882,-1749.9574176719923,-368.82510596674274,1817.1131570813845
63068.8744553,1030.6176719921748,-1714.2084121291164,-582.447212259537,2083.2493900408813
63068.890896,1429.960221715031,-1850.2290185849365,-758.5764590805347,2458.367731071216
63068.902151,1379.3884577763288,-1985.3776980762962,-832.6902510596674,2556.914190127448
63068.9184797,1401.1866318878383,-2151.9157482882297,-823.0990544506033,2696.582544360464
63068.9346753,999.2283012716009,-2297.5275513531137,-449.91431366155854,2545.4887422509487
63068.9468037,1137.864688620802,-2267.0101075970006,-976.5582001956309,2718.039145399935
63068.9637665,1796.1695467883926,-1996.712748614281,-850.1287903488751,2817.056229731465
63068.9805089,2406.518421910662,-2006.3039452233454,-699.2854254972286,3210.231540236153
63068.9919483,2716.0524942940983,-2259.1627649168568,-996.6125203782198,3670.6939488225653
63069.0084503,3033.4339093576787,-2395.183371372677,-1480.5319856537333,4138.912855507468
63069.0247705,3478.1166612324746,-2176.3297032931205,-1627.015715683078,4413.715739109009
63069.0417047,3646.398565373329,-1842.381675904793,-1568.596609064232,4376.195614827362
63069.0528941,3417.953700684708,-1538.0791653081187,-1302.6588849038149,3967.998889767746
63069.070089,2859.0485164656016,-1347.1271600912944,-1093.3964134333226,3344.312443816912
63069.0869016,2324.557287251386,-1309.634300619498,-906.8040430388002,2817.9783809575542
63069.0982434,1749.9574176719923,-1474.4284969025107,-656.5610042386697,2380.622336371377
63069.1153085,1613.9368112161721,-1595.6263449625042,-490.8948809911966,2322.0235243253646
63069.1266604,1814.4800130420606,-1670.612063906097,-380.16015650472775,2495.5568778113243
63069.1428786,2198.9998043690903,-1993.2250407564395,-141.25216824258234,2971.2789128163377
63069.1597786,2382.9763938702317,-2846.8415389631564,439.4511900880339,3738.4757041043713
63069.1768021,2190.2805347244866,-4230.5896315617865,1026.2580371698728,4873.235373991988
63069.1876986,2199.8717313335505,-6045.941571568308,1361.0779915226606,6576.121837386051
63069.2043976,2961.935898271927,-7367.782849690251,1666.2524290837953,8113.796000830275
63069.2210495,4840.938506684056,-7418.354613628953,2117.0386697098143,9107.608002548921
63069.2372952,4628.188327355722,-3979.474665797196,5446.055820019563,8180.21208795728
63069.2482896,1354.1025758069775,6056.404695141832,10131.79132702967,11881.364699040963
63069.2650329,2428.3165960221713,17343.499250081513,12255.805412455167,21375.183134561914
63069.2815612,4898.485686338441,26281.62256276492,8462.923117052494,28041.753052119228
63069.2981372,5786.107336159113,25178.634952722532,-565.8805999347898,25841.109052078195
63069.3092412,6245.612846429736,16591.0262797522,-7423.586175415716,19219.247241937956
63069.3261998,583.3191392239974,9935.607760026085,-8381.833909357678,13011.98303347087
63069.337076,-2030.7179002282362,4054.4603847407893,-6301.416172155201,7763.395518485382
63069.353735,-4304.703423540919,-1200.6434300619499,-3532.1761330290187,5696.3395655048225
63069.3708364,-4540.1237039452235,-3096.2126507988264,-1657.5331594391914,5739.919180679503
63069.3818018,-2260.9066188457778,-2301.0152592109553,-1603.4736876426475,3602.4294343157667
63069.3977302,-1307.8904466905772,-1355.8464297358983,-1525.000260841213,2423.7414790232533
63069.4144284,-1679.331333550701,-1286.0922725790674,-1256.4467557874145,2460.2531397320654
63069.4309394,-1453.5022497554614,-1069.854385392892,-910.2917508966417,2021.358025620168
63069.4417478,-615.5804369090316,-258.9623084447343,-299.94287577437234,732.0973160912014
63069.459467,342.66729703293123,328.71646560156506,-128.17326377567656,491.8371445512724
63069.4757811,1122.1700032605152,484.7913922399739,-494.38258884903814,1318.5986327782819
63069.4866792,1211.1065536354745,290.3516791653081,-499.61415063580046,1341.9006972829409
63069.5035031,406.3179654385393,92.42425823280078,-320.8691229214216,525.9215973815487
63069.5208826,-381.9040104336485,-79.34535376589501,-400.2144766873166,558.8541721233206
63069.5318849,-704.5169872839908,-169.15383110531465,-551.9297685034236,910.8148402993656
63069.5486008,-966.9670035865666,-163.92226931855234,-688.822301923704,1198.4873215980208
63069.5652898,-873.6708183893055,94.16811216172155,-696.6696446038475,1121.3906214899396
63069.5816792,-170.02575806977504,517.0526899250082,-614.7085099445712,821.0473766867315
63069.5930638,823.9709814150636,628.6593413759374,-693.1819367460059,1246.8528153492193
63069.6098457,1359.3341375937398,467.35285295076625,-831.818324095207,1660.7617863768107
63069.6269428,1364.565699380502,136.02060645582003,-839.6656667753505,1607.9737514237295
63069.6382469,947.7846103684383,-271.1692859471797,-707.132768177372,1213.204517434117
63069.6554,513.5649820671666,-585.9349201173785,-467.35285295076625,908.5633773049784
63069.6719297,-60.162960547766545,-786.4781219432671,-218.85366807955657,818.5745819100158
63069.6826994,-321.741049885882,-894.5970655363548,-80.2172807303554,954.0733855294881
63069.6990636,-481.30368438213236,-1133.5050537985003,-96.78389305510271,1235.2546561504869
63069.7155401,-354.87427453537657,-1223.3135311379199,-181.36080860776002,1286.5937544893482
63069.7266389,163.05034235409195,-1131.7611998695795,-421.1407238343658,1218.53532445463
63069.7428711,432.4757743723508,-1076.829801108575,-624.2997065536355,1317.7055208116317
63069.7592766,724.5713074665797,-1036.7211607433974,-789.0939028366482,1490.7929206402007
63069.7756804,1135.248907727421,-1049.8000652103033,-1023.6422562764917,1854.3769110530593
63069.7919568,1330.5605477665472,-1252.959047929573,-1111.7068796869905,2139.2031070949715
63069.8027335,1367.1814802738834,-1548.5422888816433,-1059.3912618193674,2321.524987175007
63069.8195271,1302.6588849038149,-1773.4994457124226,-878.0304532116074,2369.210402460723
63069.8365316,1089.0367786110205,-1870.2833387675253,-577.2156504727747,2239.8970466495953
63069.8477568,971.3266384088686,-2113.5509618519727,-490.8948809911966,2377.2990747929534
63069.8645897,1097.7560482556244,-2791.0382132376917,-742.0098467557874,3089.585936969127
63069.8811802,1409.9059015324422,-3395.2835996087383,-1133.5050537985003,3847.157272576054
63069.8920232,2184.177045973264,-3219.1543527877407,-1254.7029018584938,4087.5253500328135
63069.9081519,2817.196022171503,-2621.0124551679164,-1093.3964134333226,4000.2269228623945
63069.924719,2405.6464949462015,-2514.6373655037496,-784.7342680143463,3567.4001752019067
63069.941623,1617.4245190740137,-2629.7317248125205,-442.93889794587545,3118.9334533940837
63069.9528559,1257.3186827518748,-2791.0382132376917,-193.56778611020542,3067.281054218795
63069.9694979,831.818324095207,-2947.1131398761004,-86.3207694815781,3063.470068202857
63069.9860869,903.3163351809586,-2947.9850668405606,-141.25216824258234,3086.5107371841323
63069.9973558,1480.5319856537333,-2785.806651450929,-428.9880665145093,3183.82229733757
63070.0148753,2150.1718943593087,-2580.0318878382786,-659.1767851320509,3422.618551871078
63070.0315795,2513.7654385392893,-2511.149657645908,-592.0384088686012,3602.1380818432617
63070.0428331,2475.4006521030324,-2642.8106292794264,-247.62725790674926,3629.5145225667375
63070.0594634,2060.3634170198893,-3073.542549722856,250.24303880013042,3708.6901722331395
63070.0762418,1606.0894685360288,-3671.6844473426804,863.2076948157809,4099.50211442678
63070.0873541,1266.0379523964787,-4329.11737854581,1591.2667101402021,4782.91115503268
63070.1038104,1187.564525595044,-4977.831040104336,2083.9054450603194,5525.556376531693
63070.1210879,1937.4217150309748,-5562.894033257255,2014.1512879034888,6225.447641550447
63070.1325307,3997.785132050864,-5409.434887512227,1494.4828170850994,6890.410049833317
63070.1495378,6733.020019563091,-3910.592435604826,1333.1763286599282,7899.598148295027
63070.1657112,6747.842777958917,-566.7525268992501,3113.651190088034,7453.147946762874
63070.1774516,2540.7951744375614,4752.001956309097,4926.3873492011735,7301.126969556141
63070.1938545,2751.8014998369745,13808.707336159114,5468.7259210955335,15104.958556390075
63070.2102053,6110.464166938376,21520.901336811217,2765.7523312683406,22541.879971335955
63070.2217999,4495.655428757744,24288.39752200848,460.37743723508316,24705.244773244845
63070.2378736,652.2013694163678,24119.243690903164,-2177.2016302575807,24226.091095887445
63070.2552911,5242.024910335833,17153.419171829148,-8880.576133029019,20014.57586109638
63070.2666121,5837.551027062276,7801.130551027062,-8782.920313009456,13117.710512600808
63070.2826266,-1663.636648190414,510.94920117378547,-5685.835735246169,5946.215938862691
63070.2999814,-3602.80221715031,-4003.8886208020867,-2502.4303880013044,5939.146887431223
63070.3168152,-2518.125073361591,-4052.7165308118683,-1644.4542549722858,5046.750931134264
63070.3284423,-1479.660058689273,-2154.531529181611,-1411.649755461363,2970.5479345757276
63070.345492,-1047.184284316922,-1316.609716335181,-934.7057059015325,1924.5079441544096
63070.356603,-1164.0224975546137,-902.4444082164982,-464.7370720573851,1544.4529228432239
63070.3734608,-810.0201499836975,-612.0927290511901,-453.4020215194001,1111.9188574058917
63070.390018,239.7799152266058,-138.6363873492012,-762.0641669383763,810.8367592646484
63070.4063041,1098.6279752200849,354.87427453537657,-1064.6228236061297,1570.4588295164829
63070.4173379,1156.17515487447,538.8508640365178,-1108.219171829149,1689.748790569649
63070.4343557,695.7977176393871,457.761656341702,-975.6862732311705,1282.8265282806592
63070.4507631,-98.52774698402348,143.86794913596347,-884.1339419628301,901.1650964418612
63070.461995,-959.9915878708836,-218.85366807955657,-787.3500489077275,1260.71443091992
63070.4796426,-1492.7389631561787,-408.0618193674601,-669.6399087055755,1686.1796072427387
63070.4965725,-1465.7092272579068,-447.2985327681774,-607.7330942288881,1648.550584636866
63070.5076644,-722.8274535376589,-238.03606129768505,-669.6399087055755,1013.6855041861176
63070.5242225,-123.81362895337463,16.56661232474731,-671.3837626344963,682.9058676624297
63070.5410689,146.48373002934463,211.8782523638735,-429.85999347896967,501.12821810572495
63070.5517736,186.59237039452233,239.7799152266058,-178.74502771437886,352.50660329721336
63070.5678066,-96.78389305510271,87.19269644603848,-176.1292468209977,219.06893858820902
63070.5851673,-416.7810890120639,-102.01545484186502,-190.95200521682426,469.6555093693681
63070.6012193,-741.137919791327,-141.25216824258234,-11.335050537985001,754.5634993534638
63070.6121578,-511.82112813824585,95.04003912618194,27.901662862732312,521.3175414623207
63070.6294642,-95.04003912618194,193.56778611020542,-331.3322464949462,395.3253779155852
63070.6463444,233.67642647538312,6.103488751222693,-714.1081838930551,751.3936539313323
63070.6575122,314.7656341701989,-174.38539289207696,-948.6565373328987,1014.6116969230825
63070.6744931,168.28190414085427,-317.38141506358005,-960.863514835344,1025.820869367924
63070.6908648,80.2172807303554,-178.74502771437886,-581.5752852950766,613.689179900083
63070.70176,212.75017932833387,89.80847733941962,-74.98571894359308,242.7983926053688
63070.7176403,490.8948809911966,38.36478643625693,-57.547179654385396,495.74319854924363
63070.7352514,804.7885881969352,-127.30133681121617,-251.9868927290512,852.8702692398072
63070.7465792,1307.8904466905772,-267.68157808933813,-394.1109879360939,1391.9606023896079
63070.7630673,1598.2421258558852,-479.5598304532116,-415.0372350831431,1719.47998835407
63070.7794521,1895.5692207368766,-728.9309422888816,-488.27910009781544,2088.7650583116088
63070.7960366,2137.0929898924032,-1037.5930877078579,-525.771959569612,2433.1465259157835
63070.8073096,2064.723051842191,-1487.5074013694164,-405.44603847407893,2576.84808245493
63070.8239395,1334.0482556243887,-2018.5109227257908,-99.39967394848387,2421.559701654878
63070.8408939,982.6616889468536,-2389.079882621454,93.29618519726117,2584.9624482074755
63070.8517204,1004.4598630583632,-2624.500163025758,1.7438539289207695,2810.15013179794
63070.8680582,862.3357678513205,-2955.8324095207045,-102.01545484186502,3080.7426641502034
63070.8842662,519.6684708183893,-3187.764982067167,-101.14352787740464,3231.4286180709446
63070.8966106,100.27160091294425,-3145.9124877730683,-32.261297685034236,3147.6754225943473
63070.913165,-127.30133681121617,-3013.3795891750897,-69.75415715683079,3016.87384907815
63070.9299407,-76.72957287251386,-2849.457319856537,-211.0063253994131,2858.2893685552135
63070.946883,25.28588196935116,-2722.155983045321,-418.52494294098466,2754.257740248752
63070.9583755,218.85366807955657,-2721.284056080861,-607.7330942288881,2796.8953065377327
63070.974983,642.6101728073036,-2746.569938050212,-803.0447342680144,2932.8271520892877
63070.9915519,1232.904727746984,-2787.55050537985,-949.528464297359,3192.5062556329035
63071.0027918,1669.7401369416368,-2751.8014998369745,-989.6371046625367,3367.465696684043
63071.0197865,1863.3079230518422,-2603.5739158787087,-896.3409194652755,3324.746696435627
63071.0367875,1620.040299967395,-2484.9918487120967,-649.5855885229867,3036.721340278157
63071.0483792,1279.9887838278448,-2278.3451581349855,-288.6078252363873,2629.1676293286996
63071.0647111,966.9670035865666,-2083.033518095859,34.00515161395501,2296.7825700035874
63071.0815201,893.7251385718944,-1959.2198891424846,158.69070753179003,2159.2753270446506
63071.0925036,1160.5347896967721,-1964.451450929247,133.40482556243887,2285.5431189627334
63071.1093517,1532.8476035213564,-2137.0929898924032,74.98571894359308,2631.0475254380913
63071.1264186,1682.8190414085425,-2334.14848386045,65.39452233452886,2878.2643232313753
63071.137642,1776.1152266058039,-2456.2182588849037,20.05432018258885,3031.1706664618146
63071.1544726,1942.6532768177372,-2493.7111183567004,-36.62093250733616,3161.303210456761
63071.1706768,2248.699641343332,-2635.8352135637433,-183.97658950114118,3469.600082938194
63071.181942,2437.0358656667754,-3217.4104988588197,-596.3980436909031,4080.020190542138
63071.1983376,3221.7701336811215,-4652.602282360613,-1347.1271600912944,5817.324331474264
63071.2154282,5519.297685034236,-6466.210368438214,-1804.8888164329965,8690.923259620178
63071.226644,7313.723377893707,-5562.894033257255,106.37508966416694,9189.540539836536
63071.2426597,3773.6999021845454,2479.760286925334,5712.865471144441,7281.95399077432
63071.2596266,5003.988849038148,14379.819497880666,8808.206194978808,17589.87235787088
63071.276283,9344.441278121943,22756.421845451583,6751.330485816759,25509.876152916426
63071.2869628,8877.960352135638,23525.461428105642,517.0526899250082,25150.20594157307
63071.304493,3178.1737854581024,18842.341701988913,-5589.923769155526,19909.341454956604
63071.32173,2521.6127812194327,11438.809846755788,-10643.612455167917,15826.919720035608
63071.3324196,584.1910661884577,5936.95070101076,-10400.344832083469,11989.822161078615
63071.3490414,-3988.1939354418,117.71014020215195,-6785.335637430714,7871.488185622109
63071.3661488,-5024.915096185197,-2843.353831105315,-3449.343071405282,6725.503725148235
63071.3770771,-2537.30746657972,-3119.7546788392565,-2156.2753831105315,4562.929099154303
63071.3933847,-1632.2472774698404,-1520.640626018911,-1361.0779915226606,2613.257045779127
63071.4099356,-1388.1077274209326,-503.101858493642,-299.94287577437234,1506.625458325082
63071.4270252,-1528.4879686990546,313.0217802412781,442.06697098141507,1621.6292153867555
63071.4383062,-1211.9784805999348,999.2283012716009,259.83423540919466,1592.1252668650593
63071.455402,145.61180306488424,1222.4416041734594,-248.49918487120965,1255.9132604155602
63071.4719299,1689.7944571242256,1157.9190088033909,-721.0835996087382,2171.668320876988
63071.4839692,1900.8007825236389,827.4586892729052,-901.5724812520378,2260.65575359157
63071.5008024,925.1145092924683,327.8445386371047,-776.8869253342028,1251.7476549100668
63071.5118912,-390.6232800782524,-87.19269644603848,-503.101858493642,642.8845878323576
63071.5281874,-1953.1164003912618,-246.75533094228888,-162.17841538963157,1975.3110401260988
63071.5453541,-3050.8724486468864,-342.66729703293123,63.65066840560809,3070.715711679768
63071.5570318,-3187.764982067167,-240.65184219106618,-24.413955004890774,3196.9289843915235
63071.5740319,-1916.4954678839256,164.79419628301272,-450.7862406260189,1975.682221483488
63071.5909334,183.1046625366808,858.848059993479,-1259.934463645256,1535.767612719546
63071.6017431,2040.3090968373003,1220.6977502445386,-2069.954613628953,3152.4080177814717
63071.6187803,3083.1337463319205,1268.65373328986,-2487.6076296054775,4159.734091457336
63071.6354868,2670.7122921421587,1186.6925986305837,-1924.3428105640692,3499.148285456541
63071.6516851,812.6359308770786,767.2957287251386,-779.502706227584,1362.6240715943723
63071.6626728,-1293.0676882947505,-245.8834039778285,71.49801108575156,1318.1785389137817
63071.6794762,-1640.0946201499837,-695.7977176393871,89.80847733941962,1783.8470757100017
63071.6960559,-1414.265536354744,-946.9126834039779,-188.3362243234431,1712.384644495653
63071.707315,-1217.210042386697,-1192.7960873818063,-538.8508640365178,1787.378820237409
63071.7242959,-1109.9630257580698,-1231.1608738180632,-873.6708183893055,1873.7864645352481
63071.7404377,-1048.9281382458428,-1281.7326377567656,-1227.6731659602217,2061.6183439991023
63071.7571912,-326.1006847081839,-1529.3598956635149,-1660.1489403325725,2280.6529440312543
63071.7683164,614.7085099445712,-2188.5366807955656,-1987.9934789696772,3019.8803664734646
63071.7857807,1069.854385392892,-2921.8272579067493,-1770.011737854581,3579.7492207044716
63071.7973212,1159.6628627323116,-3243.5683077926315,-1019.2826214541898,3592.282058095631
63071.8138894,1214.594261493316,-3275.8296054776656,-496.9983697424193,3528.9242275377737
63071.8309618,1070.7263123573525,-3371.741571568308,-481.30368438213236,3570.258995929583
63071.8419522,1394.2112161721552,-3321.1698076296057,-718.467818715357,3672.899374192045
63071.8583154,1454.3741767199217,-3363.022301923704,-807.4043690903163,3751.936175412915
63071.8743957,1293.0676882947505,-3453.702706227584,-734.1625040756439,3760.1969379151255
63071.8911651,1213.7223345288555,-3553.102380176068,-744.6256276491686,3827.809524349263
63071.9022617,1477.9162047603522,-3560.9497228562113,-781.2465601565048,3933.8207158892415
63071.9184464,1767.3959569612,-3552.2304532116077,-808.2762960547767,4049.115981565701
63071.9356968,2098.7282034561463,-3477.2447342680143,-728.9309422888816,4126.4065883772355
63071.9466006,2226.0295402673623,-3366.5100097815457,-571.1121617215521,4076.1214728426007
63071.9638448,2338.508118682752,-3172.0702967068796,-367.95317900228235,3958.034831874664
63071.980081,2316.7099445712424,-3131.089729377242,-12.206977502445387,3894.998956480821
63071.9968451,2070.826540593414,-3400.5151613955004,355.74620149983696,3997.2967470514764
63072.0074514,1433.4479295728725,-4088.465536354744,784.7342680143463,4402.968462316447
63072.0240658,610.3488751222693,-4854.017411150962,1264.294098467558,5052.964510516535
63072.0412729,94.16811216172155,-5360.606977502445,1620.040299967395,5600.84862981624
63072.0520436,171.7696119986958,-5587.307988262146,1740.366221062928,5854.6041658442655
63072.0685757,738.5221388979459,-5900.329768503424,1772.6275187479623,6204.95887552469
63072.0852424,1487.5074013694164,-6100.001043364852,1401.1866318878383,6433.19632652092
63072.096576,2035.077535050538,-5897.713987610043,15.694685360286925,6238.9756512160775
63072.1129249,2818.939876100424,-5160.063775676557,-2477.144506031953,6380.354621639989
63072.1295713,5126.058624062602,-3764.108705575481,-4099.800586892729,7566.594757022584
63072.146058,8519.59836974242,-286.8639713074666,-2679.4315617867624,8935.614182251327
63072.1566678,7176.830844473427,5902.945549396804,1467.4530811868276,9407.714157796963
63072.1736456,4078.87433974568,13603.804499510923,4801.701793283339,14991.899574502553
63072.1898704,4915.052298663189,21038.725725464625,6083.434431040105,22445.353499704244
63072.2067808,5564.637887186175,25700.9192044343,3021.226931855233,26469.421129713715
63072.2175587,4238.43697424193,21999.589240299967,-5388.508640365178,23043.053185153945
63072.2339561,9943.455102706228,13993.555852624715,-11948.015194000653,20915.233009845535
63072.2515051,2946.24121291164,6215.967329638083,-10797.071600912945,12802.161625406387
63072.2624562,-8167.339876100424,-277.2727746984024,-6634.4922725790675,10526.101299067968
63072.2794196,-7464.566742745354,-3111.907336159113,-4505.246625366808,9257.48189742329
63072.2964446,-1314.8658624062602,-2782.3189435930876,-3935.878317574177,4996.12940892736
63072.3073007,562.3928920769482,-1776.1152266058039,-3165.9668079556573,3673.4475486001693
63072.3245493,-1034.1053798500163,-1218.9538963156178,-956.5038800130421,1862.8264037364772
63072.341594,-1799.6572546462342,-1065.4947505705902,651.3294424519074,2190.496596733037
63072.3523285,-1627.015715683078,-960.863514835344,869.3111835670036,2079.937683464607
63072.3684434,301.6867297032931,-797.8131724812521,462.12129116400394,970.0911445893906
63072.385204,2098.7282034561463,-377.5443756113466,-215.36596022171503,2143.264408410742
63072.4013127,2036.8213889794588,-204.03090968373004,-612.0927290511901,2136.5690935862376
63072.4127745,1016.6668405608086,-266.80965112487775,-692.3100097815455,1258.607168370258
63072.4299555,-158.69070753179003,-303.4305836322139,-688.822301923704,769.2392497577048
63072.4469732,-1003.5879360939028,-217.1098141506358,-629.5312683403978,1204.4231128187523
63072.4581647,-1763.9082491033585,-130.78904466905772,-538.8508640365178,1849.0100970879587
63072.4744993,-1894.697293772416,-166.5380502119335,-469.9686338441474,1959.2047555052136
63072.4914631,-1041.9527225301597,-162.17841538963157,-520.5403977828497,1175.9802805022844
63072.5023258,200.5432018258885,-163.05034235409195,-808.2762960547767,848.5950510722972
63072.5189078,1087.2929246820997,-143.86794913596347,-1146.583958265406,1586.681651814222
63072.535358,1587.7790022823606,-55.803325725464624,-1266.0379523964787,2031.503942442411
63072.5512138,1453.5022497554614,141.25216824258234,-1003.5879360939028,1771.9508205790132
63072.5624471,1029.7457450277143,59.29103358330617,-657.4329312031301,1223.15566674745
63072.5791899,639.122464949462,-325.2287577437235,-546.6982067166613,901.7373227796526
63072.5958498,-50.57176393870232,-1030.6176719921748,-478.6879034887512,1137.4851199364755
63072.6077374,-267.68157808933813,-1513.665210303228,-375.8005216824258,1582.4227716471653
63072.623976,-376.6724486468862,-1734.2627323117053,-379.28822954026737,1814.7751704612597
63072.6409505,-508.3334202804043,-1692.4102380176068,-378.416302575807,1807.1674460259435
63072.6567689,-395.8548418650147,-1512.7932833387677,-333.076100423867,1598.80713740477
63072.6675134,-141.25216824258234,-1496.2266710140202,-313.0217802412781,1535.13161031631
63072.6852772,52.31561786762308,-1649.685816759048,-422.8845777632866,1703.828507802024
63072.7015281,184.84851646560156,-1844.1255298337137,-600.7576785132051,1948.3012426512962
63072.7129443,393.23906097163353,-1878.1306814476688,-652.2013694163678,2026.6668305218604
63072.7297383,647.8417345940659,-1817.0957939354419,-705.3889142484512,2054.047116734261
63072.7459427,1005.3317900228236,-1754.317052494294,-864.9515487447017,2199.1956507729415
63072.7567961,1642.710401043365,-1851.9728725138573,-1190.1803064884252,2746.7854201186087
63072.7734966,2389.951809585915,-2260.0346918813175,-1465.7092272579068,3601.101220393429
63072.7905248,2929.6746005868927,-2788.4224323443104,-1565.980828170851,4337.117577461279
63072.8025941,3652.5020541245517,-2933.162308444734,-1504.945940658624,4920.271808281508
63072.8203958,4466.009911966091,-2770.9838930551027,-1329.6886208020867,5421.4083131268335
63072.8363822,4717.124877730682,-2524.228562112814,-1034.9773068144766,5449.236182394077
63072.8472374,4170.42667101402,-2499.814607107923,-664.4083469188132,4907.440283861904
63072.8642526,3110.1634822301926,-2665.480730355396,-272.91313987610044,4105.165769126894
63072.8808367,2062.10727094881,-2843.353831105315,306.04636452559504,3525.707274150898
63072.8919266,1366.3095533094229,-3053.4882295402676,822.2271274861429,3444.800373400419
63072.9083741,1097.7560482556244,-3140.6809259863057,1188.4364525595045,3532.892047899033
63072.9250418,1132.6331268340398,-3151.1440495598304,1356.7183567003588,3612.9283580616293
63072.9416787,1401.1866318878383,-3159.8633192044344,1331.4324747310075,3704.156126326641
63072.9528225,1729.031170524943,-3247.9279426149333,1253.8309748940333,3887.245402938879
63072.9693251,1967.9391587870884,-3488.579784805999,1252.0871209651125,4196.50993161358
63072.9859197,1790.0660580371698,-3907.1047277469843,1415.1374633192045,4524.645608863647
63072.9969037,1245.1117052494294,-4377.073361591131,1652.301597652429,4841.402166821571
63073.013992,784.7342680143463,-5160.063775676557,1416.0093902836647,5408.063297874474
63073.030575,2074.3142484512555,-5918.640234757092,789.0939028366482,6321.05616311921
63073.0418569,4577.61656341702,-4916.79615259211,1235.5205086403653,6830.517457344309
63073.0592813,4182.633648516466,-54.05947179654385,3358.662667101402,5364.5094440753655
63073.0755442,802.172807303554,8018.240365177699,5827.087903488751,9944.37595837603
63073.0915821,2167.6104336485164,15719.099315291816,7113.180176067819,17389.24812903864
63073.1083226,2564.3372024779915,20462.38200195631,5822.728268666449,21428.697276613097
63073.1198676,1126.5296380828172,21575.83273557222,2569.568764264754,21757.488616408697
63073.1364693,3018.611150961852,19203.319465275516,-1543.310727094881,19500.289735450264
63073.1473364,3832.119008803391,14626.574828822955,-3456.318487120965,15510.253537747334
63073.1639392,1633.1192044343006,11218.21232474731,-6397.328138245843,13016.957148558053
63073.180934,969.5827844799478,5035.378219758722,-7406.147636126508,9008.115640914179
63073.1921399,-2002.8162373655039,-881.518161069449,-4619.469057711119,5111.540034480863
63073.2094969,-4105.904075643952,-3653.373981089012,-1825.8150635800457,5791.30299418737
63073.2263547,-2163.2507988262146,-2503.3023149657647,-1060.263188783828,3474.2386976466173
63073.2421244,-999.2283012716009,-675.7433974567982,-1150.0716661232475,1666.658685660651
63073.2534765,-1354.974502771438,362.72161721552004,-359.2339093576785,1447.954376487239
63073.2704686,-807.4043690903163,862.3357678513205,-491.766807955657,1279.5934452585925
63073.2816883,177.87310074991848,489.15102706227583,-873.6708183893055,1016.9603070678368
63073.2982679,359.2339093576785,111.60665145092925,-710.6204760352135,804.0438465910945
63073.3152754,410.67760026084125,88.93655037495924,-673.1276165634171,793.5153366690197
63073.332039,498.74222367134007,302.5586566677535,-647.8417345940659,871.7708755625395
63073.3428254,113.35050537985002,428.1161395500489,-406.3179654385393,601.0208441071061
63073.3598759,-296.4551679165308,417.6530159765243,-252.85881969351158,571.1893653032251
63073.3764216,-377.5443756113466,146.48373002934463,-382.7759373981089,557.2384202207099
63073.3876655,-476.9440495598305,-186.59237039452233,-536.2350831431366,741.512240959988
63073.4037147,-596.3980436909031,-317.38141506358005,-481.30368438213236,829.5027581303826
63073.4210294,-412.421454189762,-227.57293772416043,-460.37743723508316,658.6564222533214
63073.4319402,101.14352787740464,-1.7438539289207695,-597.2699706553635,605.7759256562376
63073.4479967,554.5455493968047,303.4305836322139,-810.8920769481579,1028.1716033311207
63073.4643116,851.0007173133355,697.5415715683079,-997.4844473426801,1485.1739587079785
63073.4809666,1068.9824584284318,938.193413759374,-1164.894424519074,1838.4529905126174
63073.4922605,791.7096837300294,857.9761330290186,-1207.618845777633,1679.6638189937396
63073.5085085,184.84851646560156,530.131594391914,-1058.5193348549071,1198.1951692749064
63073.5256561,-303.4305836322139,251.1149657645908,-914.6513857189436,995.8493874637476
63073.5418839,-586.8068470818389,49.69983697424193,-929.4741441147702,1100.3338285062762
63073.5534545,-308.6621454189762,-24.413955004890774,-1075.0859471796543,1118.784230777678
63073.5698167,13.950831431366156,-142.12409520704273,-1218.0819693511576,1226.4247095498529
63073.5863846,285.9920443430062,-390.6232800782524,-1254.7029018584938,1344.863326995985
63073.5971456,376.6724486468862,-718.467818715357,-1048.0562112813825,1325.3301332516098
63073.6138498,102.01545484186502,-1070.7263123573525,-690.5661558526248,1278.1798013620928
63073.6313974,-282.5043364851647,-1282.6045647212259,-531.8754483208347,1416.9596543667492
63073.6422899,-299.94287577437234,-1290.4519074013695,-696.6696446038475,1496.8568561342413
63073.6595395,-49.69983697424193,-1203.259210955331,-1003.5879360939028,1567.6388448929592
63073.6764104,420.26879686990543,-1271.269514183241,-1298.2992500815128,1865.028949393652
63073.6875611,712.3643299641343,-1561.621193348549,-1441.295272253016,2241.306706352232
63073.7054512,587.6787740462993,-1780.4748614281057,-994.868666449299,2122.5505264008675
63073.7167766,356.61812846429734,-2076.9300293446363,-536.2350831431366,2174.4799149995424
63073.7328105,230.18871861754158,-2384.7202477991523,-376.6724486468862,2425.233935110524
63073.7493165,72.36993805021193,-2587.0073035539617,-363.5935441799804,2613.4353755056372
63073.7658275,-306.9182914900554,-2736.1068144766873,-361.84969025105966,2776.943380087489
63073.7817395,-400.2144766873166,-2821.555656993805,-437.70733615911314,2883.2162015692393
63073.7933584,227.57293772416043,-2856.4327355722203,-644.3540267362243,2937.0375425935895
63073.810348,1820.5835017932834,-2750.9295728725137,-970.4547114444082,3438.5927570549984
63073.8268031,3561.8216498206716,-2553.874078904467,-1396.8269970655365,4599.996949538392
63073.8383458,4432.876687316596,-2137.0929898924032,-1589.5228562112814,5171.474169211356
63073.8556776,4332.6050864036515,-1663.636648190414,-1316.609716335181,4824.169864036841
63073.8674913,3703.9457450277146,-1572.9562438865341,-912.0356048255625,4126.162184374249
63073.8842447,3048.256667753505,-1606.961395500489,-509.2053472448647,3483.3150481682455
63073.9012666,2686.4069775024454,-1957.4760352135638,163.05034235409195,3327.924321758388
63073.9125263,2200.7436582980113,-3077.0302575806977,1062.0070427127487,3929.2806993618474
63073.9293779,1583.4193674600588,-4920.283860449951,1822.3273557222042,5480.628353762492
63073.9467071,1402.930485816759,-6985.006912292142,2091.752787740463,7425.224928433014
63073.957698,2475.4006521030324,-8885.807694815781,1804.8888164329965,9399.085616024804
63073.9743235,4192.22484512553,-10070.756439517443,1059.3912618193674,10959.799006450303
63073.9911779,5298.700163025758,-10755.219106618846,511.82112813824585,12000.538417764305
63074.002133,6728.66038474079,-8891.039256602544,1415.1374633192045,11239.575778280829
63074.0193449,3371.741571568308,401.9583306162374,2559.1056406912294,4251.968180173904
63074.0370694,3785.9068796869906,14483.57880665145,4044.869188131725,15507.034297351693
63074.048297,3631.5758069775025,22045.801369416367,4985.67838278448,22892.415551840513
63074.0655491,1844.9974567981742,24038.15448320835,2874.7432018258887,24279.642399562345
63074.0815379,5993.6259537006845,22557.622497554614,-6644.955396152593,24267.783521201807
63074.0924626,6413.89475057059,13487.838213237692,-13507.892533420281,20137.601302843974
63074.1097251,-1047.184284316922,4651.730355396153,-9361.87981741115,10506.18788811073
63074.1263466,-5766.053015976524,-2410.878056732964,-4260.23514835344,7563.683223585883
63074.1373077,-5330.089533746332,-6340.652885555918,-251.9868927290512,8287.172669069229
63074.1533613,-2962.8078252363875,-5235.04949462015,134.27675252689926,6016.810090627244
63074.169697,-412.421454189762,-663.5364199543528,-1302.6588849038149,1518.977355624727
63074.1866232,-794.3254646234105,1069.854385392892,-713.2362569285947,1511.372656855718
63074.1973736,-2484.9918487120967,1151.8155200521683,374.05666775350505,2764.377302592659
63074.2140256,-1739.4942940984677,348.77078578415393,99.39967394848387,1776.8966642432215
63074.2308836,1114.3226605803718,265.93772416041736,-388.0074991848712,1209.5402781380365
63074.2421693,1969.6830127160092,360.97776328659927,-991.3809585914574,2234.4557102854214
63074.2584621,1150.9435930877078,-109.86279752200848,-838.7937398108901,1428.3962778917285
63074.2754576,-105.50316269970655,-650.457515487447,-494.38258884903814,823.7961161299683
63074.2869652,-1196.2837952396478,-575.4717965438539,-336.56380828170853,1369.5027945993659
63074.303509,-1876.386827518748,-242.39569611998695,-79.34535376589501,1893.6416992524219
63074.319772,-2522.484708183893,179.61695467883925,348.77078578415393,2552.808730486124
63074.3363406,-1409.0339745679817,301.6867297032931,431.60384740789044,1504.218569710933
63074.347522,1263.4221715030976,452.5300945549397,-371.4408868601239,1392.475278902624
63074.3644054,2704.7174437561134,607.7330942288881,-1013.1791327029671,2951.5026544667653
63074.3811047,2484.119921747636,653.9452233452886,-1137.864688620802,2809.489667247366
63074.3919767,1304.4027388327356,655.6890772742094,-1029.7457450277143,1786.552817728524
63074.4081547,302.5586566677535,653.0732963808282,-896.3409194652755,1149.5536155735288
63074.4248007,96.78389305510271,620.8119986957939,-968.7108575154874,1154.6321427831285
63074.4414932,182.2327355722204,360.97776328659927,-1004.4598630583632,1082.7988418892758
63074.4525558,368.82510596674274,153.4591457450277,-828.3306162373656,919.62670578901
63074.4695432,203.15898271926966,33.13322464949462,-469.9686338441474,513.0710473536162
63074.486541,-153.4591457450277,-207.51861754157156,-135.14867949135964,291.3397528786914
63074.4972261,-412.421454189762,-440.3231170524943,16.56661232474731,603.5315699536694
63074.5152251,-294.71131398761,-577.2156504727747,-64.52259537006847,651.3031790620261
63074.5318601,68.01030322791001,-726.3151613955005,-428.1161395500489,845.8383675155444
63074.5428085,377.5443756113466,-864.9515487447017,-776.0149983697424,1221.8347739880426
63074.5594117,557.1613302901859,-928.6022171503098,-971.3266384088686,1454.7186202664327
63074.5768415,419.39686990544504,-977.4301271600913,-837.9218128464297,1354.0222865265268
63074.5883036,137.7644603847408,-1118.6822954026736,-544.9543527877405,1251.9602115142472
63074.6054426,-13.950831431366156,-1405.5462667101401,-302.5586566677535,1437.8096794378018
63074.622026,155.20299967394848,-1759.5486142810564,-221.46944897293773,1780.2101038794701
63074.6328419,580.7033583306162,-2021.9986305836323,-303.4305836322139,2125.503463074555
63074.6496399,857.9761330290186,-2138.836843821324,-354.0023475709162,2331.536778912293
63074.6627115,843.153374633192,-2148.428040430388,-172.6415389631562,2314.4018145167583
63074.6793326,666.152200847734,-2162.3788718617543,47.95598304532116,2263.1705451596517
63074.6954036,446.426605803717,-2368.153635474405,209.26247147049233,2418.933471087207
63074.7070767,188.3362243234431,-2668.0965112487775,252.85881969351158,2686.6609591511738
63074.7237658,316.50948809911966,-2820.6837300293446,215.36596022171503,2846.544827985543
63074.7401479,925.9864362569286,-2836.3784153896318,129.04519074013695,2986.4939405050136
63074.7561673,1867.6675578741442,-2730.875252689925,38.36478643625693,3308.6755068045177
63074.7673491,2358.562438865341,-2618.3966742745356,-27.901662862732312,3524.144779186701
63074.7844026,2329.788849038148,-2504.174241930225,4.359634822301924,3420.3543268885314
63074.8008106,1778.731007499185,-2395.183371372677,310.40599934789697,2999.523172767701
63074.8121971,1184.948744701663,-2666.3526573198565,520.5403977828497,2963.8661114312563
63074.828673,921.6268014346267,-3593.2110205412455,503.101858493642,3743.484056234437
63074.8452664,1210.234626671014,-4835.706944897294,31.38937072057385,4984.94882632868
63074.8616555,2321.0695793935442,-6127.902706227584,-454.27394848386047,6568.479305718226
63074.8725678,3783.2910987936093,-7355.5758721878055,-594.6541897619824,8292.852437799906
63074.8899597,3648.14241930225,-9054.961525921095,-313.8937072057385,9767.28215046781
63074.9063988,3227.001695467884,-10924.37293772416,363.5935441799804,11396.826939565326
63074.9174139,7141.081838930551,-9687.980502119335,2410.878056732964,12274.540685670672
63074.9340449,2895.669448972938,2130.11757417672,5798.314313661559,6822.224807021847
63074.9509386,548.442060645582,16421.872448646885,8012.136876426475,18280.399906460083
63074.962367,3411.8502119334858,24278.806325399415,8613.76648190414,25986.499022756034
63074.9792433,3644.6547114444083,26328.70661884578,5678.860319530486,27179.65700143483
63074.9956977,4274.1859797848065,21336.924747310077,-3154.631757417672,21988.286085710963
63075.0118099,7497.6999673948485,11625.40221715031,-9514.467036191718,16789.59691280213
63075.0229382,1973.1707205738508,5507.962634496251,-7484.621062927943,9500.031975270475
63075.0396621,-5177.5023149657645,-129.91711770459733,-3143.296706879687,6058.359750495939
63075.0563348,-5997.1136615585265,-3823.3997391587873,-1016.6668405608086,7184.522899938958
63075.0673385,-3119.7546788392565,-4356.147114444082,-576.3437235083143,5388.975693621782
63075.0845066,-1335.7921095533095,-2730.875252689925,-1123.0419302249757,3240.8707753846934
63075.1013418,-930.3460710792306,-1409.0339745679817,-1046.3123573524617,1986.37612314684
63075.113804,-1053.2877730681448,-601.6296054776655,-921.6268014346267,1523.407127528516
63075.1307011,-809.1482230192371,360.1058363221389,-720.2116726442778,1141.5348937205224
63075.1417764,-265.93772416041736,1167.5102054124552,-500.48607760026084,1297.8017054795196
63075.1584222,517.0526899250082,1381.1323117052495,-352.2584936419954,1516.2308508066642
63075.1755158,1198.899576133029,1424.7286599282686,-579.8314313661558,1950.2349696570109
63075.1866456,1436.935637430714,1454.3741767199217,-896.3409194652755,2232.356449121873
63075.2038717,1147.4558852298665,1320.0974241930226,-1064.6228236061297,2047.616657104742
63075.2208556,583.3191392239974,1031.489598956635,-1112.578806651451,1625.4425895585214
63075.231717,224.08522986631888,524.0281056406913,-1277.3730029344636,1398.7499541988989
63075.2487735,-620.8119986957939,-173.51346592761658,-1202.3872839908706,1364.2762334973893
63075.2655234,-1634.8630583632214,-503.9737854581024,-668.7679817411151,1836.8498603401965
63075.2766565,-2198.12787740463,-504.84571242256277,-108.1189435930877,2257.947090774829
63075.2926761,-2269.6258884903814,-259.83423540919466,138.6363873492012,2288.653654770348
63075.3087201,-1583.4193674600588,231.06064558200197,88.06462341049885,1602.6107740436594
63075.3254594,-515.3088359960874,452.5300945549397,-319.1252689925008,756.41762290621
63075.3417858,197.05549396804696,387.13557222041084,-655.6890772742094,786.5322530183489
63075.3525295,444.6827518747962,231.06064558200197,-845.7691555265732,983.0855691097524
63075.3698006,371.4408868601239,25.28588196935116,-859.7199869579393,936.8704095195678
63075.387278,629.5312683403978,-108.1189435930877,-742.0098467557874,979.0699344094385
63075.400725,1024.514183240952,-248.49918487120965,-645.2259537006847,1236.0006827961256
63075.4124572,1104.7314639713074,-495.25451581349853,-506.58956635148354,1312.3801399206081
63075.4290704,1157.0470818389306,-574.5998695793935,-318.25334202804044,1330.4916946094243
63075.4454058,1111.7068796869905,-575.4717965438539,-161.30648842517118,1262.172634059563
63075.4620466,950.4003912618194,-753.3448972937724,-43.59634822301924,1213.544428345154
63075.473623,1109.0910987936095,-1002.7160091294425,-67.13837626344963,1496.672984307188
63075.4908701,1274.7572220410825,-1238.1362895337463,-93.29618519726117,1779.520054615472
63075.5017601,1243.3678513205086,-1488.3793283338769,61.906814476687316,1940.3785951168477
63075.5178126,1280.860710792305,-1750.8293446364526,224.08522986631888,2180.87637080503
63075.5344394,1498.8424519074015,-2008.9197261167265,202.28705575480927,2514.598817813021
63075.5508471,1255.574828822954,-2292.2959895663516,287.73589827192694,2629.4259833108295
63075.5618335,827.4586892729052,-2455.3463319204434,423.756504727747,2625.44911728022
63075.5781079,578.9595044016954,-2493.7111183567004,349.6427127486143,2583.8032580154186
63075.5953427,690.5661558526248,-2617.524747310075,92.42425823280078,2708.663814854037
63075.6116654,917.2671666123248,-2884.3343984349526,-171.7696119986958,3031.5456085215515
63075.6225571,1159.6628627323116,-3153.7598304532116,-307.7902184545158,3374.2782697870443
63075.6392989,1358.4622106292795,-3390.052037821976,-333.076100423867,3667.2622057227227
63075.6553603,1575.5720247799152,-3526.072644277796,-311.27792631235735,3874.5979721001518
63075.667012,1810.1203782197588,-3402.2590153244214,-129.91711770459733,3856.005789476387
63075.6840521,1771.7555917835018,-3233.105184219107,-15.694685360286925,3686.7781778117774
63075.7000197,1625.2718617541573,-3145.040560808608,47.084056080860776,3540.4809930400943
63075.716892,1427.3444408216499,-3136.321291164004,194.4397130746658,3451.322963180014
63075.7281076,1139.6085425497229,-3255.7752852950766,347.89885881969354,3466.9603335715547
63075.7447785,857.1042060645582,-3463.293902836648,503.101858493642,3603.0742092689147
63075.761159,519.6684708183893,-3734.4631887838277,567.6244538637105,3812.9343226140513
63075.771729,259.83423540919466,-3941.9818063253997,525.771959569612,3985.3695618801544
63075.788614,282.5043364851647,-4153.860058689273,410.67760026084125,4183.660858466299
63075.805385,844.0253015976524,-4294.240299967395,183.97658950114118,4380.265499839655
63075.821689,1863.3079230518422,-4224.486142810564,-42.724421258558856,4617.361255422638
63075.8327383,2474.528725138572,-4152.988131724813,-162.17841538963157,4837.034698263117
63075.8491021,2471.0410172807306,-3957.6764916856864,-476.9440495598305,4690.066369289015
63075.8654441,2776.2154548418653,-3284.5488751222692,-885.8777958917509,4390.946712728795
63075.8820461,3447.5992174763614,-2293.167916530812,-1072.4701662862733,4277.236457728751
63075.8934176,4445.083664819042,-735.9063580045647,-1021.8984023475709,4620.022002081066
63075.911236,4530.532507336159,1987.9934789696772,401.086403651777,4963.739837627466
63075.9230196,2016.76706879687,6853.345940658624,2789.2943593087707,7669.150084266006
63075.9393453,-1320.9693511574828,13228.003977828497,5613.465797195957,14430.386256799671
63075.9565345,-2032.461754157157,19591.326964460386,5142.625236387349,20356.757780462787
63075.9678284,217.98174111509618,22600.34691881317,-826.5867623084448,22616.50818684863
63075.984717,5446.9277469840235,21027.39067492664,-7563.966416693837,23000.73408458366
63076.0009219,8020.85614607108,13564.567786110205,-12325.559569611998,20006.27529661628
63076.0122158,-1274.7572220410825,8312.079752200847,-10282.634691881318,13283.382550720069
63076.0279993,-3810.3208346918814,3907.9766547114446,-8795.1272905119,10351.091268719636
63076.0444868,-2767.496185197261,1378.5165308118683,-6379.889598956635,7089.593377315658
63076.0616211,-2940.1377241604173,-973.9424193022497,-3472.8850994457125,4653.375612079856
63076.0729191,-2277.473231170525,-2550.3863710466253,-1695.8979458754484,3816.7295952350687
63076.089439,-1872.8991196609065,-3532.1761330290187,-290.3516791653081,4008.5313326404903
63076.1063684,-1504.0740136941638,-3703.073818063254,576.3437235083143,4038.213271772934
63076.1172733,-1222.4416041734594,-3097.956504727747,808.2762960547767,3427.099145277704
63076.1341054,-489.15102706227583,-1968.8110857515487,754.2168242582328,2164.331036752106
63076.1511624,277.2727746984024,-708.8766221062928,411.54952722530163,865.3087716631261
63076.1623489,1033.2334528855558,323.48490381480275,-27.029735898271927,1083.0256034741794
63076.1786689,1722.05575480926,803.0447342680144,-418.52494294098466,1945.6412813699833
63076.1956332,1739.4942940984677,649.5855885229867,-646.0978806651451,1966.0224585232675
63076.2067865,969.5827844799478,276.400847733942,-597.2699706553635,1171.84453850952
63076.2227303,-33.13322464949462,-201.4151287903489,-475.2001956309097,517.185740918059
63076.240068,-771.6553635474405,-585.9349201173785,-507.4614933159439,1093.7499247556266
63076.2568542,-1153.559373981089,-639.122464949462,-503.101858493642,1411.4844081754763
63076.2679393,-1249.4713400717314,-517.0526899250082,-452.5300945549397,1425.9402513069183
63076.2843281,-814.3797848059994,-446.426605803717,-465.6089990218455,1038.8950323493793
63076.3007829,-60.162960547766545,-480.431757417672,-396.7267688294751,625.9603697225414
63076.3129832,687.9503749592436,-557.1613302901859,-245.8834039778285,918.7834972010639
63076.3297133,1382.0042386697098,-477.8159765242909,-100.27160091294425,1465.7074118228886
63076.3466844,1578.1878056732965,-598.1418976198239,0.8719269644603848,1687.7355361314076
63076.3588565,1446.5268340397784,-825.7148353439844,104.63123573524616,1668.8896207945488
63076.3762697,1211.1065536354745,-1239.880143462667,158.69070753179003,1740.4782661868378
63076.3869614,1118.6822954026736,-1695.026018910988,171.7696119986958,2038.153105740295
63076.4028107,987.0213237691555,-2199.8717313335505,290.3516791653081,2428.569707768258
63076.4192896,1000.9721552005217,-2572.184545158135,499.61415063580046,2804.9407996163964
63076.435835,1101.243756113466,-2803.245190740137,639.122464949462,3078.8632537008975
63076.4467431,1149.199739158787,-3220.026279752201,793.4535376589502,3509.8144964087383
63076.463214,959.9915878708836,-3599.3145092924683,840.5375937398109,3818.789367335681
63076.4800123,829.2025432018258,-3856.5329638082817,778.6307792631236,4020.7821688084723
63076.4964477,702.7731333550701,-3986.450081512879,651.3294424519074,4099.98833802786
63076.5070171,697.5415715683079,-4018.711379197913,514.436909031627,4111.113076374182
63076.5244633,897.2128464297359,-4038.765699380502,408.9337463319205,4157.384523372849
63076.5411643,1184.0768177372024,-3973.371177045973,326.1006847081839,4158.852976176185
63076.5519055,1550.2861428105641,-3922.799413107271,217.1098141506358,4223.609715807763
63076.5685508,1966.1953048581677,-3856.5329638082817,14.822758395826542,4328.855529115363
63076.5856698,2216.438343658298,-3609.777632865993,-129.91711770459733,4237.920710378029
63076.6024636,2047.2845125529834,-3312.4505379850016,-82.83306162373655,3894.9407900550164
63076.6139944,1504.0740136941638,-3126.7300945549396,9.591196609064232,3469.693316983218
63076.6314374,953.0161721552006,-2920.0834039778288,2.6157808933811544,3071.6662827992527
63076.642845,599.0138245842843,-2584.3915226605804,-96.78389305510271,2654.668383508167
63076.6587924,579.8314313661558,-2056.003782197587,-198.79934789696773,2145.431709921145
63076.6752974,897.2128464297359,-1523.2564069122923,-307.7902184545158,1794.4458173971636
63076.6919552,1232.0328007825237,-1097.7560482556244,-516.1807629605478,1728.9926962646105
63076.7040148,1539.8230192370395,-758.5764590805347,-833.5621780241278,1908.2240642743614
63076.7206505,1753.4451255298338,-519.6684708183893,-944.2969025105967,2058.2326806991878
63076.736808,1858.9482882295404,-451.6581675904793,-773.3992174763613,2063.4510384924997
63076.7480967,1732.5188783827846,-616.452363873492,-373.18474078904467,1876.406680769322
63076.765827,1237.264362569286,-1085.549070753179,215.36596022171503,1660.0067423716368
63076.7776097,553.6736224323444,-1609.5771763938703,975.6862732311705,1961.9523110201096
63076.794449,-52.31561786762308,-2378.6167590479295,1860.6921421584611,3020.385713478792
63076.8111646,197.92742093250735,-3537.407694815781,3064.8232800782525,4684.609930550089
63076.822581,1238.1362895337463,-3792.8822954026737,3944.5975872187805,5610.596020329005
63076.8397683,2177.2016302575807,-1436.935637430714,3953.3168568633846,4736.4232428779915
63076.8566644,2707.3332246494947,3288.9085099445715,3472.0131724812522,5495.584395308672
63076.8676325,1997.5846755787416,8033.935050537985,3390.9239647864365,8946.106542364269
63076.8846876,1574.700097815455,11274.015650472775,3590.595239647864,11936.309457288167
63076.9013928,623.4277795891751,13861.894880991196,2484.9918487120967,14096.665434640172
63076.9124833,68.8822301923704,15303.190153244213,28.773589827192698,15303.372227958727
63076.9301157,1661.8927942614932,15182.86423214868,-2110.9351809585914,15418.732155715226
63076.946417,3027.330420606456,13336.994848386044,-5008.34848386045,14564.467569986635
63076.9570229,4356.147114444082,9792.61173785458,-8501.287903488752,13680.027717407995
63076.9736428,3778.059537006847,6099.1291164003915,-7358.191653081187,10276.969117748922
63076.9906937,-2180.6893381154223,522.2842517117705,-4118.111053146397,4689.0324668318235
63077.0016246,-5574.22908379524,-2851.201173785458,-1552.9019237039452,6450.8047867431005
63077.0183064,-4321.270035865667,-3555.7181610694493,-502.2299315291816,5618.606701661309
63077.0347735,-1406.4181936746006,-2872.1274209325074,-107.24701662862732,3199.78592723749
63077.0470777,335.69188131724815,-2024.6144114770134,-149.97143788718617,2057.7278698906416
63077.0638345,158.69070753179003,-1371.5411150961852,-263.3219432670362,1405.5768270934732
63077.0804516,-281.6324095207043,-832.6902510596674,-474.32826866644933,998.8379121551009
63077.0969369,-73.24186501467231,-494.38258884903814,-945.1688294750571,1069.1691312225369
63077.1093327,223.2133029018585,-202.28705575480927,-1413.3936093902837,1445.1386530653729
63077.1255948,260.70616237365505,-105.50316269970655,-1522.3844799478318,1548.1450594906375
63077.1419493,176.1292468209977,-185.72044343006195,-1460.4776654711445,1482.736863382588
63077.15331,28.773589827192698,-301.6867297032931,-1385.4919465275514,1418.2491798845908
63077.1699157,-219.72559504401696,-467.35285295076625,-1309.634300619498,1407.7784014672868
63077.1863801,-511.82112813824585,-574.5998695793935,-1143.0962504075644,1377.9676756096987
63077.1969277,-498.74222367134007,-456.01780241278124,-1007.9475709162048,1213.5297060665193
63077.2135599,-184.84851646560156,-367.08125203782197,-951.2723182262798,1036.2608952675912
63077.2292743,292.09553309422887,-380.16015650472775,-855.3603521356374,980.5523326436496
63077.2460848,529.2596674274536,-620.8119986957939,-524.9000326051516,970.0739031223211
63077.2572369,290.3516791653081,-1019.2826214541898,-135.14867949135964,1068.4129939124184
63077.2736618,-29.645516791653083,-1412.5216824258232,211.8782523638735,1428.6317768458364
63077.289661,10.463123573524618,-1639.2226931855234,310.40599934789697,1668.3861661019855
63077.3057226,360.1058363221389,-1751.701271600913,178.74502771437886,1797.24326211399
63077.3215583,648.7136615585263,-1837.1501141180306,-0.8719269644603848,1948.3199728877169
63077.3332069,938.193413759374,-1751.701271600913,-90.68040430388001,1989.1925905438213
63077.349566,907.6759700032605,-1795.297619823932,70.62608412129117,2012.9474046842713
63077.3665007,498.74222367134007,-2089.137006847082,187.46429735898272,2156.010227674005
63077.3787139,-44.46827518747962,-2415.237691555266,154.3310727094881,2420.571960138971
63077.3952098,-428.9880665145093,-2615.7808933811543,68.01030322791001,2651.5968480775728
63077.411654,-218.85366807955657,-2738.7225953700686,-296.4551679165308,2763.4008122251935
63077.4235421,-95.04003912618194,-2713.4367134007175,-384.5197913270297,2742.19380726275
63077.4407192,51.443690903162704,-2893.0536680795567,-167.40997717639388,2898.349889192214
63077.4516713,79.34535376589501,-3045.640886860124,9.591196609064232,3046.689365184897
63077.468243,-20.926247147049235,-2996.8129768503422,193.56778611020542,3003.13076869088
63077.4847359,-261.57808933811543,-2829.4029996739487,167.40997717639388,2846.3960602565344
63077.5015652,-416.7810890120639,-3111.035409194653,-171.7696119986958,3143.525503797799
63077.5142001,424.62843169220736,-2971.527094880991,-773.3992174763613,3099.7465912887615
63077.5307807,1414.265536354744,-2695.99817411151,-864.9515487447017,3164.9161669480636
63077.5416608,2164.122725790675,-2645.426410172807,-914.6513857189436,3538.120294919469
63077.5582385,2452.730551027062,-2736.1068144766873,-1228.5450929246822,3874.4665054064667
63077.574438,2705.5893707205737,-2488.4795565699383,-1398.5708509944573,3933.032515969583
63077.5919632,2695.99817411151,-2185.9208999021844,-1040.208868601239,3623.353533090366
63077.6025912,2384.7202477991523,-1942.6532768177372,-857.1042060645582,3193.0267825759774
63077.6188964,2439.6516465601567,-1633.9911313987611,-742.8817737202478,3028.8117313195994
63077.6348969,2607.0616237365502,-1461.3495924356048,-604.2453863710466,3049.167989505049
63077.6517284,2387.3360286925335,-1595.6263449625042,-448.17045973263777,2906.243883023034
63077.6628836,1926.9585914574502,-1955.732181284643,-299.94287577437234,2761.8876709294077
63077.6788959,1420.3690251059668,-2344.6116074339748,-211.8782523638735,2749.4625203881888
63077.6957332,1083.8052168242582,-2533.8197587218783,-185.72044343006195,2762.1311338914984
63077.7071818,961.7354417998043,-2659.3772416041734,-143.86794913596347,2831.5932546827194
63077.724251,878.9023801760678,-2859.920443430062,-95.04003912618194,2993.4339721573056
63077.7409216,1013.1791327029671,-3078.7741115096187,-22.670101075970003,3241.2799814470477
63077.7518873,1745.5977828496902,-3640.2950766221065,-105.50316269970655,4038.5629599782824
63077.7689388,3496.427127486143,-4627.316400391262,114.2224323443104,5800.871183813824
63077.7855616,4602.902445386371,-4576.7446364525595,1915.6235409194653,6767.78515760998
63077.8018297,686.2065210303228,-1415.1374633192045,5350.143853928921,5576.51617834356
63077.8127371,-523.1561786762309,6135.750048907727,8731.476622106293,10684.559188490042
63077.8295991,2961.935898271927,14418.184284316922,10446.556961199869,18049.588767215413
63077.8464022,4084.105901532442,19005.392044343007,8913.709357678514,21385.487188448013
63077.8568314,3502.5306162373654,19786.638604499512,5353.631561786762,20795.19557210535
63077.873171,4534.020215194001,16279.748353439843,-503.101858493642,16906.822801553666
63077.8900062,4988.294163677861,10251.245321160744,-5960.4927290511905,12864.625251870915
63077.9068168,1436.935637430714,6768.769025105967,-6579.560873818064,9548.38412683685
63077.917731,-2239.1084447342682,2184.177045973264,-5452.159308770786,6285.72009587229
63077.9343215,-3877.459210955331,-1155.3032279100098,-3479.8605151613956,5336.557381498016
63077.9511267,-3078.7741115096187,-1613.9368112161721,-2185.9208999021844,4106.323445727289
63077.961747,-1708.1049233778938,-654.817150309749,-1670.612063906097,2477.368078763463
63077.9795895,-706.2608412129116,20.05432018258885,-926.858363221389,1165.449688773474
63077.9964397,-262.4500163025758,237.16413433322467,-194.4397130746658,403.65039290431577
63078.0068619,199.67127486142812,492.6387349201174,28.773589827192698,532.3433672170859
63078.0236646,700.157352461689,625.1716335180959,-77.60149983697424,941.8502441146331
63078.0404315,1082.0613628953374,700.157352461689,-187.46429735898272,1302.3901005694777
63078.0518764,1182.3329638082816,946.9126834039779,-231.93257254646235,1532.4319187184199
63078.0691166,885.8777958917509,1106.4753179002282,-413.2933811542224,1476.4411662109421
63078.086229,495.25451581349853,1125.6577111183567,-629.5312683403978,1381.554174056215
63078.0972829,182.2327355722204,1116.9384414737528,-715.8520378219758,1339.1058180778045
63078.1141012,-285.12011737854584,728.0590153244212,-806.5324421258559,1123.3245262748512
63078.1309865,-759.4483860449951,475.2001956309097,-650.457515487447,1107.100743585743
63078.1425657,-716.7239647864362,473.45634170198895,-582.447212259537,1037.8337556015053
63078.1593634,-383.6478643625693,548.442060645582,-636.5066840560809,923.6423206865309
63078.1762855,146.48373002934463,519.6684708183893,-748.1133355070101,922.5976184065604
63078.1874956,784.7342680143463,619.9400717313335,-911.1636778611021,1352.9053225512985
63078.2050742,1463.0934463645256,676.6153244212586,-1034.1053798500163,1915.1565645323246
63078.2216238,1507.5617215520053,415.0372350831431,-983.533615911314,1847.251099450719
63078.2323043,870.183110531464,-170.02575806977504,-646.9698076296055,1097.5870517848252
63078.2500701,283.37626344962507,-569.3683077926313,-308.6621454189762,706.933304223221
63078.2670351,84.57691555265733,-718.467818715357,-129.04519074013695,734.8482308797938
63078.2787653,276.400847733942,-737.6502119334855,-235.4202804043039,822.1605513640258
63078.2953664,755.9606781871536,-832.6902510596674,-612.9646560156505,1280.8494332666028
63078.3115952,1169.254059341376,-1106.4753179002282,-1075.9578741441148,1936.266518674901
63078.3225458,1172.7417671992175,-1437.8075643951745,-1375.9007499184872,2309.917037123148
63078.3400806,681.8468862080209,-1804.8888164329965,-1494.4828170850994,2440.495381368113
63078.3565042,-122.06977502445386,-2184.177045973264,-1415.1374633192045,2605.4067702031725
63078.367589,-973.9424193022497,-2562.593348549071,-1306.1465927616564,3036.68691634932
63078.3843312,-1423.8567329638083,-2840.7380502119336,-1277.3730029344636,3424.739764500958
63078.3967343,-1273.0133681121617,-3015.1234431040107,-1438.6794913596348,3575.098752678934
63078.4133863,-824.842908379524,-3195.61232474731,-1693.2821649820671,3709.381140274919
63078.4302234,-236.29220736876428,-3177.301858493642,-1677.5874796217802,3600.7472639764806
63078.4465857,338.3076622106293,-3138.937072057385,-1579.9316596022172,3530.377042988472
63078.4575373,795.1973915878709,-3220.026279752201,-1535.4633844147374,3654.935832372617
63078.4743615,1090.7806325399413,-3176.429931529182,-1307.8904466905772,3604.1763162729976
63078.4910149,1247.7274861428107,-2982.862145418976,-965.2231496576459,3374.306771306483
63078.5021095,1272.1414411477015,-2979.3744375611345,-844.8972285621128,3347.964637255002
63078.5197076,1324.4570590153244,-3007.276100423867,-856.2322791000978,3395.736998227196
63078.5367898,1431.7040756439517,-2838.1222693185523,-749.8571894359309,3266.0374125790636
63078.5474584,1518.8967720899902,-2487.6076296054775,-605.117313335507,2976.811395778234
63078.5645483,1676.71555265732,-2062.10727094881,-567.6244538637105,2717.693684366758
63078.5808975,1989.737332898598,-1700.2575806977502,-640.8663188783828,2694.5575023226584
63078.591926,2253.0592761656344,-1443.0391261819368,-763.808020867297,2782.4522842897336
63078.6081591,2560.84949462015,-1218.9538963156178,-878.0304532116074,2968.9621439496805
63078.6251029,2872.9993478969677,-1058.5193348549071,-895.4689925008151,3190.0553524678066
63078.6415536,3011.635735246169,-941.6811216172156,-847.513009455494,3267.2605402413656
63078.6526937,2886.0782523638736,-901.5724812520378,-599.0138245842843,3082.3851446180047
63078.6704975,2486.7357026410173,-1014.9229866318879,-31.38937072057385,2686.0581557698147
63078.6816345,1680.2032605151614,-1628.7595696119988,748.1133355070101,2456.7487244347694
63078.6983124,446.426605803717,-3090.981089012064,1547.6703619171828,3485.5048925738856
63078.7156131,-199.67127486142812,-5260.335376589501,2075.1861754157158,5658.391516574326
63078.7326503,2244.3400065210303,-6719.069188131725,2346.3554613628953,7462.461843844792
63078.7440855,6270.026801434627,-4619.469057711119,4044.869188131725,8775.74482394266
63078.7602928,3103.1880665145095,-97.6558200195631,7366.038995761331,7993.612657767347
63078.7716879,207.51861754157156,7955.461623736551,7843.854972285621,11174.009774902706
63078.7879113,3800.729638082817,15517.684186501467,6018.9118356700355,17072.532559036685
63078.8051658,5136.521747636127,18190.140332572548,3705.689598956635,19261.287505938868
63078.82178,5313.522921421585,17571.072187805672,69.75415715683079,18357.041409442623
63078.8328467,2850.329246820998,14405.105379850016,-4015.2236713400716,15223.450954062835
63078.8497397,-640.8663188783828,10405.576393870231,-6350.2440821649825,12207.060646626342
63078.867275,-3144.1686338441473,4211.407238343659,-5133.9059667427455,7347.022376485558
63078.8784318,-4437.236322138898,-1621.7841538963157,-1953.1164003912618,5112.133966732018
63078.8953119,-3132.8335833061624,-4615.981349853277,606.8611672644278,5611.613899692115
63078.9115661,-1407.290120639061,-4321.270035865667,2020.2547766547116,4973.456501178525
63078.9230906,-1198.899576133029,-2286.192500815129,1778.731007499185,3134.9514097469446
63078.9391988,-813.507857841539,89.80847733941962,962.6073687642647,1263.5163409197428
63078.9555403,105.50316269970655,1477.9162047603522,-493.51066188457776,1561.7041970317675
63078.9718127,494.38258884903814,1687.1786762308445,-1695.8979458754484,2442.755794693712
63078.9827052,296.4551679165308,1463.965373328986,-1887.721878056733,2407.192175499234
63078.9998662,477.8159765242909,1085.549070753179,-1766.5240299967395,2127.7528148238634
63079.0167217,581.5752852950766,811.7640039126183,-1402.0585588522988,1721.3247261819254
63079.0282036,382.7759373981089,603.3734594065862,-974.8143462667101,1208.652125077628
63079.0444643,137.7644603847408,430.73192044343006,-676.6153244212586,813.8288094407013
63079.0616409,-17.438539289207696,360.97776328659927,-444.6827518747962,573.0198932453209
63079.0732964,80.2172807303554,326.1006847081839,-419.39686990544504,537.2803766948908
63079.0896484,346.1550048907728,88.06462341049885,-602.5015324421258,700.4189902497461
63079.1059643,304.30251059667427,-264.1938702314966,-665.2802738832736,777.8150563222207
63079.1219852,236.29220736876428,-346.1550048907728,-592.0384088686012,725.3735398053881
63079.1338293,190.95200521682426,-147.355656993805,-333.9480273883274,411.9437375916243
63079.1515765,231.06064558200197,51.443690903162704,-188.3362243234431,302.4996010954758
63079.1640158,374.05666775350505,172.6415389631562,-356.61812846429734,544.8852917961734
63079.1804843,735.9063580045647,185.72044343006195,-704.5169872839908,1035.5647909383133
63079.1917451,832.6902510596674,28.773589827192698,-936.4495598304533,1253.4507376789904
63079.2077552,680.9749592435605,-150.84336485164656,-941.6811216172156,1171.854918770576
63079.2255378,457.761656341702,-401.086403651777,-948.6565373328987,1127.1048145738089
63079.2420519,333.9480273883274,-656.5610042386697,-891.1093576785132,1156.1442490561712
63079.2528141,160.4345614607108,-832.6902510596674,-584.1910661884577,1029.7531279560696
63079.2694495,22.670101075970003,-1041.9527225301597,-392.36713400717315,1113.6118611616032
63079.2864582,171.7696119986958,-1266.0379523964787,-360.1058363221389,1327.4159520917767
63079.3026492,479.5598304532116,-1573.8281708509944,-479.5598304532116,1713.735794494826
63079.3135248,624.2997065536355,-1884.2341701988914,-510.0772742093251,2049.4553806835793
63079.3304518,634.7628301271601,-2027.2301923703947,-417.6530159765243,2164.9526888880127
63079.3417872,785.6061949788067,-1975.7865014672318,-449.04238669709815,2173.1425305349458
63079.3585936,1007.0756439517444,-1867.6675578741442,-497.8702967068797,2179.5087271491684
63079.3756,1111.7068796869905,-1878.1306814476688,-460.37743723508316,2230.518869602679
63079.3923483,1198.899576133029,-2015.8951418324095,-285.9920443430062,2362.834074991928
63079.4028113,1384.620019563091,-2220.7979784806,-204.90283664819043,2625.0907474342457
63079.4192666,1343.6394522334529,-2592.238865340724,-176.1292468209977,2925.0796269788807
63079.4356204,1122.1700032605152,-2985.4779263123573,-107.24701662862732,3191.2138579687476
63079.4469321,366.2093250733616,-3709.1773068144767,48.82791000978155,3727.5313181721367
63079.4641454,-87.19269644603848,-4207.047603521357,1.7438539289207695,4207.951419115346
63079.4806584,204.90283664819043,-4144.268862080209,-167.40997717639388,4152.70702965334
63079.4917202,965.2231496576459,-3826.0155200521685,-409.80567329638086,3967.1137087536313
63079.5081479,1755.1889794587546,-3642.038930551027,-759.4483860449951,4113.623436379305
63079.5257052,2143.1964786436256,-3555.7181610694493,-925.1145092924683,4253.499693468072
63079.5369494,2153.65960221715,-3989.0658624062603,-946.9126834039779,4631.14886036159
63079.5538201,2321.9415063580045,-3957.6764916856864,-997.4844473426801,4695.699180577919
63079.5707794,2197.2559504401697,-3853.04525595044,-816.9955656993806,4510.141151950721
63079.5874,1735.1346592761656,-3885.3065536354743,-495.25451581349853,4283.873987056324
63079.5992369,1391.5954352787742,-3821.6558852298663,-138.6363873492012,4069.497709607174
63079.615525,1188.4364525595045,-3758.0052168242582,93.29618519726117,3942.548489191087
63079.6276472,898.0847733941963,-3847.813694163678,72.36993805021193,3951.893709745927
63079.6460517,1183.2048907727421,-3826.0155200521685,6.975415715683078,4004.799274577068
63079.6569015,1463.965373328986,-3934.134463645256,131.6609716335181,4199.755136171525
63079.6730319,1630.5034235409196,-4084.105901532442,439.4511900880339,4419.4546923325925
63079.6891834,2121.398304532116,-4643.883012716009,672.2556895989567,5149.5541471531515
63079.7051866,2487.6076296054775,-5492.267949135963,975.6862732311705,6107.795236232897
63079.7168159,2586.135376589501,-3462.421975872188,2466.6813824584283,4976.040511050669
63079.7332201,1450.01454189762,6083.434431040105,5554.174763612651,8364.183998049688
63079.7504483,1654.9173785458104,17099.359700032604,7516.882360612977,18751.809888760246
63079.7616566,2103.9597652429084,23705.95030974894,6763.537463319204,24741.547360659744
63079.7781196,1136.9927616563418,24549.10368438213,3627.2161721552006,24841.657380419438
63079.7952816,3702.2018910987936,24242.18539289208,492.6387349201174,24528.198963416562
63079.8067765,5434.720769481578,17890.197456798174,-4286.392957287251,19182.505557662273
63079.8233911,4261.979002282361,10198.05777632866,-4940.33818063254,12106.683640214973
63079.8401322,-403.70218454515816,2592.238865340724,-3677.7879360939028,4517.6101969589345
63079.8566255,-4203.559895663515,-2742.21030322791,-1727.2873165960223,5307.838978118444
63079.8680119,-4837.450798826215,-4480.832670361917,-755.9606781871536,6637.037607081361
63079.8843057,-3043.025105966743,-2608.8054776654712,-1322.7132050864036,4220.8338084733
63079.9009735,-1555.5177045973264,-762.0641669383763,-1423.8567329638083,2242.2633921672955
63079.9122506,-1114.3226605803718,121.19784805999348,-1250.3432670361917,1679.2147556760062
63079.9286478,-469.096706879687,987.0213237691555,-1128.273492011738,1570.7526497691304
63079.9455273,-27.029735898271927,1782.2187153570264,-887.6216498206717,1991.2072592329384
63079.9622991,413.2933811542224,2031.5898271926965,-695.7977176393871,2186.847756184897
63079.9736068,1311.3781545484187,1732.5188783827846,-695.7977176393871,2281.549647071424
63079.9899802,1879.0026084121291,1399.4427779589175,-757.7045321160743,2462.358026199723
63080.0070104,1416.8813172481252,1013.1791327029671,-705.3889142484512,1879.2706410882195
63080.0176522,240.65184219106618,585.9349201173785,-289.4797522008477,696.4420770582266
63080.0339503,-696.6696446038475,101.14352787740464,-27.029735898271927,704.4921671435877
63080.0512497,-1297.4273231170525,-281.6324095207043,115.96628627323118,1332.697509720463
63080.0624336,-1334.0482556243887,-463.8651450929247,189.2081512879035,1425.0106475673579
63080.078937,-829.2025432018258,-487.40717313335506,200.5432018258885,982.5274478979217
63080.0954943,-110.73472448646886,-483.04753831105313,32.261297685034236,496.6265143986826
63080.1120119,649.5855885229867,-243.26762308444734,-211.0063253994131,725.0270633683094
63080.1232588,997.4844473426801,-67.13837626344963,-408.0618193674601,1079.8135175498157
63080.1401482,722.8274535376589,-50.57176393870232,-209.26247147049233,754.2067441103579
63080.1566242,108.1189435930877,-422.8845777632866,66.26644929898924,441.4887477347684
63080.1677562,-101.14352787740464,-646.9698076296055,66.26644929898924,658.1726122518861
63080.184557,279.01662862732314,-667.8960547766548,-112.47857841538963,732.5208868278943
63080.2014586,653.9452233452886,-689.6942288881644,-265.065797195957,986.7027725414008
63080.2124842,953.0161721552006,-765.5518747962178,-337.4357352461689,1268.1373635432706
63080.2296229,1157.9190088033909,-885.0058689272905,-326.1006847081839,1493.4367999855642
63080.2465748,1125.6577111183567,-1189.3083795239647,-304.30251059667427,1665.5808963126276
63080.2575964,1164.894424519074,-1484.8916204760353,-185.72044343006195,1896.410880569775
63080.2743209,1029.7457450277143,-1767.3959569612,-64.52259537006847,2046.5160476768237
63080.2918336,810.8920769481579,-2013.2793609390285,47.95598304532116,2170.976628605247
63080.3027297,925.1145092924683,-2122.2702314965763,84.57691555265733,2316.683199197589
63080.3190031,1273.0133681121617,-2205.103293120313,9.591196609064232,2546.200219891341
63080.3354853,1365.4376263449626,-2432.6762308444736,-58.41910661884578,2790.2950287688905
63080.3526338,1185.8206716661232,-2743.0822301923704,-28.773589827192698,2988.5613104668587
63080.3636366,1035.849233778937,-2947.9850668405606,51.443690903162704,3125.0993652633024
63080.3811789,1075.0859471796543,-3090.981089012064,88.06462341049885,3273.7943222428944
63080.3940359,1218.9538963156178,-3251.415650472775,59.29103358330617,3472.904801480412
63080.4113444,1454.3741767199217,-3343.8399087055755,-2.6157808933811544,3646.433383907012
63080.4227859,1674.0997717639386,-3369.9977176393872,-34.87707857841539,3763.0720260612757
63080.4397471,1827.5589175089665,-3378.716987283991,-72.36993805021193,3841.996549329703
63080.4556781,1870.2833387675253,-3483.348223019237,-105.50316269970655,3955.0986748022256
63080.4719033,1890.3376589501142,-3650.758200195631,-50.57176393870232,4111.443712912596
63080.4836433,1929.5743723508315,-3866.124160417346,13.950831431366156,4320.922113148242
63080.5001077,1770.8836648190415,-4040.509553309423,46.21212911640039,4411.788975640733
63080.5125607,1611.321030322791,-4031.790283664819,131.6609716335181,4343.848865426377
63080.5289565,1390.7235083143137,-3932.3906097163353,267.68157808933813,4179.648455457909
63080.5618118,586.8068470818389,-4125.08646886208,508.3334202804043,4197.509203985755
63080.573818,111.60665145092925,-4455.546788392566,553.6736224323444,4491.203369741873
63080.5906071,-289.4797522008477,-5085.949983697425,610.3488751222693,5130.615120331004
63080.607321,-208.39054450603194,-5779.13192044343,592.9103358330616,5813.203509190554
63080.6188428,252.85881969351158,-6559.506553635474,514.436909031627,6584.5052314701325
63080.6358531,655.6890772742094,-7283.205934137593,180.48888164329964,7314.88845311469
63080.646806,1493.6108901206392,-7785.4358656667755,-163.05034235409195,7929.090144754273
63080.6640056,2136.2210629279425,-8339.10948809912,-345.2830779263124,8615.30080079065
63080.680939,3207.8193022497553,-7914.481056406912,348.77078578415393,8546.973506986345
63080.6923513,3121.4985327681775,277.2727746984024,3824.2716661232475,4944.257988614259
63080.7091135,1598.2421258558852,14290.882947505706,6576.073165960222,15812.287993716527
63080.7264185,3346.4556895989567,23855.921747636126,7110.564395174438,25117.004083483163
63080.7371063,4350.04362569286,28355.06488425171,3526.944571242256,28902.80128541472
63080.75446,4101.54444082165,25281.522334528858,-2450.1147701336813,25728.99338758016
63080.7719222,5249.872253015977,16691.297880665144,-5460.87857841539,18329.805739894786
63080.7827128,1904.2884903814804,10007.105771111836,-6188.065666775351,11918.91929938042
63080.7989405,10.463123573524618,5520.1696119986955,-5146.984871209651,7547.4389886006875
63080.8155701,-2182.433192044343,630.4031953048582,-3020.3550048907728,3779.281304951535
63080.8270476,-4005.6324747310077,-2995.941049885882,-810.0201499836975,5067.236617762248
63080.8438909,-2726.515617867623,-3267.9822627975223,-105.50316269970655,4257.314458878381
63080.860851,-1163.1505705901532,-1396.8269970655365,-385.39171829149006,1858.1097077737338
63080.8776785,-814.3797848059994,-252.85881969351158,-575.4717965438539,1028.7467157735537
63080.8892562,-565.0086729703294,432.4757743723508,-593.782262797522,926.7402395297199
63080.9055187,20.926247147049235,1053.2877730681448,-715.8520378219758,1273.6943042851321
63080.9217765,551.9297685034236,1647.9419628301273,-784.7342680143463,1906.868389169181
63080.932391,975.6862732311705,1829.3027714378873,-839.6656667753505,2236.817105917102
63080.9487752,1198.0276491685686,1641.8384740789045,-816.1236387349202,2190.196707339329
63080.9650573,895.4689925008151,1191.0522334528855,-592.9103358330616,1603.749608162448
63080.97735,397.59869579393546,661.792566025432,-391.49520704271276,865.6342301925108
63080.9942329,43.59634822301924,270.2973589827193,-307.7902184545158,411.94189205237956
63081.0101575,-456.01780241278124,160.4345614607108,-95.04003912618194,492.6703701924636
63081.0270638,-890.2374307140528,-6.103488751222693,54.93139876100424,891.9514528207994
63081.0380594,-792.5816106944898,-56.67525268992501,76.72957287251386,798.3013974882775
63081.0544374,-23.542028040430388,-17.438539289207696,2.6157808933811544,29.413807072186845
63081.0707133,537.107010107597,-89.80847733941962,28.773589827192698,545.3232274351524
63081.0824685,549.3139876100424,-255.47460058689273,36.62093250733616,606.9219235015202
63081.098698,469.096706879687,-324.35683077926313,-39.23671340071731,571.6630071615834
63081.115378,548.442060645582,-336.56380828170853,-192.69585914574503,671.7109386203084
63081.127795,487.40717313335506,-337.4357352461689,-190.08007825236388,622.5424194313154
63081.1444253,-183.97658950114118,-379.28822954026737,163.92226931855234,452.302395451103
63081.1612731,-467.35285295076625,-478.6879034887512,353.1304206064558,756.4799350051321
63081.1724529,-298.19902184545157,-520.5403977828497,229.3167916530812,642.2391714054618
63081.1886482,-19.182393218128464,-566.7525268992501,119.45399413107272,579.5219130197981
63081.2056204,156.94685360286925,-642.6101728073036,112.47857841538963,670.992980331106
63081.2218505,263.3219432670362,-713.2362569285947,95.04003912618194,766.2095098865236
63081.232757,271.1692859471797,-824.842908379524,91.5523312683404,873.086727940451
63081.249232,231.06064558200197,-955.6319530485817,161.30648842517118,996.3138234674244
63081.2668884,177.0011737854581,-1154.4313009455493,164.79419628301272,1179.4906405956883
63081.2774912,-33.13322464949462,-1308.7623736550374,318.25334202804044,1347.309151970274
63081.2951833,-149.09951092272578,-1330.5605477665472,531.8754483208347,1440.6642662177399
63081.3122541,54.93139876100424,-1291.3238343658297,356.61812846429734,1340.787527284054
63081.322891,451.6581675904793,-1257.3186827518748,67.13837626344963,1337.6669734711222
63081.3398256,1189.3083795239647,-1333.1763286599282,-240.65184219106618,1802.6998790855448
63081.3565849,1512.7932833387677,-1815.351940006521,-455.14587544832085,2406.492042816254
63081.3677541,1403.8024127812193,-2482.3760678187155,-374.92859471796544,2876.3559597773483
63081.3841511,1470.0688620802086,-2879.1028366481905,-29.645516791653083,3232.8338126045546
63081.4009707,1770.8836648190415,-3036.92161721552,129.04519074013695,3517.893478303032
63081.4118766,1735.1346592761656,-3362.1503749592434,143.86794913596347,3786.2178247492025
63081.4295478,1463.0934463645256,-3758.8771437887185,204.03090968373004,4038.7409457649583
63081.4467549,1234.6485816759048,-3970.7553961525923,266.80965112487775,4166.826481417558
63081.4574925,1142.2243234431041,-4114.623345288555,234.5483534398435,4276.659281350337
63081.4743488,1100.3718291490056,-4428.517052494294,129.04519074013695,4565.000997576084
63081.4909399,819.6113465927617,-4808.677208999022,90.68040430388001,4878.868946337352
63081.5018205,794.3254646234105,-4898.485686338441,-59.29103358330617,4962.824839713282
63081.5195877,1168.3821323769155,-4777.287838278448,-337.4357352461689,4929.650978765325
63081.5366879,1746.4697098141507,-4647.370720573851,-581.5752852950766,4998.643903521383
63081.5476451,2195.5120965112487,-4609.877861102054,-697.5415715683079,5153.427161052347
63081.5654705,2289.6802086729704,-4592.439321812846,-712.3643299641343,5180.791186790564
63081.5777777,2253.0592761656344,-4485.19230518422,-568.4963808281709,5051.377460793687
63081.5942589,1813.6080860776003,-4454.674861428106,-337.4357352461689,4821.531425423534
63081.6108339,1351.4867949135964,-4427.645125529833,-206.6466905771112,4633.924985277642
63081.6218838,1193.6680143462668,-4300.343788718617,29.645516791653083,4463.034717130262
63081.637651,1208.4907727420932,-4253.259732637757,388.8794261493316,4438.681731005595
63081.6547132,1226.8012389957614,-4299.4718617541575,723.6993805021193,4529.2648811210465
63081.6715012,1660.1489403325725,-4195.712552983371,1136.9927616563418,4653.262390131091
63081.6823613,2331.532702967069,-3897.51353113792,1598.2421258558852,4814.668665990262
63081.6993447,2410.0061297685033,-3790.2665145092924,2047.2845125529834,4936.154745535384
63081.7165196,2479.760286925334,-3276.701532442126,2267.0101075970006,4693.113981278055
63081.7275615,2403.902641017281,-22.670101075970003,2712.564786436257,3624.537151359692
63081.7449349,2025.486338441474,6141.85353765895,3194.74039778285,7213.274290812219
63081.761218,2046.412585588523,13042.283534398435,3715.2807955656995,13714.673734799342
63081.7717641,1198.899576133029,17914.611411803064,3137.193218128464,18226.701388825895
63081.7881939,2614.0370394522333,19311.438408868602,181.36080860776002,19488.400006312797
63081.804484,4330.861232474731,19573.88842517118,-3887.0504075643953,20420.642202608353
63081.8207694,6052.916987283991,19220.758004564723,-7714.809781545484,21577.61878174744
63081.8374151,2720.4121291164006,13847.072122595371,-8008.649168568634,16225.920929975486
63081.8491692,-5.231561786762309,6633.620345614607,-7308.491816106945,9870.106325926432
63081.8655487,522.2842517117705,1688.0506031953048,-5705.8900554287575,5973.230030994533
63081.8767224,-483.9194652755135,-1785.706423214868,-3458.062341049886,3921.8771823414863
63081.8929607,-1787.4502771437888,-3127.6020215194003,-2209.462927942615,4225.943602111414
63081.9098635,-1534.5914574502772,-1871.1552657319858,-1493.6108901206392,2843.776795186794
63081.9263654,-1017.538767525269,-630.4031953048582,-904.188262145419,1500.116577292902
63081.9381484,-1096.0121943267036,-659.1767851320509,48.82791000978155,1279.8987963764107
63081.9544613,-897.2128464297359,-266.80965112487775,665.2802738832736,1148.3797823673715
63081.9709041,82.83306162373655,258.0903814802739,608.6050211933485,666.2372197140829
63081.9827561,823.0990544506033,91.5523312683404,294.71131398761,879.049851481956
63082.0001434,575.4717965438539,-450.7862406260189,152.58721878056733,746.7656142929577
63082.0166104,400.2144766873166,-723.6993805021193,-113.35050537985002,834.7219643444884
63082.0274827,375.8005216824258,-605.9892402999674,-591.1664819041408,926.243380965842
63082.0438947,41.85249429409847,-302.5586566677535,-916.3952396478644,965.9573527089589
63082.0612906,-508.3334202804043,21.79817411150962,-1015.7949135963482,1136.0974135419824
63082.072721,-895.4689925008151,250.24303880013042,-920.7548744701663,1308.5395805473063
63082.0897114,-693.1819367460059,280.7604825562439,-794.3254646234105,1090.9998119822733
63082.1064389,-37.49285947179654,131.6609716335181,-720.2116726442778,733.1065266221017
63082.1171762,394.1109879360939,-164.79419628301272,-555.4174763612651,700.6919230218404
63082.1336505,686.2065210303228,-407.1898924029997,-353.1304206064558,872.5732587796842
63082.1506129,700.157352461689,-537.107010107597,-265.065797195957,921.3924979920405
63082.1616516,613.8365829801108,-557.1613302901859,-220.59752200847734,857.8387758149597
63082.1785183,505.71763938702315,-626.9154874470166,-181.36080860776002,825.6301242608424
63082.1954924,126.42940984675579,-881.518161069449,-111.60665145092925,897.5047123093846
63082.2115749,-168.28190414085427,-1108.219171829149,-58.41910661884578,1122.4443523351617
63082.2228151,4.359634822301924,-1210.234626671014,-152.58721878056733,1219.8236419025914
63082.2392798,432.4757743723508,-1289.579980436909,-268.5535050537985,1386.4244683499003
63082.2566016,578.087577437235,-1538.951092272579,-317.38141506358005,1674.3018468071925
63082.2676086,298.19902184545157,-1872.8991196609065,-204.03090968373004,1907.4334539276995
63082.2842361,-22.670101075970003,-2161.506944897294,-34.00515161395501,2161.893280589566
63082.300981,-147.355656993805,-2328.9169220736876,148.2275839582654,2338.276958834295
63082.3118947,-100.27160091294425,-2448.3709162047603,234.5483534398435,2461.622933629016
63082.3287047,127.30133681121617,-2582.6476687316595,114.2224323443104,2588.3047299747473
63082.3455567,214.49403325725464,-2833.7626344962505,106.37508966416694,2843.8590011938277
63082.3620033,263.3219432670362,-3184.2772742093252,78.47342680143463,3196.10986725517
63082.3734652,388.0074991848712,-3465.9096837300294,29.645516791653083,3487.6867135485572
63082.3900818,544.0824258232801,-3649.8862732311704,53.18754483208347,3690.599464658327
63082.4067558,678.3591783501794,-3818.1681773720247,54.93139876100424,3878.3497604159143
63082.4182123,881.518161069449,-4023.9429409846757,34.87707857841539,4119.515441311736
63082.4344306,1160.5347896967721,-4193.968699054451,-15.694685360286925,4351.604390324742
63082.4510363,1537.2072383436582,-4341.324356048256,-179.61695467883925,4608.9440773828055
63082.4617621,1836.2781871535703,-4492.167720899903,-387.13557222041084,4868.404498867103
63082.4784352,1792.681838930551,-4663.9373328985985,-540.5947179654386,5025.759869903142
63082.4951171,1706.361069448973,-4624.70061949788,-633.8909031626997,4970.044426001396
63082.5114788,1484.0196935115748,-4432.876687316596,-656.5610042386697,4720.570148612564
63082.5228638,820.4832735572221,-4369.226018910988,-496.9983697424193,4473.291426460226
63082.5397113,213.62210629279426,-4131.189957613303,-248.49918487120965,4144.166588720056
63082.5567497,-7.847342680143463,-3785.0349527225303,-96.78389305510271,3786.280271727555
63082.5679127,-55.803325725464624,-3469.397391587871,-68.8822301923704,3470.5297914806924
63082.5851204,81.96113465927617,-3139.8089990218455,-192.69585914574503,3146.784052340598
63082.6017033,323.48490381480275,-2833.7626344962505,-303.4305836322139,2868.2613672304324
63082.6125275,539.7227910009782,-2644.554483208347,-247.62725790674926,2710.4037272409564
63082.6291628,728.0590153244212,-2565.2091294424517,-32.261297685034236,2666.722445043426
63082.6458371,952.1442451907402,-2580.0318878382786,415.9091620476035,2781.388796444563
63082.6570192,1243.3678513205086,-2686.4069775024454,1031.489598956635,3134.7594573151737
63082.6738894,1391.5954352787742,-2811.964460384741,1940.037495924356,3688.8246729206326
63082.6906331,2001.072383436583,-2905.260645582002,3161.607173133355,4737.149989152592
63082.7017017,2116.166742745354,-1130.0173459406587,4656.089990218455,5237.773847947307
63082.7177957,1716.8241930224976,3684.763351809586,5911.664819041409,7174.451003476032
63082.7345051,2412.6219106618846,10582.57756765569,6205.504206064558,12502.798683124516
63082.7518883,2908.7483534398434,16358.221780241278,4734.563417019889,17276.235919464118
63082.7628542,2866.895859145745,19524.188588196936,1923.4708835996087,19827.07169843096
63082.7795272,3550.4865992826867,20550.446625366807,-497.8702967068797,20860.840980796507
63082.7962967,4101.54444082165,19104.79171829149,-2224.2856863384413,19666.29553865659
63082.8076197,1356.7183567003588,11825.073492011737,-3871.355722204108,12516.406949229835
63082.8244586,626.0435604825562,4930.746984023476,-3622.856537332899,6150.551670392991
63082.8409962,-1288.7080534724487,394.9829149005543,-2025.486338441474,2432.976542706718
63082.8521459,-3951.5730029344636,-2389.951809585915,-921.6268014346267,4709.160733165317
63082.8687982,-3799.8577111183567,-2534.6916856863386,-795.1973915878709,4636.369210688602
63082.8857667,-2001.9443104010434,-1492.7389631561787,-1201.5153570264101,2771.225322351467
63082.8967703,-1237.264362569286,-1021.8984023475709,-1242.4959243560484,2029.5062378928258
63082.9136003,-946.9126834039779,-496.1264427779589,-1007.9475709162048,1469.2662736654343
63082.930039,-447.2985327681774,469.096706879687,-807.4043690903163,1035.3885807019813
63082.9466824,61.03488751222693,1707.2329964134333,-574.5998695793935,1802.3692106938233
63082.9575701,728.0590153244212,2693.3823932181285,-298.19902184545157,2805.9403597585897
63082.9736973,1446.5268340397784,2709.949005542876,-469.096706879687,3107.46121691733
63082.9905025,1782.2187153570264,1970.5549396804695,-708.8766221062928,2749.8902496348423
63083.0073306,1592.1386371046626,1098.6279752200849,-678.3591783501794,2049.892690496165
63083.0186072,1049.8000652103033,353.1304206064558,-525.771959569612,1226.0576757815757
63083.0354296,134.27675252689926,-236.29220736876428,-318.25334202804044,418.5085939910794
63083.0519845,-998.3563743071405,-416.7810890120639,162.17841538963157,1093.9487029546099
63083.0626871,-1641.8384740789045,-432.4757743723508,384.5197913270297,1740.8401248554942
63083.079407,-1695.026018910988,-358.3619823932181,359.2339093576785,1769.3460704007089
63083.0960954,-1075.0859471796543,0.0,296.4551679165308,1115.2109488377491
63083.1068665,-461.24936419954355,167.40997717639388,102.88738180632541,501.36103734499
63083.123266,-189.2081512879035,22.670101075970003,-136.02060645582003,234.12659690259443
63083.1397036,331.3322464949462,-69.75415715683079,-374.05666775350505,504.5444387751229
63083.1562641,1409.9059015324422,124.68555591783502,-756.832605151614,1605.047267606511
63083.1671049,2038.5652429083796,29.645516791653083,-1028.873818063254,2283.6830865415636
63083.1836621,1844.1255298337137,-558.0332572546463,-891.1093576785132,2122.7990892519524
63083.2004105,1473.5565699380502,-1030.6176719921748,-449.04238669709815,1853.4240787474375
63083.2117496,1102.9876100423867,-1401.1866318878383,-62.7787414411477,1784.3337175722302
63083.2288912,859.7199869579393,-1782.2187153570264,81.96113465927617,1980.4392525241578
63083.246282,710.6204760352135,-1949.6286925334202,145.61180306488424,2080.201023195089
63083.2570427,531.0035213563743,-2260.0346918813175,92.42425823280078,2323.4164051477806
63083.2736815,119.45399413107272,-2693.3823932181285,38.36478643625693,2696.3029929237514
63083.2902074,-47.95598304532116,-3110.1634822301926,34.87707857841539,3110.728704518966
63083.3066613,-237.16413433322467,-3479.8605151613956,185.72044343006195,3492.8739047811646
63083.3176091,-296.4551679165308,-3771.9560482556244,347.02693185523316,3799.4691455503967
63083.3346006,-35.74900554287578,-3860.0206716661232,422.8845777632866,3883.2806933309785
63083.3516759,84.57691555265733,-3914.0801434626674,389.751353113792,3934.3465456600497
63083.3626668,224.95715683077927,-3877.459210955331,307.7902184545158,3896.1558584851305
63083.3790506,559.7771111835671,-3815.552396478644,126.42940984675579,3858.4679472755947
63083.3955353,839.6656667753505,-3913.2082164982066,-145.61180306488424,4004.926937513614
63083.4121776,918.1390935767852,-4042.2534072383437,-322.61297685034236,4157.748325273698
63083.4235109,902.4444082164982,-4130.318030648843,-388.8794261493316,4245.604804065775
63083.4400745,890.2374307140528,-4125.95839582654,-506.58956635148354,4251.198461125057
63083.4568037,953.0161721552006,-4103.2882947505705,-588.5507010107597,4253.4229253492595
63083.46743,868.4392566025432,-4082.362047603521,-630.4031953048582,4221.05138783841
63083.4850213,757.7045321160743,-4026.558721878057,-619.0681447668732,4143.73462791557
63083.5016427,654.817150309749,-3961.164199543528,-706.2608412129116,4076.5686173442327
63083.5127872,579.8314313661558,-3909.720508640365,-733.2905771111836,4019.9296032347697
63083.5291366,498.74222367134007,-3792.0103684382134,-745.497554613629,3896.646384257936
63083.5463901,540.5947179654386,-3556.5900880339095,-776.8869253342028,3680.370769113951
63083.5568852,646.9698076296055,-3356.046886208021,-748.1133355070101,3498.7560928384632
63083.5734463,539.7227910009782,-3302.8593413759377,-637.3786110205413,3406.8213944711943
63083.5895722,320.8691229214216,-3270.598043690903,-519.6684708183893,3327.1344843576503
63083.606545,295.5832409520704,-3138.065145092925,-415.0372350831431,3179.1631310274515
63083.6175517,338.3076622106293,-2965.4236061297684,-200.5432018258885,2991.388776789249
63083.6341996,230.18871861754158,-2712.564786436257,27.029735898271927,2722.448378466613
63083.6511646,825.7148353439844,-2214.6944897293774,366.2093250733616,2391.8164523883306
63083.6621956,2273.113596348223,-1146.583958265406,847.513009455494,2683.277566046984
63083.6786211,2884.3343984349526,1497.0985979784807,1814.4800130420606,3721.9654554809304
63083.695712,2036.8213889794588,5955.261167264428,3315.066318878383,7113.609606907998
63083.7114574,299.07094880991195,11235.650864036517,4683.119726116726,12176.243433017024
63083.7226609,11.335050537985001,15995.500163025758,4753.745810238018,16686.948587955896
63083.7397253,769.9115096185197,19503.262341049885,2465.809455493968,19673.591994022372
63083.7565534,2159.763090968373,21146.84466905771,-632.147049233779,21266.246165184366
63083.7671973,6696.3990870557545,16396.586566677535,-3921.0555591783504,18140.134742328537
63083.7849019,4930.746984023476,8830.876296054777,-5835.807173133355,11677.04103523977
63083.8016377,2075.1861754157158,7000.701597652429,-6102.616824258233,9516.204738535705
63083.8127678,-1845.8693837626345,3562.6935767851323,-5044.969416367786,6446.0635829989
63083.828894,-4903.717248125204,-432.4757743723508,-2430.9323769155526,5490.255947231958
63083.8455533,-5135.649820671666,-1913.0077600260843,-908.5478969677209,5555.17389930949
63083.8616943,-2964.551679165308,-2226.0295402673623,-609.4769481578089,3757.0249297709656
63083.8725864,-619.9400717313335,-2144.0684056080863,-415.9091620476035,2270.3161567368084
63083.8887931,313.8937072057385,-1848.4851646560157,-230.18871861754158,1889.0244862244442
63083.905208,-72.36993805021193,-935.5776328659929,41.85249429409847,939.3053530834175
63083.921665,-335.69188131724815,220.59752200847734,118.58206716661233,418.8245605884414
63083.9328328,309.5340723834366,831.818324095207,-278.14470166286276,930.1061989525477
63083.9493035,1232.904727746984,974.8143462667101,-680.1030322791001,1712.5586740031667
63083.9659173,1885.106097163352,889.3655037495924,-843.153374633192,2248.444709121741
63083.9771959,1731.646951418324,568.4963808281709,-855.3603521356374,2013.313346545119
63083.9953432,823.9709814150636,197.05549396804696,-714.1081838930551,1108.0205522552963
63084.0123602,-284.24819041408546,-68.8822301923704,-565.8805999347898,636.9950147155898
63084.0237747,-872.7988914248451,-34.87707857841539,-438.5792631235735,977.4180710037135
63084.0405377,-605.117313335507,183.1046625366808,-502.2299315291816,807.4213178167024
63084.0519679,-292.09553309422887,93.29618519726117,-761.1922399739159,820.6324419753773
63084.0680637,-186.59237039452233,-84.57691555265733,-832.6902510596674,857.5214408652764
63084.0844608,-90.68040430388001,-54.93139876100424,-680.9749592435605,689.1787064407348
63084.1010082,91.5523312683404,-1.7438539289207695,-671.3837626344963,677.5994592061353
63084.1121862,337.4357352461689,-96.78389305510271,-808.2762960547767,881.2153925914215
63084.1295293,259.83423540919466,14.822758395826542,-763.808020867297,806.9301312990854
63084.1459792,-344.411150961852,-65.39452233452886,-751.6010433648516,829.3368512524705
63084.1568865,-995.7405934137594,-293.83938702314964,-940.8091946527552,1401.057763078058
63084.1728153,-1132.6331268340398,-439.4511900880339,-1235.5205086403653,1732.7683271985873
63084.1895484,-834.4341049885882,-460.37743723508316,-1547.6703619171828,1817.5563841158032
63084.20561,-453.4020215194001,-542.3385718943593,-1763.9082491033585,1900.2833554333859
63084.2168896,-290.3516791653081,-646.9698076296055,-1783.9625692859472,1919.73864840809
63084.2331031,-556.2894033257255,-826.5867623084448,-1650.5577437235083,1927.9638070362441
63084.2505166,-989.6371046625367,-1112.578806651451,-1514.5371372676884,2123.9199467253516
63084.2618578,-1211.9784805999348,-1436.0637104662537,-1460.4776654711445,2379.9508039653833
63084.2779292,-979.173981089012,-1661.020867297033,-1488.3793283338769,2435.7842744893264
63084.2939404,-514.436909031627,-1812.7361591131398,-1489.2512552983371,2401.77580496972
63084.3105376,-147.355656993805,-2062.10727094881,-1442.1671992174763,2520.683700317595
63084.3220734,-81.08920769481578,-2289.6802086729704,-1327.0728399087056,2647.7033897354568
63084.3385549,-269.4254320182589,-2379.48868601239,-1184.948744701663,2671.827089811248
63084.3546823,-568.4963808281709,-2342.8677535050538,-1009.6914248451255,2613.750986386103
63084.3706405,-456.01780241278124,-2234.748809911966,-1071.5982393218128,2519.995489289205
63084.3818178,-2.6157808933811544,-2273.113596348223,-1291.3238343658297,2614.300959991811
63084.397913,510.0772742093251,-2277.473231170525,-1355.8464297358983,2699.1448063026755
63084.4150141,989.6371046625367,-2369.0255624388656,-1430.8321486794914,2939.2081165015184
63084.4272203,1275.6291490055428,-2573.928399087056,-1356.7183567003588,3176.9516566714046
63084.4441276,1098.6279752200849,-2619.268601238996,-1102.1156830779264,3046.672022430211
63084.4610433,599.0138245842843,-2543.410955330942,-805.6605151613956,2734.3821450979876
63084.4725083,266.80965112487775,-2451.858624062602,-690.5661558526248,2561.187169640791
63084.4896364,399.34254972285623,-2377.744832083469,-804.7885881969352,2541.816207008448
63084.5060044,689.6942288881644,-2339.3800456472122,-944.2969025105967,2615.3534689263515
63084.5168644,721.0835996087382,-2314.9660906423214,-969.5827844799478,2611.344545326866
63084.5337656,527.5158134985328,-2299.2714052820347,-918.1390935767852,2531.383282672271
63084.5506558,193.56778611020542,-2273.9855233126837,-878.9023801760678,2445.597686033912
63084.5618934,-183.1046625366808,-2110.063253994131,-840.5375937398109,2278.6833259118926
63084.5783098,-732.4186501467232,-1877.2587544832083,-826.5867623084448,2178.0227698511676
63084.5949872,-1366.3095533094229,-1740.366221062928,-687.9503749592436,2317.0999325208254
63084.6112116,-2335.0204108249104,-1675.8436256928594,-337.4357352461689,2893.8961716283884
63084.6224985,-3004.660319530486,-1852.8447994783176,-45.340202151940005,3530.3078082011584
63084.6551516,-1192.7960873818063,-1890.3376589501142,-20.926247147049235,2235.3024132626897
63084.671928,98.52774698402348,-1455.2461036843822,648.7136615585263,1596.3327829456468
63084.6826158,485.6633192044343,-1320.0974241930226,1507.5617215520053,2061.8604252641753
63084.6983375,264.1938702314966,-1788.322204108249,2498.070753179002,3083.545393643945
63084.7158307,-114.2224323443104,-2650.6579719595697,3710.9211607433976,4561.794636940224
63084.7271408,541.466644929899,-3862.6364525595045,4544.483338767525,5988.779116693881
63084.7436646,3259.262993152918,-5230.689859797848,4978.702967068797,7922.7769691079775
