timestamp,gx,gy,gz,magnitude
9.2262729999999991,11.335050582885742,-10.463123321533203,2.6157808303833008,15.64616984155519
9.2597256,23.542028427124023,7.8473424911499023,-10.463123321533203,26.931112793171664
9.3044041,-504.845703125,-16.566612243652344,-42.724422454833984,506.92111110024433
9.3221276,-570.240234375,-27.901662826538086,-46.212127685546875,572.78965461482107
9.3332752,48.827911376953125,-6.9754157066345215,5.2315616607666016,49.600308377331231
9.3500791,529.2596435546875,5.2315616607666016,45.340202331542969,531.22393910714391
9.3674492,428.98806762695313,-5.2315616607666016,37.49285888671875,430.65513566102646
9.3792429999999989,-149.09951782226563,-11.335050582885742,-12.206977844238281,150.02719718317212
9.3958066,-490.02294921875,-19.182394027709961,-40.108638763427734,492.03572828111896
9.4125371,-341.79537963867188,-23.542028427124023,-28.773590087890625,343.81132635699089
9.4236264,104.63123321533203,-6.1034889221191406,11.335050582885742,105.4202585507179
9.4402265,450.7862548828125,2.6157808303833008,39.236713409423828,452.4981873773616
9.4572130999999988,351.38656616210938,-6.1034889221191406,31.389369964599609,352.83858066117915
9.4714055,-66.266448974609375,-10.463123321533203,-4.3596348762512207,67.228904688387914
9.4833033999999987,-390.623291015625,-16.566612243652344,-33.133224487304688,392.37586405133959
9.5003795,-354.00234985351563,-20.926246643066406,-28.773590087890625,355.78573746979134
9.5168362,52.315616607666016,-6.9754157066345215,6.1034889221191406,53.130337306882353
9.5282652,370.5689697265625,-0.87192696332931519,32.261299133300781,371.97165618176297
9.5449334999999991,299.94287109375,-3.4877078533172607,26.157808303833008,301.10151271837225
9.5621958,-40.108638763427734,-9.59119701385498,-2.6157808303833008,41.322345927673553
9.573398,-316.50949096679688,-16.566612243652344,-25.285881042480469,317.94981725641372
9.5897206,-310.406005859375,-19.182394027709961,-24.413955688476563,311.95495499601151
9.6061503999999989,67.138374328613281,-6.9754157066345215,6.9754157066345215,67.859223072841957
9.6235707,301.68673706054688,-3.4877078533172607,26.157808303833008,302.83870683842531
9.6356817,226.70100402832031,-6.1034889221191406,20.926246643066406,227.74658197882439
9.6527387,-72.369941711425781,-11.335050582885742,-5.2315616607666016,73.4388253748802
9.6640854,-252.85882568359375,-14.822758674621582,-20.926246643066406,254.15587284062229
9.6814649,-240.65184020996094,-15.694684982299805,-19.182394027709961,241.92477255082522
9.6982255999999989,96.783889770507813,-6.9754157066345215,9.59119701385498,97.507788425072746
9.7097613,228.44486999511719,-5.2315616607666016,20.054319381713867,229.38309351467072
9.7262577,156.94685363769531,-7.8473424911499023,13.950831413269043,157.7609626874374
9.7432058,-38.364788055419922,-10.463123321533203,-2.6157808303833008,39.851928705289836
9.7542177,-176.12924194335938,-13.950831413269043,-13.078904151916504,177.16431158243722
9.7710274,-200.54319763183594,-14.822758674621582,-16.566612243652344,201.77150674056833
9.7882187,-6.9754157066345215,-11.335050582885742,0,13.309387513967049
9.7992977,165.66612243652344,-6.9754157066345215,14.822758674621582,166.47412628441577
9.8162086,133.40483093261719,-7.8473424911499023,13.078904151916504,134.27392685904661
9.833177,42.724422454833984,-8.7192697525024414,4.3596348762512207,43.822464049506074
9.8447148,-69.754158020019531,-12.206977844238281,-5.2315616607666016,71.007197568852
9.861832999999999,-136.89253234863281,-13.078904151916504,-9.59119701385498,137.84996991945656
9.8731144,-133.40483093261719,-13.950831413269043,-10.463123321533203,134.53977688001137
9.8891297,20.054319381713867,-8.7192697525024414,3.4877078533172607,22.144197816827308
9.9059862,111.60665130615234,-6.9754157066345215,10.463123321533203,112.31285763302014
9.9225842999999987,85.448844909667969,-8.7192697525024414,7.8473424911499023,86.250284321773691
9.9343103,20.054319381713867,-11.335050582885742,3.4877078533172607,23.298566557847582
9.9511863,-52.315616607666016,-11.335050582885742,-3.4877078533172607,53.642997854584614
9.967695299999999,-94.1681137084961,-12.206977844238281,-6.9754157066345215,95.211870960434013
9.9788899,-83.704986572265625,-12.206977844238281,-5.2315616607666016,84.752016628297966
9.9963293,2.6157808303833008,-10.463123321533203,1.7438539266586304,10.925213293649488
10.0133607,68.010299682617188,-8.7192697525024414,6.9754157066345215,68.9208455564546
10.025116299999999,57.54718017578125,-9.59119701385498,6.1034889221191406,58.659369101319548
10.042279599999999,15.694684982299805,-9.59119701385498,2.6157808303833008,18.578388148728308
10.0535743,-29.645517349243164,-10.463123321533203,-1.7438539266586304,31.486102887836282
10.070448599999999,-58.419105529785156,-12.206977844238281,-4.3596348762512207,59.8398580817512
10.087944799999999,-49.699836730957031,-12.206977844238281,-3.4877078533172607,51.295693632541912
10.0993535,0,-9.59119701385498,0,9.59119701385498
10.116687899999999,40.108638763427734,-8.7192697525024414,5.2315616607666016,41.377503620716958
10.1280775,33.133224487304688,-10.463123321533203,4.3596348762512207,35.018479847388647
10.144885799999999,3.4877078533172607,-10.463123321533203,1.7438539266586304,11.166113120921963
10.162386999999999,-21.798173904418945,-11.335050582885742,-0.87192696332931519,24.58462962733525
10.1732037,856.2322998046875,0.87192696332931519,157.81878662109375,870.6556614965574
10.1900522,198.79934692382813,13.078904151916504,1229.4169921875,1245.4550890138571
10.2070957,1410.77783203125,6.9754157066345215,1337.5360107421875,1944.0538387110578
10.218655199999999,-1218.953857421875,51.443691253662109,508.33343505859375,1321.7026296001459
10.2366253,-1350.6148681640625,-15.694684982299805,-229.31678771972656,1370.0339537298394
10.2535318,-498.74221801757813,-3.4877078533172607,-405.446044921875,642.761588368467
10.265404199999999,-149.09951782226563,227.57293701171875,-412.42144775390625,494.07647023755322
10.281896099999999,-694.92578125,229.31678771972656,-280.76046752929688,783.79491622699766
10.2935424,-1005.331787109375,777.75885009765625,-2.6157808303833008,1271.0655661243879
10.3103468,-441.19503784179688,1445.6549072265625,253.73074340820313,1532.628612011059
10.3272806,-202.28704833984375,1448.2706298828125,494.38259887695313,1543.639213475589
10.338099999999999,-315.6375732421875,1299.171142578125,832.69024658203125,1575.0700879969793
10.3552308,-849.2568359375,1168.382080078125,1051.5439453125,1786.6444882397948
10.373052399999999,-1266.909912109375,1173.6136474609375,1021.8983764648438,2006.6653958069426
10.3839068,-1294.8115234375,1530.2318115234375,816.99554443359375,2164.6311459112808
10.4007801,-1553.7738037109375,2011.5355224609375,696.66961669921875,2635.4955408902492
10.4175832,-1724.6715087890625,2413.493896484375,967.83892822265625,3120.2815245710203
10.4447417,-1786.578369140625,2446.626953125,1892.9534912109375,3572.2707955482006
10.461405599999999,-2369.025634765625,2396.055419921875,1751.7012939453125,3797.6073331406114
10.472949,-2856.4326171875,2603.573974609375,1364.565673828125,4098.7613026359431
10.489412,-3140.680908203125,3020.35498046875,1101.2437744140625,4494.34740823178
10.5064979,-3770.212158203125,3217.410400390625,1215.4661865234375,5103.2918251836481
10.5234088,-4041.381591796875,3106.67578125,1416.88134765625,5290.7232335150675
10.5346709,-4540.99560546875,2756.1611328125,1491.8670654296875,5517.4933275742678
10.551815399999999,-6576.0732421875,391.49520874023438,2590.4951171875,7078.7479639589692
10.563445699999999,-8230.1181640625,-2135.34912109375,2812.83642578125,8955.8142913745814
10.579969499999999,-8708.806640625,-2677.687744140625,1419.4970703125,9221.07893315857
10.5976673,-6672.85693359375,-1716.82421875,211.87825012207031,6893.431471130436
10.609242199999999,-3238.336669921875,-62.778739929199219,1091.652587890625,3417.9629796994723
10.6257398,-1645.326171875,-44.468276977539063,1530.2318115234375,2247.3729188793955
10.643181199999999,-1029.7457275390625,-362.72161865234375,1375.02880859375,1755.7469807707137
10.6546218,-143.86795043945313,-360.97775268554688,1598.2420654296875,1644.8041296174174
10.6719932,251.11495971679688,-312.14984130859375,1816.223876953125,1859.8831731152334
10.6833704,-82.833061218261719,-253.73074340820313,1783.0906982421875,1802.9567505459136
10.7003968,-377.54437255859375,-198.79934692382813,1567.7247314453125,1624.7528326404849
10.7179573,-423.75650024414063,-335.69189453125,1351.48681640625,1455.6013308846084
10.729882199999999,-692.30999755859375,-609.4769287109375,1714.2083740234375,1946.6036085763774
10.7470625,-1075.0859375,-354.00234985351563,1885.1060791015625,2198.8070325014269
10.758823,-1020.154541015625,235.42027282714844,1286.09228515625,1658.3640608597482
10.775694699999999,-857.10418701171875,620.81201171875,690.566162109375,1263.691720926339
10.792472499999999,-1070.726318359375,580.703369140625,637.37860107421875,1374.7446064145961
10.8032462,-1164.0224609375,578.08758544921875,724.5712890625,1487.9976810973849
10.8210175,-1035.8492431640625,580.703369140625,844.02532958984375,1456.9072772431603
10.8380403,-1056.7755126953125,442.06698608398438,823.09906005859375,1410.5636345401645
10.849725399999999,-891.109375,344.41116333007813,597.26995849609375,1126.6882314825134
10.867117,-839.6656494140625,407.18988037109375,492.63873291015625,1055.2416418270695
10.8784925,-735.034423828125,299.07095336914063,612.96466064453125,1002.7186617194953
10.8946344,-432.47576904296875,99.399673461914063,816.99554443359375,929.72969486726981
10.911918,-391.49520874023438,174.38539123535156,1020.154541015625,1106.5234072073065
10.923464899999999,-691.4381103515625,408.93374633789063,923.37066650390625,1223.8982217081409
10.940537299999999,-1157.9190673828125,569.3682861328125,755.0887451171875,1495.0303759004858
10.9584536,-1316.6097412109375,623.42779541015625,626.91546630859375,1585.9213185522228
10.9703035,-1410.77783203125,808.27630615234375,603.37347412109375,1734.2618682629879
10.9872038,-1429.960205078125,972.19854736328125,653.94525146484375,1848.675362392155
10.9988882,-1302.658935546875,1114.3226318359375,857.10418701171875,1916.5758053296267
11.0154217,-1296.555419921875,1249.4713134765625,1112.578857421875,2116.6166951320688
11.0330295,-1706.361083984375,1350.6148681640625,1334.0482177734375,2552.5503557004795
11.0447016,-1988.8653564453125,1467.453125,1416.0093994140625,2848.5235999320034
11.061718899999999,-1841.509765625,1464.8372802734375,1288.7080078125,2682.84826331479
11.073283,-1730.7750244140625,1473.5565185546875,1030.61767578125,2495.8212660651916
11.0898928,-1589.5228271484375,1493.61083984375,862.33575439453125,2345.437936128752
11.1068888,-1264.2940673828125,1362.8218994140625,762.06414794921875,2009.0955138896452
11.118654699999999,-1036.72119140625,1106.475341796875,769.03961181640625,1700.1471804693954
11.135719199999999,-921.6268310546875,999.228271484375,948.65655517578125,1657.6496656204342
11.1520272,-836.177978515625,1000.1002197265625,1076.829833984375,1690.8449226970556
11.1631617,-878.90240478515625,1009.69140625,1102.9876708984375,1734.510874899951
11.1800657,-946.040771484375,1070.726318359375,1027.1300048828125,1759.6715707963062
11.1964933,-1032.361572265625,1124.7857666015625,881.5181884765625,1762.9485963167554
11.2078826,-1016.6668701171875,1135.2489013671875,831.81829833984375,1736.1806571616555
11.2244517,-960.863525390625,1059.3912353515625,877.15850830078125,1677.7888879862871
11.2407478,-932.96185302734375,914.6513671875,929.47412109375,1603.4110778228946
11.2584277,-897.21282958984375,747.24139404296875,977.43011474609375,1522.737729145914
11.269753699999999,-883.26202392578125,623.42779541015625,1050.6719970703125,1507.5561894759192
11.2864515,-919.8829345703125,620.81201171875,1357.59033203125,1753.466189247084
11.298051899999999,-1105.6033935546875,738.52215576171875,1973.1707763671875,2379.3227505111759
11.3148834,-1489.251220703125,761.1922607421875,2680.303466796875,3159.3210552748351
11.331804499999999,-1920.8551025390625,507.46148681640625,3258.39111328125,3816.3220687806856
11.3428908,-2040.30908203125,-108.11894226074219,3478.11669921875,4033.8377048759803
11.3591491,-1930.4462890625,-1159.662841796875,3409.234375,4085.8683049360784
11.3759873,-1865.9237060546875,-2427.444580078125,3449.343017578125,4612.1714754638615
11.3925825,-1695.89794921875,-4190.48095703125,3348.199462890625,5625.5346544756949
11.403942899999999,-352.25848388671875,-6963.20849609375,2636.70703125,7454.0312964318537
11.4202943,1659.2769775390625,-11062.1376953125,533.61932373046875,11198.608844892453
11.4370671,2599.21435546875,-14208.0498046875,-3821.656005859375,14940.871766576285
11.4486084,3738.82275390625,-15017.1982421875,-10813.638671875,18879.349034226711
11.4652312,5296.08447265625,-12370.8994140625,-16155.9345703125,21026.218987126074
11.4816924,3987.322021484375,-4397.99951171875,-16365.197265625,17408.642053615571
11.4978638,3649.88623046875,5090.3095703125,-11464.095703125,13063.629331368427
11.5086987,6145.34130859375,7849.08642578125,-10824.1015625,14715.113052702218
11.525614,6876.88818359375,3792.01025390625,-8196.9853515625,11351.718006941139
11.5426275,5078.974609375,3711.79296875,-4690.96728515625,7847.2010421515306
11.5538954,4044.869140625,3986.4501953125,-2300.143310546875,6127.2678065791306
11.5703566,4129.4462890625,3683.01953125,-1054.15966796875,5632.7801419363959
11.5868615,3914.080078125,3023.8427734375,-650.45751953125,4988.6614398213014
11.597928999999999,3002.91650390625,2514.637451171875,-891.109375,4016.8376813709574
11.6146116,1687.1787109375,2156.275390625,-1093.3963623046875,2948.1538575788145
11.6307236,743.75372314453125,1681.0751953125,-887.62164306640625,2041.3367175030726
11.6476458,564.13671875,1225.9293212890625,-313.02178955078125,1385.3286898681667
11.658767,710.6204833984375,979.17401123046875,475.2001953125,1299.8378519337068
11.6748344,780.3746337890625,673.12762451171875,1195.411865234375,1578.3202765868944
11.6912942,746.3695068359375,437.70733642578125,1396.8270263671875,1643.1009995387599
11.707707099999999,492.63873291015625,246.75532531738281,955.6319580078125,1103.0927208995884
11.7187845,-0.87192696332931519,101.14352416992188,201.41513061523438,225.38595248793317
11.735593,-494.38259887695313,-163.92227172851563,-456.88973999023438,692.84406596961742
11.7516532,-740.2659912109375,-503.97378540039063,-532.74737548828125,1042.0187523283651
11.762636899999999,-882.39007568359375,-609.4769287109375,-306.04635620117188,1115.2303548773366
11.778534899999999,-884.13397216796875,-558.90521240234375,14.822758674621582,1046.0820385451352
11.794962499999999,-761.1922607421875,-475.2001953125,253.73074340820313,932.52784065105527
11.811292,-629.53125,-343.53921508789063,290.3516845703125,773.71369883347984
11.8275395,-382.77593994140625,-304.30252075195313,191.82392883300781,525.27503653510007
11.8384102,-229.31678771972656,-317.38140869140625,46.212127685546875,394.27491482246353
11.8553479,-264.19387817382813,-398.47061157226563,34.877079010009766,479.36796325116825
11.8719133,-359.23391723632813,-490.89486694335938,122.06977844238281,620.42550599831725
11.8833793,-623.42779541015625,-524.9000244140625,191.82392883300781,837.24469027446321
11.9001849,-925.114501953125,-517.05267333984375,267.68157958984375,1093.084505783323
11.9167515,-766.423828125,-422.01266479492188,401.08639526367188,962.48141282348774
11.9276982,-481.30368041992188,-315.6375732421875,422.88458251953125,714.2210306065607
11.944405699999999,-354.00234985351563,-311.27792358398438,342.66729736328125,582.77996370398932
11.9612357,-360.1058349609375,-369.697021484375,233.67642211914063,566.5304672493221
11.9777194,-553.67364501953125,-465.6090087890625,137.76446533203125,736.42739096462708
11.9889379,-814.3797607421875,-494.38259887695313,139.50831604003906,962.85571038612022
12.0053551,-883.26202392578125,-421.14071655273438,199.67127990722656,998.68910380949285
12.0219749,-772.52728271484375,-340.051513671875,288.60781860351563,892.03582184147365
12.033016499999999,-519.66845703125,-300.81478881835938,384.51980590820313,713.021965679008
12.049838,-356.61813354492188,-332.20416259765625,449.04238891601563,662.70292429087408
12.0663278,-364.46548461914063,-403.70217895507813,415.0372314453125,684.15381476502262
12.0829857,-466.48092651367188,-459.50552368164063,321.74105834960938,729.56637101974434
12.0943051,-631.275146484375,-513.56500244140625,266.80966186523438,856.41387072264979
12.1106439,-665.2802734375,-557.16131591796875,323.48489379882813,926.10423317062771
12.1274596,-536.235107421875,-572.85601806640625,406.31796264648438,883.63249976211182
12.1385174,-331.33224487304688,-590.2945556640625,526.64385986328125,857.66104847482791
12.1549219,-320.86911010742188,-646.96978759765625,640.8663330078125,965.52397622646617
12.1713217,-358.36196899414063,-548.44207763671875,660.0487060546875,929.98726212153315
12.1879651,-394.11099243164063,-446.42660522460938,653.94525146484375,884.457223454724
12.199048699999999,-376.67245483398438,-459.50552368164063,690.566162109375,910.99346253146643
12.2156413,-382.77593994140625,-611.2208251953125,799.5570068359375,1076.7542544754162
12.232356,-460.37744140625,-658.30487060546875,907.67596435546875,1212.1007992272253
12.2435674,-581.57525634765625,-537.10699462890625,912.90753173828125,1208.3517136908522
12.2603764,-726.315185546875,-339.17959594726563,816.99554443359375,1144.5777678634538
12.2766091,-862.33575439453125,-224.08523559570313,721.0836181640625,1146.210596052812
12.2931741,-853.61651611328125,-265.0657958984375,715.85205078125,1145.1485455365034
12.3044301,-701.029296875,-468.22479248046875,857.10418701171875,1202.2080180914841
12.321325999999999,-750.7291259765625,-694.05389404296875,958.24774169921875,1401.2650580448349
12.3378711,-1026.258056640625,-761.1922607421875,934.7056884765625,1583.127910405233
12.348908,-1635.7349853515625,-558.03326416015625,577.21563720703125,1822.1437808385579
12.365673899999999,-1580.8035888671875,-305.1744384765625,392.36712646484375,1657.1129673034195
12.3817595,-1597.3702392578125,-303.43057250976563,426.37228393554688,1680.9090154165335
12.3927017,-1620.040283203125,-413.29339599609375,424.62841796875,1725.0076068590215
12.4087792,-1565.9808349609375,-463.86514282226563,418.52493286132813,1686.0100728100811
12.4244635,-1602.601806640625,-476.94406127929688,401.95834350585938,1719.7030843001239
12.4403934,-1767.39599609375,-431.60385131835938,347.89886474609375,1852.2969825523876
12.456336,-2035.0775146484375,-361.84970092773438,316.50949096679688,2091.0891790072496
12.4721438,-2183.30517578125,-316.50949096679688,340.92343139648438,2232.3146137004096
12.4832246,-2224.28564453125,-303.43057250976563,410.6776123046875,2282.14216078878
12.4998162,-2142.324462890625,-251.98689270019531,487.40716552734375,2211.4739979026895
12.5153612,-2054.260009765625,-262.45001220703125,609.4769287109375,2158.7788963348362
12.531232,-2079.5458984375,-435.091552734375,751.60101318359375,2253.6015366492015
12.5474382,-2279.217041015625,-505.7176513671875,738.52215576171875,2448.67221928769
12.558520999999999,-2539.92333984375,-230.188720703125,565.880615234375,2612.3587598413824
12.5749134,-2691.638427734375,88.936553955078125,479.55984497070313,2735.47158296227
12.590998899999999,-2622.75634765625,206.64669799804688,530.131591796875,2683.7647478096392
12.607156999999999,-2405.646484375,209.26246643066406,637.37860107421875,2497.434137019387
12.6179268,-2227.7734375,141.25216674804688,736.77825927734375,2350.6954006815381
12.6334872,-2146.68408203125,113.35050201416016,744.6256103515625,2274.9875129205984
12.6494915,-2164.99462890625,227.57293701171875,701.029296875,2287.0140489140217
12.665334999999999,-2215.56640625,424.62841796875,642.61016845703125,2345.632456812993
12.6813965,-2323.685302734375,509.20535278320313,563.26483154296875,2444.6003247770254
12.697059999999999,-2376.872802734375,525.77197265625,466.48092651367188,2478.6215811233187
12.707690999999999,-2231.260986328125,605.9892578125,442.06698608398438,2353.9693689339883
12.7239154,-2047.2845458984375,600.7576904296875,456.88973999023438,2181.9789295484334
12.740581599999999,-1898.18505859375,550.1859130859375,485.663330078125,2035.1117723135844
12.756899899999999,-1804.016845703125,584.1910400390625,465.6090087890625,1952.5746336332722
12.7681807,-1772.6275634765625,699.285400390625,388.00750732421875,1944.6743623898283
12.783825,-1773.4993896484375,749.857177734375,300.81478881835938,1948.8651593311879
12.8004236,-1797.9134521484375,663.53643798828125,251.98689270019531,1932.9435532490822
12.8165371,-1684.5628662109375,639.1224365234375,225.82908630371094,1815.8271711000564
12.8319975,-1599.114013671875,689.6942138671875,169.15382385253906,1749.7019041789911
12.842505099999999,-1494.4827880859375,714.9801025390625,136.02059936523438,1662.2806484957837
12.859211499999999,-1406.418212890625,665.2802734375,205.77476501464844,1569.3799048325959
12.8757778,-1360.2060546875,621.68389892578125,258.96231079101563,1517.7986888261294
12.892443799999999,-1374.1568603515625,622.55584716796875,244.13955688476563,1528.2300163686684
12.9033961,-1389.8515625,612.09271240234375,223.21330261230469,1534.9817695408769
12.920435699999999,-1378.5164794921875,615.5804443359375,200.54319763183594,1522.9788382629504
12.9370035,-1298.2991943359375,602.50152587890625,185.72044372558594,1443.2882490747936
12.948184399999999,-1204.131103515625,619.9400634765625,156.07492065429688,1363.3109614516882
12.964420599999999,-1181.4610595703125,674.8714599609375,137.76446533203125,1367.5820891847893
12.9809355,-1129.1453857421875,671.3837890625,203.15898132324219,1329.2851710792122
12.997045199999999,-1077.7017822265625,605.1173095703125,274.656982421875,1266.1139552777281
13.008114299999999,-1048.9281005859375,586.80682373046875,300.81478881835938,1238.9842395072255
13.0247662,-1043.696533203125,585.9349365234375,272.04119873046875,1227.4480099237021
13.041478999999999,-990.509033203125,604.245361328125,234.54835510253906,1183.7371044386725
13.0525554,-932.08990478515625,630.4031982421875,264.19387817382813,1155.8538784037141
13.068539999999999,-897.21282958984375,554.5455322265625,347.89886474609375,1110.6508132553076
13.085275399999999,-899.82861328125,461.24935913085938,394.98291015625,1085.5662135004875
13.101154399999999,-938.19342041015625,461.24935913085938,416.78109741210938,1125.4618378957052
13.1170396,-938.19342041015625,493.51065063476563,503.97378540039063,1173.7756313545008
13.127932999999999,-866.69537353515625,475.2001953125,543.21051025390625,1127.853605120182
13.143952599999999,-787.35003662109375,428.98806762695313,514.4368896484375,1033.7292468362805
13.1605954,-654.817138671875,408.06182861328125,481.30368041992188,909.36965743057362
13.1768251,-510.0772705078125,385.3917236328125,440.3231201171875,776.2667406524032
13.1876483,-370.5689697265625,330.4603271484375,436.83541870117188,661.32486130122652
13.2040017,-207.51861572265625,226.70100402832031,468.22479248046875,560.08193810573289
13.2203199,-134.27674865722656,106.37509155273438,474.32827758789063,504.31460444082285
13.2366423,-120.32592010498047,5.2315616607666016,399.34255981445313,417.10930985256203
13.2526715,-81.0892105102539,-111.60665130615234,292.09552001953125,323.03451439812085
13.2639318,9.59119701385498,-211.00633239746094,197.92741394042969,289.46662080649742
13.279767399999999,83.704986572265625,-259.834228515625,189.20814514160156,332.14465715001131
13.295871799999999,222.34136962890625,-250.2430419921875,187.46429443359375,383.66668659325472
13.312729899999999,277.27276611328125,-245.88340759277344,152.58721923828125,400.77636710816125
13.3232956,294.7113037109375,-305.1744384765625,98.527748107910156,435.5386407446548
13.3395938,233.67642211914063,-386.26364135742188,23.542028427124023,452.06028136915694
13.3566898,245.88340759277344,-462.99322509765625,1.7438539266586304,524.23698614489274
13.3679934,372.31280517578125,-519.66845703125,64.522598266601563,642.52260335195422
13.3843246,559.777099609375,-592.03839111328125,205.77476501464844,840.35891838899443
13.401106299999999,826.5867919921875,-766.423828125,402.83026123046875,1197.0477970309803
13.417952399999999,1000.1002197265625,-973.07049560546875,566.75250244140625,1506.07935977444
13.4287434,936.4495849609375,-1146.583984375,605.1173095703125,1599.2997269869009
13.4455564,760.3203125,-1245.983642578125,436.83541870117188,1523.609988876477
13.4622382,514.4368896484375,-1281.732666015625,218.85366821289063,1398.3493371303605
13.4727526,476.94406127929688,-1398.57080078125,203.15898132324219,1491.5594168787893
13.4889332,710.6204833984375,-1693.2821044921875,580.703369140625,1925.9808305770318
13.5051101,1154.4312744140625,-2068.210693359375,1278.244873046875,2691.4897352473713
13.5218344,1454.3741455078125,-2484.119873046875,1758.6766357421875,3373.2772207296366
13.532729499999999,1429.0882568359375,-3088.365234375,1818.839599609375,3858.5580928411223
13.54889,1254.702880859375,-4009.1201171875,1723.799560546875,4540.7938026534448
13.565595499999999,981.78973388671875,-4984.806640625,1661.0208740234375,5345.2033328888465
13.582056,1220.69775390625,-5531.5048828125,922.49871826171875,5739.2206056366931
13.593138999999999,2544.282958984375,-5662.2939453125,-1654.9173583984375,6424.4610639048433
13.609471,4051.844482421875,-6685.93603515625,-6054.66064453125,9888.2809373707132
13.6254107,4389.2802734375,-6659.7783203125,-10026.2880859375,12811.903893516537
13.6419725,4316.91064453125,-5098.15673828125,-12526.974609375,14196.901510712669
13.6528546,4075.38671875,-1659.2769775390625,-13238.466796875,13950.590673068897
13.6686597,4390.15234375,2963.6796875,-12810.3505859375,13862.247906673108
13.685316799999999,6504.5751953125,5524.529296875,-11238.2666015625,14111.291883853157
13.7018396,6633.6201171875,5090.3095703125,-9574.6298828125,12711.793924289987
13.7179915,5093.79736328125,3722.256103515625,-6258.69189453125,8886.6859013358571
13.7294854,4653.47412109375,3396.155517578125,-2819.811767578125,6414.0495866369529
13.745748599999999,4680.50390625,3616.7529296875,-1577.31591796875,6121.759883881613
13.7619276,4425.029296875,3431.904541015625,-1991.481201171875,5943.4712442701948
13.7731967,3288.03662109375,3156.375732421875,-3073.54248046875,5497.3226178860314
13.789385699999999,1953.98828125,2850.329345703125,-3364.76611328125,4823.2871135071928
13.805444399999999,1284.348388671875,2582.647705078125,-2615.781005859375,3893.8323310902888
13.8213429,1097.756103515625,2327.173095703125,-1488.3792724609375,2972.553773922622
13.8372852,1052.4158935546875,1930.4462890625,-471.71249389648438,2248.714024694943
13.847959099999999,923.37066650390625,1484.0196533203125,361.84970092773438,1784.89857562336
13.863939499999999,737.65020751953125,1142.224365234375,1034.1053466796875,1708.2676011738311
13.8800373,561.52093505859375,728.93096923828125,1381.13232421875,1659.5700091968474
13.8954069,337.43572998046875,364.46548461914063,1094.268310546875,1201.7158968796364
13.9116982,-83.704986572265625,76.729576110839844,444.6827392578125,458.95173081822446
13.927298899999998,-513.56500244140625,-120.32592010498047,-20.926246643066406,527.88753213190989
13.9382671,-717.59588623046875,-201.41513061523438,-52.315616607666016,747.16051455941113
13.9541574,-673.12762451171875,-268.55349731445313,219.72560119628906,757.29856702735424
13.970225899999999,-453.40200805664063,-361.84970092773438,494.38259887695313,762.18287900189364
13.9866408,-220.59751892089844,-361.84970092773438,635.634765625,763.95682252774964
14.0025629,-192.69586181640625,-369.697021484375,562.39288330078125,700.06666685605887
14.013247699999999,-278.14471435546875,-366.20932006835938,337.43572998046875,570.38287149621453
14.029713399999999,-368.82510375976563,-427.24420166015625,113.35050201416016,575.68906653026534
14.046107999999998,-388.00750732421875,-470.84054565429688,36.620933532714844,611.2133325973814
14.0629172,-354.874267578125,-489.15103149414063,147.35565185546875,622.02746364983159
14.0738852,-292.96746826171875,-483.91946411132813,345.2830810546875,662.74308089039607
14.0904934,-238.90798950195313,-430.73193359375,522.28424072265625,717.905184667528
14.106316699999999,-279.01663208007813,-368.82510375976563,629.53125,781.14776634595455
14.122582099999999,-392.36712646484375,-306.04635620117188,635.634765625,807.24710550453
14.1334818,-503.97378540039063,-239.77992248535156,564.13671875,793.55795317033824
14.1493495,-567.62445068359375,-231.06063842773438,467.35284423828125,770.71733901742141
14.165241499999999,-544.954345703125,-285.99203491210938,436.83541870117188,754.71310175835583
14.1811058,-642.61016845703125,-314.765625,517.05267333984375,882.81860780904128
14.197797,-887.62164306640625,-243.26762390136719,595.526123046875,1096.2220036606479
14.2098251,-1285.2203369140625,-81.0892105102539,622.55584716796875,1430.3644840814875
14.226570599999999,-1542.4388427734375,212.75018310546875,605.9892578125,1670.8091466986336
14.2433064,-1406.418212890625,497.87030029296875,567.62445068359375,1596.2720765828492
14.254659,-1349.742919921875,428.98806762695313,434.21963500976563,1481.3451331386452
14.2713156,-1597.3702392578125,33.133224487304688,306.04635620117188,1626.7617723488286
14.288061899999999,-2062.107177734375,-296.45516967773438,517.92462158203125,2146.7225236935428
14.299619,-2125.758056640625,-219.72560119628906,816.99554443359375,2287.9266541604738
14.316325099999998,-1926.086669921875,-274.656982421875,846.64105224609375,2121.8028629899154
14.3282659,-1692.4102783203125,-254.60267639160156,848.38494873046875,1910.1916380882847
14.3448465,-1551.1580810546875,-233.67642211914063,927.73028564453125,1822.4652385101194
14.362057,-1284.348388671875,-387.13555908203125,980.0458984375,1661.299096380289
14.3729313,-1085.549072265625,-650.45751953125,983.53363037109375,1602.7632935285387
14.3906257,-1059.3912353515625,-913.77947998046875,924.2425537109375,1676.76087313105
14.4076957,-1144.840087890625,-1070.726318359375,789.9658203125,1755.3232388739223
14.4187614,-1305.274658203125,-1078.5736083984375,735.9063720703125,1846.2451490889828
14.4357648,-1361.0780029296875,-979.17401123046875,767.29571533203125,1843.9245616605701
14.452752499999999,-1577.31591796875,-907.67596435546875,972.19854736328125,2063.2428787812414
14.4639597,-1633.9910888671875,-936.4495849609375,1129.1453857421875,2195.867483664204
14.4812885,-1577.31591796875,-930.3460693359375,965.22314453125,2070.0543549736135
14.497584699999999,-1702.8734130859375,-796.94122314453125,735.9063720703125,2019.0223779333751
14.5087932,-1913.879638671875,-742.88177490234375,555.41748046875,2126.8044527918164
14.5254406,-1933.0621337890625,-774.2711181640625,545.8262939453125,2152.7079041695893
14.541827099999999,-1872.899169921875,-776.0150146484375,655.6890869140625,2130.6991299458637
14.5531028,-1844.9974365234375,-704.5169677734375,735.034423828125,2107.2814958782983
14.5698989,-1919.1112060546875,-535.3631591796875,680.10302734375,2105.2652234846009
14.586511,-2088.26513671875,-256.34652709960938,491.76681518554688,2160.647917572122
14.5976313,-2116.166748046875,-193.56777954101563,333.07611083984375,2150.9462769739093
14.613925799999999,-1981.8900146484375,-414.16531372070313,286.86398315429688,2044.9234416191969
14.630573199999999,-1945.26904296875,-555.41748046875,364.46548461914063,2055.5766384694771
14.646645399999999,-1969.6829833984375,-524.028076171875,477.81597900390625,2093.4575681148226
14.657820099999999,-2011.5355224609375,-338.30764770507813,514.4368896484375,2103.656943526938
14.674393199999999,-2136.220947265625,-117.71013641357422,435.091552734375,2183.2545135672467
14.6915018,-2003.6881103515625,-11.335050582885742,530.131591796875,2072.6635114164142
14.7025923,-2049.900390625,-70.626083374023438,618.19622802734375,2142.2526068334046
14.7190581,-2168.482421875,-118.58206939697266,544.0823974609375,2238.8397388804265
14.735544599999999,-2208.591064453125,42.724422454833984,493.51065063476563,2263.4603218404859
14.7516495,-2212.07861328125,245.011474609375,568.49639892578125,2297.0656432975829
14.762450999999999,-2059.491455078125,322.61297607421875,741.137939453125,2212.43522643446
14.7792949,-1804.8887939453125,272.91314697265625,951.2723388671875,2058.40331494917
14.7957772,-1513.6651611328125,238.90798950195313,1123.0418701171875,1899.8637555128521
14.811955099999999,-2064.72314453125,155.2030029296875,964.3511962890625,2284.10657927023
14.823277399999998,-2425.700927734375,98.527748107910156,705.388916015625,2528.1032872088754
14.839646,-2553.8740234375,453.40200805664063,595.526123046875,2661.2961638513439
14.8564218,-2541.6669921875,567.62445068359375,683.59075927734375,2692.5016141794008
14.8730326,-2246.083740234375,462.99322509765625,796.0693359375,2427.5463501757367
14.8842757,-2052.51611328125,422.01266479492188,922.49871826171875,2289.52417976334
14.901511,-2078.673828125,210.1343994140625,1011.435302734375,2321.2157851363859
14.913530999999999,-2070.82666015625,175.25732421875,983.53363037109375,2299.2121668469722
14.930132299999999,-2110.935302734375,486.53524780273438,914.6513671875,2351.4573190221204
14.947236799999999,-2108.3193359375,772.52728271484375,864.07965087890625,2405.9182172072547
14.958407399999999,-1913.879638671875,633.89093017578125,864.07965087890625,2193.4873206255184
14.975173999999999,-1702.8734130859375,437.70733642578125,934.7056884765625,1991.2408938715444
14.9921464,-1463.96533203125,573.72796630859375,1023.6422729492188,1876.2200765588791
15.0039135,-1310.5062255859375,670.5118408203125,1089.0367431640625,1831.1236233365382
15.0212065,-1266.909912109375,592.91033935546875,1082.933349609375,1768.996335669405
15.0374248,-1259.0625,566.75250244140625,1013.1791381835938,1712.5941562379267
15.0482955,-1427.344482421875,653.07330322265625,854.4884033203125,1787.1674354383304
15.0652882,-1371.5411376953125,726.315185546875,715.85205078125,1709.1234594827447
15.0821378,-1184.94873046875,619.9400634765625,671.3837890625,1496.3907806314319
15.0938415,-1028.873779296875,381.90402221679688,745.49755859375,1326.724743787966
15.110945399999999,-746.3695068359375,317.38140869140625,949.5284423828125,1248.7604502911645
15.128259499999999,-613.83660888671875,283.37625122070313,1063.7508544921875,1260.4218986507274
15.139472699999999,-628.65936279296875,299.07095336914063,920.7548828125,1154.3160675479869
15.1572976,-881.5181884765625,180.48887634277344,716.72393798828125,1150.3667912383019
15.168813499999999,-948.65655517578125,20.926246643066406,560.6490478515625,1102.1408813456699
15.20196,-1211.978515625,127.30133819580078,276.40084838867188,1249.5979281484895
15.2139601,-1193.66796875,-43.596347808837891,129.9171142578125,1201.5083510900363
15.231740299999998,-927.73028564453125,-203.15898132324219,56.675251007080078,951.40377268071438
15.2440172,-728.93096923828125,-272.04119873046875,-41.852493286132813,779.16519616550909
15.2607559,-613.83660888671875,-295.583251953125,-132.53289794921875,694.067583368903
15.277997599999999,-779.502685546875,-323.48489379882813,-220.59751892089844,872.31311961066228
15.289719,-880.646240234375,-447.29852294921875,-364.46548461914063,1052.8289787758306
15.3061793,-619.068115234375,-592.91033935546875,-365.33740234375,931.80438900325942
15.3227725,-167.40997314453125,-752.47296142578125,-242.39569091796875,808.08250059058787
15.3340008,458.63357543945313,-1014.9229736328125,-91.552330017089844,1117.4950684721634
15.3509136,1098.6279296875,-1300.0430908203125,24.413955688476563,1702.2606754288347
15.367583799999998,1429.960205078125,-1422.98486328125,39.236713409423828,2017.7243689150916
15.3785896,1377.6446533203125,-1376.772705078125,-2.6157808303833008,1947.6690464705584
15.395144,846.64105224609375,-1371.5411376953125,41.852493286132813,1612.3516350142702
15.412073999999999,563.26483154296875,-1504.073974609375,25.285881042480469,1606.283028401429
15.4233558,886.74969482421875,-1798.7852783203125,99.399673461914063,2007.9426769350423
15.440416899999999,1272.1414794921875,-2248.69970703125,523.15618896484375,2636.0361746947292
15.457237399999999,1803.14501953125,-2840.738037109375,1247.7275390625,3588.585873108701
15.4687012,2441.3955078125,-3860.892578125,2140.580810546875,5044.69917159282
15.4851449,3139.80908203125,-5499.2431640625,3004.660400390625,7009.1412149256639
15.5022855,3321.169921875,-6705.1181640625,2583.51953125,7916.0187223350022
15.5135183,2848.58544921875,-6530.73291015625,-1750.829345703125,7336.9145288107275
15.530425399999999,3866.124267578125,-5777.38818359375,-9166.568359375,11504.395097673761
15.5470454,3818.168212890625,-4665.68115234375,-13936.0087890625,15184.18025729711
15.558814,3295.884033203125,-2164.99462890625,-16405.306640625,16872.585435446785
15.5750359,1987.9935302734375,2699.48583984375,-16726.17578125,17058.84809537854
15.591946499999999,1888.59375,8095.841796875,-15344.1708984375,17451.447542052883
15.603259699999999,4706.66162109375,6444.412109375,-11287.0947265625,13823.227496403688
15.620464199999999,5110.36376953125,3849.5576171875,-5092.0537109375,8177.0363029679838
15.637685999999999,4289.0087890625,4445.95556640625,-585.06298828125,6205.1926635174414
15.6483659,4036.14990234375,4165.1953125,45.340202331542969,5800.121874530646
15.6655371,3989.937744140625,3480.732421875,-1545.0545654296875,5515.6409423533823
15.682711099999999,2587.00732421875,3186.021240234375,-2616.65283203125,4867.2590112057114
15.6940835,1504.073974609375,2471.041015625,-2121.398193359375,3587.2848390930285
15.711157499999999,1227.6732177734375,1930.4462890625,-961.73541259765625,2481.6807627972112
15.7229859,1088.164794921875,1667.996337890625,-87.192695617675781,1993.4685777039424
15.7401112,935.57763671875,1440.42333984375,375.80050659179688,1758.223800615131
15.7577045,754.216796875,1214.59423828125,599.8857421875,1550.4660731645315
15.7688011,745.49755859375,932.96185302734375,483.91946411132813,1288.5505332811949
15.7857244,531.87542724609375,487.40716552734375,222.34136962890625,754.91251133099661
15.80237,-0.87192696332931519,113.35050201416016,-51.443691253662109,124.48112279897551
15.814142899999998,-477.81597900390625,-122.06977844238281,-145.61180114746094,514.2100127708926
15.831695499999999,-591.16650390625,-237.16413879394531,26.157808303833008,637.50207451103415
15.8433257,-472.58441162109375,-124.68555450439453,226.70100402832031,538.77254833257064
15.8604775,-251.11495971679688,-131.66096496582031,319.12527465820313,426.88906476387172
15.8771598,-40.980567932128906,-163.05033874511719,124.68555450439453,209.31150808067298
15.893499599999998,-35.749004364013672,-190.080078125,-244.13955688476563,311.46837824876235
15.9056223,-179.61695861816406,-154.33106994628906,-449.04238891601563,507.66071151646929
15.922566699999999,-357.49005126953125,-75.8576431274414,-342.66729736328125,500.97344785906347
15.9337328,-342.66729736328125,-43.596347808837891,6.1034889221191406,345.48338715710634
15.9508861,-117.71013641357422,3.4877078533172607,377.54437255859375,395.48399913426914
15.967783899999999,125.55747985839844,-8.7192697525024414,544.0823974609375,558.4499634168227
15.978820899999999,155.2030029296875,-47.955982208251953,495.2545166015625,521.21472020866611
15.9965114,2.6157808303833008,-55.803325653076172,251.98689270019531,258.10510951160114
16.013752399999998,-111.60665130615234,-37.49285888671875,-22.670101165771484,119.89867626516481
16.0250433,-122.06977844238281,-51.443691253662109,-125.55747985839844,182.51620456049011
16.0418713,-137.76446533203125,-57.54718017578125,-76.729576110839844,167.86349723675315
16.0585572,-193.56777954101563,-46.212127685546875,46.212127685546875,204.30273313612278
16.07011,-234.54835510253906,-38.364788055419922,179.61695861816406,297.90441364149558
16.0869779,-234.54835510253906,-53.187545776367188,254.60267639160156,350.2347337612112
16.0986542,-210.1343994140625,-68.010299682617188,251.98689270019531,335.08097644111029
16.1159778,-163.92227172851563,-102.88738250732422,180.48887634277344,264.63665492770031
16.1329143,-135.148681640625,-127.30133819580078,76.729576110839844,200.89356561570065
16.1444242,-181.36080932617188,-150.84336853027344,60.162960052490234,243.44413476459337
16.161526,-292.96746826171875,-176.12924194335938,147.35565185546875,372.24338202441385
16.1730417,-356.61813354492188,-238.03605651855469,309.5340576171875,528.81848511651765
16.1902686,-339.17959594726563,-328.71646118164063,462.12127685546875,660.79753683050319
16.2080257,-354.874267578125,-355.7462158203125,510.0772705078125,716.00973299829047
16.2194832,-339.17959594726563,-388.00750732421875,509.20535278320313,724.48789869118616
16.236691099999998,-314.765625,-426.37228393554688,503.97378540039063,731.3414384272603
16.248202499999998,-298.19903564453125,-486.53524780273438,486.53524780273438,749.903833546852
16.265358,-382.77593994140625,-535.3631591796875,504.845703125,829.4578448412301
16.2830564,-607.73309326171875,-562.39288330078125,556.2894287109375,997.53856884251059
16.2943681,-705.388916015625,-628.65936279296875,634.7628173828125,1138.2925597563774
16.311250599999997,-677.48724365234375,-661.79254150390625,704.5169677734375,1180.3823495725987
16.3282073,-593.78228759765625,-674.8714599609375,809.148193359375,1209.4418925071404
16.3394934,-597.26995849609375,-672.25567626953125,854.4884033203125,1240.4876174341393
16.3565021,-705.388916015625,-728.05902099609375,784.7342529296875,1281.971648911396
16.367966,-905.0601806640625,-891.98126220703125,714.108154296875,1457.6402021024953
16.385160799999998,-1061.1351318359375,-905.0601806640625,673.99957275390625,1549.0052042238549
16.4015955,-1169.2540283203125,-846.64105224609375,701.029296875,1604.8047012545508
16.4183585,-1102.9876708984375,-881.5181884765625,816.1236572265625,1630.862944166008
16.4300893,-916.395263671875,-897.21282958984375,959.11968994140625,1601.462369365624
16.4470342,-923.37066650390625,-898.08477783203125,1032.361572265625,1650.7392501010661
16.4582773,-1109.9630126953125,-946.91265869140625,966.96697998046875,1750.3389994838801
16.474762899999998,-1431.7041015625,-947.78460693359375,820.4832763671875,1902.9621915238849
16.4917835,-1654.9173583984375,-919.01104736328125,743.75372314453125,2033.839317398395
16.5083658,-1628.759521484375,-876.28662109375,823.97100830078125,2024.7627129256696
16.5196971,-1497.9705810546875,-891.98126220703125,1002.7160034179688,2011.215010222495
16.5367583,-1411.6497802734375,-915.5233154296875,1123.0418701171875,2022.9090650045844
16.5476521,-1422.1129150390625,-898.08477783203125,1119.55419921875,2020.4858366944434
16.5646169,-1573.828125,-864.9515380859375,1014.9229736328125,2062.8002260727808
16.5814549,-1779.6029052734375,-783.86236572265625,894.5970458984375,2140.4977419712895
16.5980259,-1817.9677734375,-687.95037841796875,844.02532958984375,2119.1180489562093
16.6089468,-1745.5977783203125,-599.8857421875,901.572509765625,2054.2170035616359
16.6257614,-1678.4593505859375,-597.26995849609375,1005.331787109375,2045.6415123534773
16.6425256,-1628.759521484375,-609.4769287109375,1085.549072265625,2050.0576805918622
16.654058199999998,-1650.5577392578125,-511.82113647460938,1026.258056640625,2009.8525630468057
16.6709048,-1804.016845703125,-443.81082153320313,882.39007568359375,2056.7102544003442
16.6878517,-1923.4708251953125,-442.06698608398438,767.29571533203125,2117.523541859643
16.699147699999997,-2004.56005859375,-481.30368041992188,709.74853515625,2180.2883397504065
16.7157898,-1996.7127685546875,-509.20535278320313,745.49755859375,2191.3280405456489
16.7325288,-2011.5355224609375,-457.76165771484375,851.87261962890625,2231.9291775209745
16.7437097,-1963.5794677734375,-408.06182861328125,946.040771484375,2217.4652023297645
16.7608684,-1814.47998046875,-280.76046752929688,958.24774169921875,2071.0873410169829
16.7773191,-1764.7801513671875,-180.48887634277344,923.37066650390625,1999.909649184917
16.789180899999998,-1747.3416748046875,-149.971435546875,820.4832763671875,1936.2043194837356
16.8059908,-1902.544677734375,-74.1137924194336,639.1224365234375,2008.3940335177863
16.8226498,-2056.875732421875,-56.675251007080078,488.27911376953125,2114.7970010491076
16.8336851,-2069.082763671875,-74.9857177734375,463.86514282226563,2121.7674734804382
16.8500886,-1921.72705078125,42.724422454833984,513.56500244140625,1989.6254033639452
16.8681484,-1801.401123046875,189.20814514160156,549.31396484375,1892.7735100309355
16.8794994,-1693.2821044921875,190.080078125,596.3980712890625,1805.2770925624718
16.8969618,-1691.538330078125,206.64669799804688,598.14190673828125,1806.03945707548
16.9086936,-1733.3907470703125,238.90798950195313,552.80169677734375,1835.0232220429125
16.926598,-1797.04150390625,251.11495971679688,483.91946411132813,1877.9230382262742
16.9437323,-1758.6766357421875,268.55349731445313,461.24935913085938,1837.8834188609221
16.9547177,-1619.1683349609375,326.10067749023438,492.63873291015625,1723.5836707172323
16.9719797,-1460.4776611328125,338.30764770507813,584.1910400390625,1608.9519055663643
16.9836264,-1322.7132568359375,327.84454345703125,684.462646484375,1524.9726289073114
17.0011156,-1244.23974609375,347.02694702148438,709.74853515625,1473.8735464329816
17.0133451,-1251.2152099609375,360.1058349609375,624.2996826171875,1443.941067954793
17.0306866,-1295.6834716796875,304.30252075195313,498.74221801757813,1421.3161094397733
17.047448,-1313.993896484375,224.9571533203125,488.27911376953125,1419.7190474779607
17.058384099999998,-1292.19580078125,222.34136962890625,563.26483154296875,1427.0504345180946
17.0751739,-1224.1854248046875,262.45001220703125,616.452392578125,1395.5369989817536
17.091844899999998,-1094.268310546875,331.33224487304688,621.68389892578125,1301.4204017700374
17.1036931,-925.9864501953125,317.38140869140625,673.99957275390625,1188.4684634439004
17.1206489,-721.0836181640625,279.01663208007813,726.315185546875,1060.8230833262805
17.137696599999998,-599.8857421875,234.54835510253906,744.6256103515625,984.55225059546308
17.1490244,-600.7576904296875,205.77476501464844,695.7977294921875,942.01249296053891
17.1651676,-683.59075927734375,193.56777954101563,659.1767578125,969.163974508965
17.1823332,-737.65020751953125,144.73988342285156,713.23626708984375,1036.2352219448649
17.1940113,-675.743408203125,102.01545715332031,789.9658203125,1044.5488521319514
17.211193299999998,-593.78228759765625,76.729576110839844,842.28143310546875,1033.3938481861874
17.2228674,-371.44088745117188,23.542028427124023,846.64105224609375,924.83708366465851
17.239719,-144.73988342285156,-47.084056854248047,803.04473876953125,817.34166339942522
17.2565854,20.926246643066406,-97.65582275390625,766.423828125,772.90364977407648
17.268100699999998,106.37509155273438,-136.02059936523438,765.5518798828125,784.78464838874
17.285398999999998,138.63638305664063,-198.79934692382813,803.91668701171875,839.65663619140525
17.3024511,134.27674865722656,-279.01663208007813,811.76397705078125,868.81602232265891
17.313877599999998,97.65582275390625,-335.69189453125,701.029296875,783.3695059477227
17.3307646,59.291034698486328,-340.92343139648438,539.7227783203125,641.12782680879457
17.3481011,101.14352416992188,-352.25848388671875,435.091552734375,568.87671002818411
17.359072599999998,269.42544555664063,-408.06182861328125,396.72677612304688,629.6798087739478
17.3758663,542.33856201171875,-543.21051025390625,455.1458740234375,892.39371408353554
17.3933894,857.10418701171875,-712.36431884765625,586.80682373046875,1259.5367237746368
17.404604,1115.194580078125,-895.468994140625,697.54156494140625,1591.2535642454204
17.4217814,1164.0224609375,-1106.475341796875,746.3695068359375,1770.961154939889
17.4330034,998.35638427734375,-1338.4078369140625,717.59588623046875,1817.4143346730825
17.4499921,776.0150146484375,-1583.4193115234375,704.5169677734375,1898.8839292979048
17.466832099999998,675.743408203125,-1872.899169921875,749.857177734375,2127.5963530293488
17.4837934,792.58160400390625,-2272.24169921875,850.1287841796875,2552.2513372245985
17.4956834,1064.622802734375,-2933.162353515625,1328.816650390625,3391.550794922387
17.5126334,1244.23974609375,-3758.877197265625,2239.98046875,4549.1540785364032
17.5241886,1273.013427734375,-4649.11474609375,2968.039306640625,5660.7498121098888
17.5414474,1302.658935546875,-5964.8525390625,2980.246337890625,6793.9866315463814
17.5582332,2131.861328125,-6832.419921875,851.87261962890625,7207.80699459015
17.569213299999998,3383.07666015625,-5366.71044921875,-4905.4609375,8019.3725280464469
17.5855575,4151.244140625,-4312.55078125,-10640.125,12208.324298262984
17.6025624,3574.028564453125,-2539.92333984375,-12730.1337890625,13464.070596934667
17.6137488,3540.8955078125,602.50152587890625,-12544.4130859375,13048.496034278171
17.630734399999998,3386.564208984375,4389.2802734375,-12693.5126953125,13851.348779321859
17.6480495,2631.4755859375,8171.69970703125,-12801.6318359375,15413.731460102978
17.658857899999997,3086.621337890625,8171.69970703125,-11091.783203125,14118.482992536494
17.675594699999998,3317.68212890625,6002.34521484375,-7368.65478515625,10066.391415468985
17.692532,3197.356201171875,4026.558837890625,-2975.014892578125,5940.2841988602677
17.7041403,3590.59521484375,3867.867919921875,-3.4877078533172607,5277.5741024570825
17.720748,4013.479736328125,3635.0634765625,126.42941284179688,5416.4278328974942
17.7379967,3506.89013671875,3257.51904296875,-1242.4959716796875,4945.04853221478
17.7493537,1928.702392578125,2883.46240234375,-2054.260009765625,4031.6538210254162
17.7663997,741.137939453125,2478.888427734375,-1931.3182373046875,3228.6473043982228
17.7827657,441.19503784179688,2054.260009765625,-1262.55029296875,2451.2589604964155
17.794463699999998,551.057861328125,1729.903076171875,-495.2545166015625,1881.8890657248344
17.811362199999998,830.9464111328125,1388.9796142578125,114.22243499755859,1622.585304893106
17.8230474,1012.3071899414063,960.863525390625,492.63873291015625,1480.1072536801146
17.842588199999998,878.03045654296875,463.86514282226563,488.27911376953125,1106.5825076722178
17.8538905,362.72161865234375,210.1343994140625,111.60665130615234,433.79659181540154
17.8705635,-199.67127990722656,118.58206939697266,-276.40084838867188,361.00935748569736
17.8867403,-448.17047119140625,22.670101165771484,-378.41629028320313,587.00050552490575
17.8977516,-372.31280517578125,-109.86280059814453,-164.794189453125,421.71528870867292
17.9141937,-222.34136962890625,-316.50949096679688,114.22243499755859,403.31217087671712
17.9314265,-174.38539123535156,-465.6090087890625,271.16928100585938,566.33452367225027
17.9480821,-290.3516845703125,-569.3682861328125,278.14471435546875,697.02857051237129
17.9596516,-429.8599853515625,-587.67877197265625,181.36080932617188,750.35837384091269
17.9766409,-556.2894287109375,-405.446044921875,12.206977844238281,688.47181071298917
17.9881668,-565.0086669921875,-227.57293701171875,-46.212127685546875,610.86806773775106
18.005039,-323.48489379882813,-205.77476501464844,111.60665130615234,399.30160912353705
18.022256799999997,-54.059471130371094,-214.49403381347656,290.3516845703125,365.01262675870612
18.03397,-41.852493286132813,-183.97659301757813,323.48489379882813,374.488310216301
18.0509377,-160.43455505371094,-203.15898132324219,231.06063842773438,346.989678201257
18.068018,-186.59237670898438,-208.39054870605469,159.56263732910156,322.03038842217433
18.0795454,-181.36080932617188,-196.18356323242188,156.07492065429688,309.41737911639484
18.0969375,-104.63123321533203,-223.21330261230469,182.23274230957031,306.56262948526484
18.1081644,-96.783889770507813,-217.10981750488281,217.98173522949219,322.52105523480753
18.1261246,-155.2030029296875,-214.49403381347656,231.93257141113281,351.97781228558944
18.1428458,-217.10981750488281,-211.00633239746094,217.10981750488281,372.55471816343277
18.1539547,-217.10981750488281,-226.70100402832031,191.82392883300781,367.86741872226582
18.170993,-162.17842102050781,-272.04119873046875,177.87310791015625,363.24522924469852
18.1886092,-146.48373413085938,-278.14471435546875,197.05549621582031,371.01594989658975
18.1998773,-177.87310791015625,-274.656982421875,209.26246643066406,388.41483026186455
18.2163272,-201.41513061523438,-307.79022216796875,216.23788452148438,426.68688567295607
18.2279767,-210.1343994140625,-304.30252075195313,244.13955688476563,443.12595634761828
18.2450917,-216.23788452148438,-329.58837890625,268.55349731445313,476.97830467663897
18.261649,-240.65184020996094,-393.23907470703125,283.37625122070313,541.15836668093914
18.2784603,-265.93771362304688,-500.486083984375,306.91830444335938,644.52155386104437
18.289659099999998,-355.7462158203125,-586.80682373046875,374.05667114257813,781.54719094459074
18.306107,-465.6090087890625,-644.35400390625,486.53524780273438,932.0409748342704
18.3235904,-562.39288330078125,-692.30999755859375,612.96466064453125,1082.2682491443661
18.3348106,-618.19622802734375,-746.3695068359375,669.639892578125,1177.9862489918119
18.35182,-612.96466064453125,-805.6605224609375,628.65936279296875,1191.6489193879033
18.363352199999998,-596.3980712890625,-875.4146728515625,590.2945556640625,1212.6372793740736
18.379923299999998,-652.20135498046875,-925.114501953125,614.70849609375,1288.0489060327554
18.397178999999998,-834.43408203125,-917.26715087890625,673.99957275390625,1411.3591631506451
18.4135058,-1025.3861083984375,-920.7548828125,688.82232666015625,1540.675963084082
18.424516999999998,-1142.224365234375,-939.937255859375,686.20654296875,1630.6556856371139
18.441494499999997,-1142.224365234375,-962.60736083984375,714.108154296875,1655.6690151450589
18.4587175,-1001.8440551757813,-1052.4158935546875,783.86236572265625,1650.9727230617364
18.469398899999998,-980.9178466796875,-1105.6033935546875,850.1287841796875,1705.0740850371253
18.4868092,-1226.80126953125,-1087.29296875,861.4638671875,1851.8551102303652
18.4985096,-1498.8424072265625,-1084.6771240234375,833.56219482421875,2029.2557644911697
18.5164252,-1715.080322265625,-1065.4947509765625,836.177978515625,2185.4000063914714
18.5336906,-1665.3804931640625,-1075.9578857421875,880.646240234375,2169.4965681791514
18.544986899999998,-1519.7686767578125,-1078.5736083984375,966.0950927734375,2099.1325798692983
18.5623964,-1448.2706298828125,-1055.903564453125,1016.6668701171875,2060.5901289678768
18.5738158,-1582.5474853515625,-1068.1104736328125,994.86865234375,2152.9236314121626
18.590768999999998,-1777.859130859375,-1058.519287109375,917.26715087890625,2263.321717397705
18.6075061,-1915.62353515625,-1058.519287109375,897.21282958984375,2365.3894967230412
18.6182074,-1940.909423828125,-1028.0018310546875,902.44439697265625,2374.5153286058094
18.635313099999998,-1886.8499755859375,-941.68109130859375,884.13397216796875,2286.6261147897153
18.652110999999998,-1874.6429443359375,-877.15850830078125,804.78857421875,2220.6705893999706
18.6642026,-1886.8499755859375,-871.0550537109375,712.36431884765625,2196.9075218887351
18.6815867,-1860.692138671875,-853.61651611328125,721.95550537109375,2170.7271001285085
18.693555699999997,-1836.2781982421875,-823.09906005859375,789.9658203125,2161.817679933004
18.7103243,-1876.3868408203125,-812.63592529296875,810.0201416015625,2199.3947697674939
18.7268883,-1919.1112060546875,-766.423828125,802.17279052734375,2216.7260749548832
18.7382428,-1855.4605712890625,-718.46783447265625,817.86749267578125,2151.240850382851
18.755223,-1788.3221435546875,-645.2259521484375,809.148193359375,2066.1881369494481
18.7723095,-1772.6275634765625,-544.954345703125,756.83258056640625,2002.9925792933886
18.7838162,-1769.1397705078125,-503.10186767578125,721.95550537109375,1975.9015078153379
18.8010297,-1783.0906982421875,-486.53524780273438,762.93609619140625,1999.5500674861989
18.8179908,-1799.6572265625,-465.6090087890625,860.5919189453125,2048.4570615802854
18.8286569,-1749.08544921875,-423.75650024414063,939.937255859375,2030.3574870254674
18.8458126,-1681.9471435546875,-333.94802856445313,912.90753173828125,1942.6444968131298
18.8627257,-1677.5875244140625,-224.9571533203125,798.68511962890625,1871.577821843463
18.873576999999997,-1711.5926513671875,-137.76446533203125,727.18707275390625,1864.7599016770964
18.8905553,-1704.6171875,-105.50316619873047,747.24139404296875,1864.194296464198
18.9071605,-1640.0946044921875,-26.157808303833008,779.502685546875,1816.0999365107734
18.9185245,-1514.537109375,53.187545776367188,794.325439453125,1711.0243932983813
18.9360099,-1366.3095703125,60.162960052490234,826.5867919921875,1598.0197584466036
18.953259799999998,-1250.34326171875,67.138374328613281,866.69537353515625,1522.8350875719325
18.965336999999998,-1205.0030517578125,123.81362915039063,852.74456787109375,1481.396458596648
18.982204799999998,-1343.639404296875,185.72044372558594,701.029296875,1526.8598518115361
18.993302099999998,-1552.030029296875,227.57293701171875,511.82113647460938,1650.0144027376123
19.0102993,-1600.85791015625,214.49403381347656,490.02294921875,1687.861436792859
19.0273997,-1424.7286376953125,165.66612243652344,624.2996826171875,1564.3040142210896
19.0389523,-1158.7908935546875,161.30648803710938,791.70965576171875,1412.6642549078945
19.055681099999997,-1035.8492431640625,198.79934692382813,782.99041748046875,1313.6128915198497
19.0724654,-1017.5387573242188,224.9571533203125,689.6942138671875,1249.667536638754
19.083732899999998,-1098.6279296875,250.2430419921875,570.240234375,1262.8455300847372
19.0999151,-1208.49072265625,295.583251953125,451.65817260742188,1323.561253008143
19.116711799999997,-1193.66796875,291.22360229492188,498.74221801757813,1326.0460799634661
19.1275661,-1089.0367431640625,285.99203491210938,603.37347412109375,1277.4396350777267
19.1437307,-893.72515869140625,258.09039306640625,694.92578125,1161.1533713153806
19.160873499999997,-769.9114990234375,251.11495971679688,690.566162109375,1064.2857058011052
19.1789384,-748.98529052734375,279.01663208007813,608.60504150390625,1004.6040727309494
19.1903693,-799.5570068359375,357.49005126953125,474.32827758789063,996.03105315880111
19.2075627,-817.86749267578125,398.47061157226563,396.72677612304688,992.5110572459788
19.2192468,-786.4781494140625,382.77593994140625,428.98806762695313,974.21561364520471
19.236639399999998,-713.23626708984375,329.58837890625,544.0823974609375,955.69876395710924
19.2482526,-595.526123046875,228.44486999511719,722.82745361328125,964.01138455693979
19.2653393,-448.17047119140625,109.86280059814453,898.95672607421875,1010.4700893926909
19.2821216,-378.41629028320313,34.877079010009766,997.48443603515625,1067.4223622935513
19.2934281,-395.85482788085938,61.906814575195313,932.96185302734375,1015.3577289072297
19.3112641,-548.44207763671875,84.576911926269531,689.6942138671875,885.22317818465547
19.3275245,-756.83258056640625,66.266448974609375,360.97775268554688,841.12527913528925
19.3397752,-800.428955078125,20.054319381713867,273.78506469726563,846.19557402801911
19.3571435,-637.37860107421875,-49.699836730957031,455.1458740234375,784.77979173712845
19.3688017,-289.47976684570313,-184.8485107421875,784.7342529296875,856.60688478307361
19.3861124,117.71013641357422,-356.61813354492188,1130.8892822265625,1191.6135019554267
19.4027362,415.90914916992188,-453.40200805664063,1229.4169921875,1374.7799612855877
19.4139995,464.737060546875,-443.81082153320313,1039.3369140625,1221.9532731200022
19.4308122,329.58837890625,-421.14071655273438,826.5867919921875,984.496687320245
19.4484143,210.1343994140625,-435.96347045898438,787.35003662109375,924.19732392979165
19.459742,343.53921508789063,-617.32427978515625,1143.09619140625,1343.7921571146856
19.476940499999998,878.03045654296875,-1085.549072265625,1831.046630859375,2302.6258999879424
19.4881468,1523.25634765625,-1533.719482421875,2708.205078125,3465.1089588377331
19.5047243,1980.1461181640625,-2020.2547607421875,3669.940673828125,4633.6672838044506
19.5223257,2008.0478515625,-2607.0615234375,4724.97216796875,5757.9847124868556
19.5336486,1313.1219482421875,-3138.065185546875,5770.41259765625,6698.4628017842015
19.5514492,564.13671875,-3602.80224609375,6186.32177734375,7181.1566891927459
19.568798299999997,1667.996337890625,-5153.08837890625,4639.5234375,7131.7395739852273
19.5803156,4630.80419921875,-6078.20263671875,-707.13275146484375,7673.9124019440706
19.5973184,5887.2509765625,-7059.12060546875,-6694.6552734375,11371.425460941742
19.6094169,4719.74072265625,-6381.63330078125,-10874.6728515625,13463.272473780304
19.625868999999998,3203.459716796875,-4399.74365234375,-13847.072265625,14878.215910952513
19.6423654,2307.11865234375,-1293.0677490234375,-16012.9384765625,16229.880447302523
19.6538356,3740.566650390625,1919.1112060546875,-15549.9453125,16108.24713955432
19.671897599999998,4690.09521484375,3686.50732421875,-13127.732421875,14419.593888739266
19.6832296,4346.55615234375,4084.10595703125,-10043.7265625,11681.135009749845
19.7006449,3398.771240234375,3130.2177734375,-5946.5419921875,7530.6886084499347
19.717831399999998,3753.6455078125,3133.70556640625,-2173.7138671875,5351.1678306375061
19.7295804,4091.081298828125,3307.218994140625,-830.074462890625,5325.7550903856727
19.7467227,3776.315673828125,3489.45166015625,-1444.782958984375,5340.8080620388164
19.7641354,2918.339599609375,3288.908447265625,-2431.80419921875,5024.6687907245523
19.7750605,1949.628662109375,2895.66943359375,-2712.564697265625,4420.8551916591086
19.7921548,1316.6097412109375,2537.307373046875,-2236.49267578125,3629.5026387637108
19.8032423,1109.9630126953125,2293.16796875,-1447.3988037109375,2930.1195401274176
19.8199824,1114.3226318359375,2034.20556640625,-759.4483642578125,2440.5878456211753
19.8370916,1152.6875,1745.5977783203125,-150.84336853027344,2097.2729431723046
19.848871799999998,1128.2734375,1327.94482421875,237.16413879394531,1758.6032055774567
19.867038,951.2723388671875,892.85321044921875,456.01779174804688,1382.048531888114
19.878479,610.348876953125,505.7176513671875,432.47576904296875,902.94594816721576
19.8956056,169.15382385253906,169.15382385253906,192.69586181640625,307.17702942934903
19.9129494,-217.98173522949219,-34.005149841308594,6.1034889221191406,220.70260462081708
19.9245485,-466.48092651367188,-163.05033874511719,49.699836730957031,496.64871039501855
19.9416269,-455.1458740234375,-169.15382385253906,215.365966796875,531.18102603429588
19.9582361,-319.9971923828125,-133.40483093261719,435.091552734375,556.32698236725162
19.9695805,-168.28190612792969,-187.46429443359375,529.2596435546875,586.15478494436036
19.9864864,-136.02059936523438,-251.11495971679688,462.99322509765625,543.9880999907765
19.998132299999998,-249.37110900878906,-303.43057250976563,334.8199462890625,516.10120981730722
20.014220599999998,-455.1458740234375,-347.02694702148438,351.38656616210938,671.60850759859306
20.031160399999997,-532.74737548828125,-331.33224487304688,496.99838256835938,800.38004401523517
20.0475477,-384.51980590820313,-325.228759765625,700.1573486328125,862.4671241032313
20.0583652,-148.22758483886719,-309.5340576171875,843.15338134765625,910.324323639718
20.075281399999998,-11.335050582885742,-306.04635620117188,797.81317138671875,854.57516460160775
20.0925193,-88.936553955078125,-338.30764770507813,590.2945556640625,686.15554910805815
20.1037315,-299.07095336914063,-378.41629028320313,337.43572998046875,588.64691944176514
20.1216542,-496.12643432617188,-422.01266479492188,207.51861572265625,683.59352246489277
20.138854,-561.52093505859375,-425.5003662109375,237.16413879394531,743.37282092136854
20.1502978,-445.5546875,-444.6827392578125,383.64785766601563,737.18884747314087
20.1675048,-310.406005859375,-497.87030029296875,506.58956909179688,775.15141482164222
20.1792616,-280.76046752929688,-529.2596435546875,565.0086669921875,823.51502973485117
20.1963814,-407.18988037109375,-543.21051025390625,534.4912109375,864.03825823650311
20.2131202,-624.2996826171875,-568.49639892578125,407.18988037109375,937.41231482423336
20.2240502,-745.49755859375,-612.09271240234375,274.656982421875,1002.9259974885437
20.2415432,-776.88690185546875,-624.2996826171875,200.54319763183594,1016.6223124183884
20.2529981,-730.6748046875,-632.14703369140625,267.68157958984375,1002.5711797481882
20.2703872,-672.25567626953125,-684.462646484375,415.0372314453125,1045.3098642004625
20.2873613,-676.61529541015625,-754.216796875,517.92462158203125,1137.935476339607
20.2982305,-836.177978515625,-800.428955078125,537.97894287109375,1276.4409374720931
20.3149184,-1032.361572265625,-817.86749267578125,491.76681518554688,1405.8848644125371
20.3325958,-1109.9630126953125,-802.17279052734375,412.42144775390625,1430.2414222716066
20.3441194,-1074.2139892578125,-745.49755859375,357.49005126953125,1355.5447028199098
20.360998,-1000.1002197265625,-757.70452880859375,388.00750732421875,1313.3417027621279
20.378021099999998,-1016.6668701171875,-792.58160400390625,462.99322509765625,1369.7298457307602
20.389622499999998,-1102.9876708984375,-793.45355224609375,537.10699462890625,1461.0387624581356
20.406440699999997,-1232.0328369140625,-813.50787353515625,585.9349365234375,1588.4016247086029
20.4235562,-1306.1466064453125,-818.73944091796875,599.01385498046875,1653.8351877082057
20.4348448,-1273.88525390625,-869.3111572265625,617.32427978515625,1661.196795870567
20.4516164,-1236.3924560546875,-870.18310546875,646.097900390625,1644.1798682994979
20.4679854,-1248.599365234375,-828.33062744140625,673.99957275390625,1642.9873484886018
20.4793009,-1299.171142578125,-817.86749267578125,675.743408203125,1677.3139381205581
20.4959816,-1366.3095703125,-858.84808349609375,724.5712890625,1769.0182094557802
20.5134746,-1430.8321533203125,-933.83380126953125,822.22711181640625,1896.1496889155912
20.525116699999998,-1552.030029296875,-922.49871826171875,892.85321044921875,2014.1966022320785
20.542196,-1665.3804931640625,-917.26715087890625,903.31634521484375,2104.9588196981872
20.553869799999998,-1757.8048095703125,-931.218017578125,863.20770263671875,2168.4492806385897
20.571784599999997,-1841.509765625,-944.296875,800.428955078125,2218.905432224291
20.5832442,-1905.160400390625,-943.42498779296875,769.03961181640625,2260.7761462275425
20.600305,-1990.6092529296875,-919.01104736328125,779.502685546875,2326.9574426275685
20.617597,-2060.363525390625,-883.26202392578125,823.97100830078125,2388.3420781349055
20.628870499999998,-2098.728271484375,-887.62164306640625,862.33575439453125,2436.4226833771854
20.646398899999998,-2112.678955078125,-854.4884033203125,848.38494873046875,2431.731856079386
20.6635755,-2094.36865234375,-823.97100830078125,828.33062744140625,2398.21598335051
20.6744664,-2077.802001953125,-813.50787353515625,823.09906005859375,2378.3499074554707
20.6914586,-2144.068359375,-796.94122314453125,854.4884033203125,2441.7810864672128
20.708688499999997,-2265.266357421875,-737.65020751953125,886.74969482421875,2542.0237056313663
20.719599199999998,-2303.631103515625,-670.5118408203125,902.44439697265625,2563.3392829261211
20.737035799999997,-2244.340087890625,-640.8663330078125,964.3511962890625,2525.4198297867079
20.748362699999998,-2109.19140625,-596.3980712890625,1123.913818359375,2463.242034136174
20.7657515,-1959.2198486328125,-538.85089111328125,1314.8658447265625,2420.2840510483175
20.782407,-1858.076416015625,-511.82113647460938,1431.7041015625,2400.8718162214568
20.793791199999998,-1851.972900390625,-472.58441162109375,1403.8023681640625,2371.4554051787586
20.8115077,-1945.26904296875,-380.16015625,1322.7132568359375,2382.8897905153135
20.8283932,-2076.929931640625,-274.656982421875,1221.5697021484375,2425.1406013146625
20.840198299999997,-2117.91064453125,-193.56777954101563,1255.5748291015625,2469.7129661093477
20.8570785,-1975.7864990234375,-176.12924194335938,1339.27978515625,2393.4126561291109
20.8681011,-1867.6676025390625,-138.63638305664063,1347.127197265625,2306.9794116753133
20.8846892,-1792.681884765625,-77.60150146484375,1318.353515625,2226.6087049944877
20.9023424,-1753.445068359375,-22.670101165771484,1313.1219482421875,2190.7470854016988
20.913680199999998,-1717.6961669921875,27.029735565185547,1298.2991943359375,2153.32104590043
20.9301554,-1674.9716796875,75.8576431274414,1262.55029296875,2098.8848829917974
20.9475412,-1640.0946044921875,129.04519653320313,1210.234619140625,2042.3591280181681
20.9583394,-1632.247314453125,190.080078125,1170.1259765625,2017.3141878908673
20.9759484,-1637.4788818359375,248.49919128417969,1125.65771484375,2002.546935159028
20.992631499999998,-1577.31591796875,274.656982421875,1091.652587890625,1937.7996118585093
21.004333199999998,-1470.9407958984375,282.50433349609375,1062.007080078125,1836.1194301075477
21.0220584,-1384.6199951171875,279.8885498046875,1031.4896240234375,1749.1372089284773
21.0330223,-1323.5850830078125,334.8199462890625,972.19854736328125,1676.0524705059454
21.050862,-1372.4130859375,456.88973999023438,841.4095458984375,1673.3905512132696
21.0680786,-1419.4970703125,533.61932373046875,694.05389404296875,1667.7626699025679
21.0791935,-1394.211181640625,496.99838256835938,691.4381103515625,1633.6826104644233
21.0968816,-1222.441650390625,456.01779174804688,773.39923095703125,1516.7274591848884
21.1091294,-1007.9475708007813,411.54953002929688,826.5867919921875,1366.9590505375306
21.127005399999998,-828.33062744140625,410.6776123046875,858.84808349609375,1261.9063991162998
21.1380886,-697.54156494140625,428.11614990234375,847.51300048828125,1178.1875736166808
21.155250799999997,-619.068115234375,405.446044921875,812.63592529296875,1099.0946154537341
21.1726882,-565.880615234375,371.44088745117188,800.428955078125,1048.2727296348064
21.1847088,-535.3631591796875,353.13043212890625,772.52728271484375,1004.0484135942767
21.2023625,-521.412353515625,305.1744384765625,728.05902099609375,946.0825642363244
21.213619599999998,-512.69305419921875,272.04119873046875,644.35400390625,867.2097001192094
21.231164099999997,-470.84054565429688,205.77476501464844,578.08758544921875,773.44639749589476
21.2430424,-418.52493286132813,141.25216674804688,492.63873291015625,661.67077553789659
21.2601648,-341.79537963867188,79.345352172851563,394.98291015625,528.328747816431
21.2766023,-256.34652709960938,29.645517349243164,296.45516967773438,393.036978264882
21.2880868,-149.09951782226563,-53.187545776367188,190.95201110839844,248.03679522781934
21.3056469,-53.187545776367188,-139.50831604003906,98.527748107910156,178.88320887455134
21.323742499999998,21.798173904418945,-232.80450439453125,-59.291034698486328,241.222976616175
21.335218299999998,57.54718017578125,-353.13043212890625,-253.73074340820313,438.62520469326807
21.3524952,173.51347351074219,-454.27395629882813,-355.7462158203125,602.517321685962
21.364190699999998,402.83026123046875,-628.65936279296875,-278.14471435546875,796.77430676080064
21.381541499999997,726.315185546875,-939.06536865234375,2.6157808303833008,1187.1749482142498
21.3984535,1090.7806396484375,-1287.836181640625,408.06182861328125,1736.3291423419046
21.409523999999998,1286.09228515625,-1564.2369384765625,793.45355224609375,2174.9572651445128
21.4265775,1390.7235107421875,-1816.223876953125,1192.796142578125,2579.8340435568662
21.4389102,1396.8270263671875,-2109.19140625,1593.8824462890625,2990.029328012864
21.4562126,1393.3392333984375,-2450.11474609375,2050.772216796875,3485.7026800258445
21.4733418,1470.06884765625,-2775.343505859375,2607.93359375,4082.2728499911627
21.4850182,1844.9974365234375,-3440.623779296875,3163.35107421875,5024.8082102904273
21.5020971,2660.249267578125,-5208.8916015625,3264.49462890625,6698.2388031956616
21.5135422,3938.494140625,-6802.7744140625,1258.1905517578125,7960.6858554331529
21.5311764,5457.39111328125,-6249.97265625,-4623.82861328125,9498.68764683797
21.5480458,6406.04736328125,-5930.84716796875,-10705.51953125,13813.780778062928
21.5598282,4854.88916015625,-4568.8974609375,-14063.3095703125,15563.465193728771
21.577883,2429.1884765625,-1214.59423828125,-16197.787109375,16423.900360723241
21.5895384,933.83380126953125,4710.1494140625,-16763.66796875,17437.835784227398
21.606652099999998,3314.1943359375,6669.369140625,-14167.94140625,16006.090482101321
21.6183577,5505.3466796875,5100.77294921875,-8473.38671875,11319.231830319442
21.635752099999998,5459.134765625,3997.78515625,-2932.290283203125,7374.4670892041968
21.652939699999997,4987.42236328125,4716.2529296875,-139.50831604003906,6865.6307865183217
21.6645149,4575.0009765625,4026.558837890625,-533.61932373046875,6117.8884913997481
21.6814677,3252.28759765625,3306.34716796875,-1868.5394287109375,5000.0745804088792
21.698037,1557.2615966796875,2635.835205078125,-2288.808349609375,3822.4775434349121
21.7097835,1080.3175048828125,1763.036376953125,-1519.7686767578125,2566.1410734155711
21.727400799999998,828.33062744140625,1212.8504638671875,-900.7005615234375,1722.9043437141138
21.7385388,521.412353515625,1184.94873046875,-369.697021484375,1346.34699239558
21.7558363,464.737060546875,1007.9475708007813,211.87825012207031,1129.9695720698571
21.7728566,404.5740966796875,652.20135498046875,782.99041748046875,1096.4126964828451
21.7837396,64.522598266601563,131.66096496582031,1009.69140625,1020.281584288331
21.801266,-514.4368896484375,-295.583251953125,684.462646484375,905.81669597040309
21.8129734,-1047.184326171875,-529.2596435546875,204.03091430664063,1190.9405515257604
21.8303628,-1176.2294921875,-577.21563720703125,-74.9857177734375,1312.3705909528683
21.8475109,-997.48443603515625,-469.09671020507813,-103.75930786132813,1107.1553267836734
21.8586769,-626.91546630859375,-380.16015625,128.17326354980469,744.29371338602186
21.8753529,-279.01663208007813,-344.41116333007813,432.47576904296875,619.27749935953159
21.8929169,-184.8485107421875,-276.40084838867188,564.13671875,654.84092599317489
21.9045243,-267.68157958984375,-278.14471435546875,547.57012939453125,669.96339958294948
21.9222772,-264.19387817382813,-279.01663208007813,380.16015625,540.52791846662433
21.9337241,-204.90283203125,-234.54835510253906,175.25732421875,357.36988002355412
21.9506432,-195.3116455078125,-206.64669799804688,63.650669097900391,291.37759752780551
21.968718,-180.48887634277344,-148.22758483886719,53.187545776367188,239.53406107765485
21.980201599999997,-41.852493286132813,-170.0257568359375,115.0943603515625,209.54021324470025
21.9975889,16.566612243652344,-129.9171142578125,140.38023376464844,191.98833102594122
22.009482,-9.59119701385498,-100.27159881591797,129.9171142578125,164.39233913518137
22.026579299999998,-40.108638763427734,-105.50316619873047,103.75930786132813,153.31541001893433
22.0436762,-45.340202331542969,-149.971435546875,53.187545776367188,165.45718616357794
22.0551835,-103.75930786132813,-184.8485107421875,27.901662826538086,213.80708285730921
22.0721152,-145.61180114746094,-228.44486999511719,42.724422454833984,274.25395445570666
22.0838267,-187.46429443359375,-208.39054870605469,101.14352416992188,297.99244111052087
22.1007811,-237.16413879394531,-197.05549621582031,182.23274230957031,358.17100620849141
22.1182543,-231.93257141113281,-253.73074340820313,246.75532531738281,423.15505243863868
22.1296957,-267.68157958984375,-315.6375732421875,256.34652709960938,486.82034432628421
22.1472961,-313.02178955078125,-362.72161865234375,199.67127990722656,519.05513521314856
22.1586419,-357.49005126953125,-397.59869384765625,169.15382385253906,560.80020883554437
22.1762919,-374.9285888671875,-431.60385131835938,183.10466003417969,600.31712265186434
22.1930081,-382.77593994140625,-476.94406127929688,293.83938598632813,678.4796552177811
22.2046034,-461.24935913085938,-511.82113647460938,377.54437255859375,785.65361342734968
22.221787799999998,-599.8857421875,-571.1121826171875,434.21963500976563,935.18913607977163
22.2335137,-725.4432373046875,-602.50152587890625,462.12127685546875,1050.1581089340996
22.250621499999998,-812.63592529296875,-585.9349365234375,482.17559814453125,1111.840907846766
22.267671,-894.5970458984375,-586.80682373046875,514.4368896484375,1187.1358120863895
22.2795253,-955.6319580078125,-633.01898193359375,547.57012939453125,1270.3458258518556
22.2959967,-1029.7457275390625,-666.1522216796875,570.240234375,1352.5194899644853
22.3137938,-1129.1453857421875,-679.2310791015625,606.86114501953125,1450.7255461646641
22.3254464,-1229.4169921875,-738.52215576171875,672.25567626953125,1583.9219707759914
22.342852099999998,-1305.274658203125,-790.8377685546875,751.60101318359375,1701.1967530354761
22.3537912,-1385.491943359375,-818.73944091796875,837.04986572265625,1813.9941220783276
22.3713104,-1452.63037109375,-831.81829833984375,901.572509765625,1901.2863190067
22.3887438,-1439.5513916015625,-860.5919189453125,957.37579345703125,1931.1900657142608
22.4003941,-1431.7041015625,-858.84808349609375,992.25286865234375,1942.1540670875222
22.417267,-1523.25634765625,-881.5181884765625,1025.3861083984375,2036.8605471623605
22.4286219,-1627.0157470703125,-930.3460693359375,1062.007080078125,2154.2012645246641
22.445479499999998,-1754.3170166015625,-995.7406005859375,1083.80517578125,2289.9260244477937
22.4629345,-1914.7515869140625,-1038.4649658203125,1136.120849609375,2456.7160417401178
22.4742936,-2082.16162109375,-1052.4158935546875,1209.3626708984375,2627.8383319993009
22.4907914,-2193.768310546875,-1032.361572265625,1246.8555908203125,2726.3599690081855
22.5077042,-2268.75390625,-996.612548828125,1241.6240234375,2771.6621502599214
22.5191868,-2310.6064453125,-987.02130126953125,1223.3134765625,2794.5677762793471
22.536289099999998,-2323.685302734375,-1023.6422729492188,1221.5697021484375,2817.727706205731
22.5531322,-2324.557373046875,-1025.3861083984375,1218.0819091796875,2817.5711507172118
22.5642547,-2365.537841796875,-933.83380126953125,1253.8309326171875,2835.472951194246
22.5817355,-2445.755126953125,-728.05902099609375,1297.4273681640625,2862.7095302758912
22.5931122,-2455.346435546875,-616.452392578125,1285.2203369140625,2839.1074275704214
22.6107983,-2436.163818359375,-519.66845703125,1286.09228515625,2803.3877400486354
22.629097899999998,-2382.1044921875,-466.48092651367188,1298.2991943359375,2752.7453686300637
22.6407603,-2294.039794921875,-371.44088745117188,1351.48681640625,2688.327273319901
22.658184499999997,-2248.69970703125,-238.03605651855469,1330.560546875,2623.6811745152331
22.6693753,-2257.4189453125,-170.0257568359375,1305.274658203125,2613.1572830564023
22.686201699999998,-2265.266357421875,-111.60665130615234,1351.48681640625,2640.1523307572697
22.7031726,-2223.413818359375,-51.443691253662109,1435.1917724609375,2646.88323973325
22.7145458,-2171.969970703125,24.413955688476563,1504.073974609375,2642.0234889125672
22.7317528,-2091.752685546875,94.1681137084961,1530.2318115234375,2593.4352369261665
22.743135499999998,-2025.486328125,130.78904724121094,1469.1968994140625,2505.6416682254176
22.760711699999998,-1907.7762451171875,93.296188354492188,1435.1917724609375,2389.1608995491447
22.7782524,-1865.0517578125,172.64154052734375,1401.1866455078125,2339.1338517461086
22.7896952,-1856.33251953125,302.55865478515625,1331.4324951171875,2304.3924691138491
22.806843699999998,-1862.43603515625,373.18475341796875,1267.7818603515625,2283.6824846437457
22.818393099999998,-1794.4256591796875,391.49520874023438,1256.44677734375,2225.2843524112845
22.8350977,-1629.6314697265625,368.82510375976563,1285.2203369140625,2107.9663182091062
22.8521251,-1436.9356689453125,385.3917236328125,1256.44677734375,1947.2979745353502
22.8639346,-1306.1466064453125,432.47576904296875,1143.09619140625,1788.776998718786
22.881304399999998,-1251.2152099609375,485.663330078125,1004.4598388671875,1676.4092399283843
22.898007699999997,-1230.2889404296875,544.954345703125,932.08990478515625,1636.8804801960116
22.9095843,-1232.90478515625,553.67364501953125,906.80401611328125,1627.5448497935683
22.9266914,-1225.057373046875,556.2894287109375,869.3111572265625,1601.8506122078416
22.9385951,-1206.7469482421875,559.777099609375,854.4884033203125,1581.0563018905475
22.9555529,-1164.8944091796875,544.0823974609375,807.40435791015625,1518.19183140249
22.9732096,-1109.9630126953125,524.9000244140625,771.65533447265625,1450.1689144377785
22.9851305,-1021.8983764648438,492.63873291015625,740.2659912109375,1354.6080432096658
23.001265699999998,-905.0601806640625,428.98806762695313,758.57647705078125,1256.4246751495878
23.0179755,-743.75372314453125,408.93374633789063,797.81317138671875,1164.86147932852
23.029460399999998,-602.50152587890625,427.24420166015625,794.325439453125,1084.6652019406886
23.045652699999998,-481.30368041992188,411.54953002929688,728.05902099609375,964.93325494921555
23.0630459,-387.13555908203125,349.6427001953125,626.0435791015625,814.895405460063
23.0753248,-316.50949096679688,312.14984130859375,565.0086669921875,718.92320527114009
23.0920894,-213.62210083007813,251.11495971679688,588.55072021484375,674.59993716426914
23.1031689,-81.0892105102539,143.86795043945313,682.71881103515625,702.40901344308122
23.1200852,40.108638763427734,83.704986572265625,753.34490966796875,759.04135631937629
23.137191299999998,115.0943603515625,45.340202331542969,702.77313232421875,713.577270692526
23.1489716,111.60665130615234,71.498008728027344,506.58956909179688,523.64205463318035
23.1662039,0,127.30133819580078,226.70100402832031,259.998030634638
23.1832939,-136.89253234863281,213.62210083007813,-54.059471130371094,259.41548487854953
23.195210499999998,-149.971435546875,260.7061767578125,-190.95201110839844,356.26087720378189
23.212766499999997,20.926246643066406,217.98173522949219,-115.0943603515625,247.38766435892111
23.2247001,367.08123779296875,144.73988342285156,164.794189453125,427.61594202086428
23.2424709,795.1973876953125,-13.950831413269043,456.01779174804688,916.78009221695891
23.253536399999998,1061.1351318359375,-152.58721923828125,578.08758544921875,1217.9802477634239
23.2708112,1128.2734375,-305.1744384765625,677.48724365234375,1350.9705226166861
23.2883764,995.7406005859375,-541.4666748046875,991.3809814453125,1505.8292579010276
23.3000293,807.40435791015625,-824.8428955078125,1527.6160888671875,1914.648404905691
23.317385299999998,877.15850830078125,-1340.1517333984375,2143.196533203125,2675.5756571529018
23.3290273,1437.8076171875,-2267.010009765625,2743.082275390625,3838.114836476645
23.346728,2185.049072265625,-3838.222412109375,3363.022216796875,5551.2439293996931
23.358852199999998,3724,-6852.47412109375,3475.5009765625,8538.3654535482638
23.3765915,5064.15185546875,-9793.4833984375,978.30206298828125,11068.650596037696
23.3933844,5195.81298828125,-8949.4580078125,-7789.79541015625,12952.613009539149
23.405047,5851.501953125,-8046.14208984375,-16403.5625,19184.820570669592
23.4215505,3902.7451171875,-4556.6904296875,-21383.13671875,22208.858211409497
23.433753499999998,-962.60736083984375,4707.53369140625,-20075.24609375,20642.262281821066
23.4513028,2117.03857421875,11199.0302734375,-13488.7099609375,17659.145726801009
23.4631014,8028.70361328125,7147.185546875,-8143.7978515625,13485.688206335199
23.4796017,5447.7998046875,4714.50927734375,-2831.14697265625,7740.8341681561751
23.496403599999997,2446.626953125,4957.77685546875,343.53921508789063,5539.2737780942489
23.508795,2548.642578125,3992.553466796875,686.20654296875,4786.1196804798474
23.526195299999998,2978.50244140625,3376.97314453125,-281.63241577148438,4511.6229042287605
23.5436761,2628.85986328125,2641.938720703125,-899.82861328125,3834.1147502391259
23.5550078,1831.046630859375,1572.956298828125,-770.783447265625,2533.9752179102347
23.5726938,810.89208984375,1115.194580078125,-333.07611083984375,1418.5008383568145
23.583992199999997,170.0257568359375,679.2310791015625,-54.059471130371094,702.27205784083549
23.6003254,-4.3596348762512207,465.6090087890625,302.55865478515625,555.29496222025182
23.617241699999997,43.596347808837891,428.11614990234375,788.22198486328125,898.04118879441489
23.6298154,10.463123321533203,125.55747985839844,1091.652587890625,1098.8992357565514
23.6467238,-459.50552368164063,-377.54437255859375,864.07965087890625,1048.9607822066625
23.6581013,-1166.6383056640625,-786.4781494140625,156.07492065429688,1415.6101852578372
23.674976299999997,-1494.4827880859375,-817.86749267578125,-460.37744140625,1764.7474119591877
23.692166099999998,-1226.80126953125,-646.097900390625,-524.028076171875,1482.2581679414207
23.7037969,-527.51580810546875,-497.87030029296875,-204.03091430664063,753.5093746648281
23.721190699999998,-20.054319381713867,-389.7513427734375,143.86795043945313,415.94022657493741
23.738507,122.06977844238281,-249.37110900878906,224.08523559570313,356.79290019453521
23.7495597,33.133224487304688,-191.82392883300781,130.78904724121094,234.52079889877717
23.7671733,-118.58206939697266,-193.56777954101563,-6.9754157066345215,227.10977276019636
23.7788152,-137.76446533203125,-211.00633239746094,-30.517444610595703,253.83859959747846
23.7953182,-65.394523620605469,-235.42027282714844,108.99086761474609,267.54094602694005
23.813069499999997,41.852493286132813,-212.75018310546875,365.33740234375,424.83607327645251
23.8249852,130.78904724121094,-207.51861572265625,586.80682373046875,636.0125778051505
23.8421882,95.0400390625,-181.36080932617188,636.5067138671875,668.62930610499814
23.8541408,47.084056854248047,-211.00633239746094,542.33856201171875,583.84218464121
23.8720599,48.827911376953125,-196.18356323242188,319.9971923828125,378.51071126837081
23.8838713,-61.034889221191406,-122.94170379638672,16.566612243652344,138.25473907187822
23.902036799999998,-235.42027282714844,-135.148681640625,-195.3116455078125,334.41667105301048
23.9139199,-463.86514282226563,-126.42941284179688,-333.94802856445313,585.38581545774343
23.9308041,-544.0823974609375,-177.00117492675781,-359.23391723632813,675.57684865990734
23.947105,-463.86514282226563,-199.67127990722656,-208.39054870605469,546.3205208806653
23.959041199999998,-345.2830810546875,-193.56777954101563,-28.773590087890625,396.88387574403055
23.976599399999998,-225.82908630371094,-204.90283203125,108.11894226074219,323.53307786187378
23.9937306,-227.57293701171875,-126.42941284179688,217.10981750488281,338.98452906978622
24.0055078,-271.16928100585938,-166.53805541992188,283.37625122070313,426.11008274879242
24.021875599999998,-229.31678771972656,-369.697021484375,321.74105834960938,541.09092161340072
24.0334492,-269.42544555664063,-448.17047119140625,322.61297607421875,614.43142358833325
24.050564599999998,-347.89886474609375,-507.46148681640625,340.92343139648438,703.40569145315555
24.067283099999997,-359.23391723632813,-558.03326416015625,389.7513427734375,769.64682835433894
24.078383799999997,-303.43057250976563,-537.97894287109375,469.09671020507813,775.5921472214186
24.0948493,-216.23788452148438,-503.97378540039063,520.5404052734375,756.11554182899874
24.111968599999997,-175.25732421875,-514.4368896484375,499.6141357421875,738.22403629039854
24.129647499999997,-237.16413879394531,-580.703369140625,385.3917236328125,736.19970952576239
24.141454799999998,-391.49520874023438,-601.62957763671875,213.62210083007813,748.906569017092
24.153420099999998,-542.33856201171875,-623.42779541015625,81.961135864257813,830.367966462499
24.170380599999998,-644.35400390625,-624.2996826171875,56.675251007080078,898.97400415287439
24.1876312,-624.2996826171875,-609.4769287109375,145.61180114746094,884.5422641006171
24.1989752,-521.412353515625,-659.1767578125,279.01663208007813,885.57050618017536
24.2164772,-501.35800170898438,-687.95037841796875,333.94802856445313,914.416127824273
24.2338286,-605.9892578125,-667.89605712890625,262.45001220703125,939.24870647765852
24.2458334,-677.48724365234375,-614.70849609375,213.62210083007813,939.40933700094024
24.26337,-667.89605712890625,-585.06298828125,237.16413879394531,919.03790570073829
24.274668,-585.9349365234375,-588.55072021484375,313.89370727539063,887.8293527312693
24.2921229,-657.43292236328125,-648.71368408203125,415.90914916992188,1012.9303587540725
24.304215,-885.8778076171875,-683.59075927734375,442.93890380859375,1203.4411862260527
24.321228299999998,-1144.840087890625,-700.1573486328125,453.40200805664063,1416.4930358444187
24.338589,-1259.0625,-730.6748046875,476.94406127929688,1531.8615102877141
24.3497892,-1223.3134765625,-755.0887451171875,537.10699462890625,1534.6461476905272
24.3666308,-1203.2591552734375,-775.14306640625,633.89093017578125,1565.4063624203613
24.383667,-1335.7921142578125,-756.83258056640625,728.05902099609375,1699.1780558770035
24.394605799999997,-1541.56689453125,-780.3746337890625,797.81317138671875,1903.1339721139627
24.4120581,-1674.9716796875,-876.28662109375,897.21282958984375,2092.4624803431198
24.4240145,-1702.00146484375,-951.2723388671875,986.1494140625,2184.9985619857812
24.441030599999998,-1621.7841796875,-900.7005615234375,1062.8790283203125,2138.0264862382842
24.4587105,-1524.1282958984375,-813.50787353515625,1146.583984375,2073.5035461477314
24.470484799999998,-1552.030029296875,-692.30999755859375,1180.589111328125,2069.27064308789
24.4875641,-1704.6171875,-578.95953369140625,1142.224365234375,2132.0390235893083
24.4983485,-1840.6378173828125,-484.7913818359375,1156.1751708984375,2227.0409256419589
24.5149343,-1922.5989990234375,-347.89886474609375,1303.53076171875,2348.7471081162844
24.532075199999998,-2005.4320068359375,-191.82392883300781,1318.353515625,2407.6149912051437
24.543070099999998,-2091.752685546875,-63.650669097900391,1178.84521484375,2401.9068978062369
24.5601749,-2164.122802734375,-86.320770263671875,978.30206298828125,2376.5423848820637
24.5774585,-2140.580810546875,-245.011474609375,885.8778076171875,2329.5699858987732
24.5887992,-2135.34912109375,-215.365966796875,825.71484375,2299.54416609016
24.6060791,-2148.427978515625,-149.09951782226563,776.0150146484375,2289.14236080751
24.6231787,-2113.551025390625,-134.27674865722656,729.8028564453125,2240.0313371547854
24.6345566,-2036.8214111328125,-70.626083374023438,711.492431640625,2158.6687992333855
24.6520519,-1952.2445068359375,11.335050582885742,706.2608642578125,2076.1000713416975
24.663465799999997,-1919.983154296875,-10.463123321533203,676.61529541015625,2035.7438561165775
24.6806283,-1937.4217529296875,33.133224487304688,643.48211669921875,2041.7566196297187
24.6975105,-1973.1707763671875,95.9119644165039,660.0487060546875,2082.850525599998
24.709089799999997,-1944.3970947265625,108.11894226074219,724.5712890625,2077.8289921430905
24.7265035,-1848.485107421875,108.99086761474609,794.325439453125,2014.876945460014
24.7381888,-1753.445068359375,95.9119644165039,871.92694091796875,1960.6186021178655
24.7550696,-1681.9471435546875,134.27674865722656,912.90753173828125,1918.4307650906271
24.772595799999998,-1653.173583984375,238.90798950195313,864.07965087890625,1880.6098929056554
24.7841147,-1619.1683349609375,303.43057250976563,755.960693359375,1812.5266285431962
24.800896299999998,-1524.1282958984375,325.228759765625,658.30487060546875,1691.776022764197
24.8174906,-1349.742919921875,310.406005859375,639.1224365234375,1525.3312188572208
24.8294249,-1154.4312744140625,291.22360229492188,720.211669921875,1391.4839572810615
24.8465594,-1006.2037353515625,276.40084838867188,774.2711181640625,1299.3610546912826
24.863324,-969.582763671875,313.02178955078125,724.5712890625,1250.2307504124419
24.8748231,-957.37579345703125,354.874267578125,583.31915283203125,1175.9104514151022
24.8913017,-992.25286865234375,328.71646118164063,453.40200805664063,1139.3830120334339
24.9080566,-1015.794921875,311.27792358398438,370.5689697265625,1125.1909306166665
24.9192227,-1021.8983764648438,368.82510375976563,341.79537963867188,1138.9171745685589
24.935959999999998,-1012.3071899414063,387.13555908203125,383.64785766601563,1149.7066872052831
24.9518587,-867.56732177734375,316.50949096679688,469.09671020507813,1035.810329748261
24.9633701,-629.53125,192.69586181640625,543.21051025390625,853.53321454881836
24.9811761,-400.2144775390625,88.936553955078125,560.6490478515625,694.55647251906942
24.9986793,-319.12527465820313,40.980567932128906,521.412353515625,612.69175796024592
25.009742799999998,-338.30764770507813,57.54718017578125,415.90914916992188,539.20697584988216
25.0270692,-388.00750732421875,97.65582275390625,313.02178955078125,508.00504543879248
25.038536699999998,-402.83026123046875,73.241867065429688,260.7061767578125,485.39087450622054
25.055499599999997,-388.87942504882813,16.566612243652344,241.52377319335938,458.07793320034091
25.072287199999998,-269.42544555664063,-40.108638763427734,249.37110900878906,369.30302412128009
25.0842301,-89.808479309082031,-82.833061218261719,245.88340759277344,274.56425316495967
25.1014627,63.650669097900391,-105.50316619873047,217.98173522949219,250.39641101307302
25.113632499999998,185.72044372558594,-84.576911926269531,166.53805541992188,263.40133096030752
25.130595,312.14984130859375,-69.754158020019531,128.17326354980469,344.57444983496646
25.1484125,470.84054565429688,-97.65582275390625,148.22758483886719,503.18872807023604
25.160147199999997,666.1522216796875,-168.28190612792969,207.51861572265625,717.73362625021286
25.177084299999997,876.28662109375,-222.34136962890625,223.21330261230469,931.2025050543258
25.188607899999997,961.73541259765625,-261.57809448242188,254.60267639160156,1028.6790686036172
25.2060432,1019.2825927734375,-346.15499877929688,319.9971923828125,1123.0131300406595
25.222745399999997,1104.7314453125,-424.62841796875,353.13043212890625,1235.0878356232145
25.234279299999997,1197.15576171875,-569.3682861328125,428.11614990234375,1393.0705656489274
25.2507844,1343.639404296875,-792.58160400390625,645.2259521484375,1688.1554955366296
25.268740599999997,1568.5965576171875,-1194.5399169921875,1131.76123046875,2273.3904760617634
25.279984199999998,1715.9522705078125,-1762.1644287109375,1852.8448486328125,3079.4073620715094
25.2972808,1797.04150390625,-2478.888427734375,2758.77685546875,4121.2978225538473
25.3088338,1899.9288330078125,-3435.392333984375,3757.13330078125,5433.9397032661718
25.3256321,2900.901123046875,-5487.908203125,4363.12255859375,7587.4371320578966
25.3423281,5154.83203125,-7587.50830078125,3417.081787109375,9788.7191922447128
25.3536999,8497.7998046875,-6603.10302734375,-3698.714111328125,11379.545561559165
25.372005899999998,9202.3173828125,-6045.94140625,-12623.7587890625,16750.980230012035
25.383405999999997,5755.58984375,-2859.92041015625,-18677.546875,19752.385083066012
25.4012578,190.95201110839844,4790.36669921875,-20764.94140625,21311.191130214331
25.4181983,3342.968017578125,7103.5888671875,-14596.0576171875,16573.512238654715
25.429770599999998,7192.525390625,5411.1787109375,-5249.00048828125,10419.466524849789
25.4469657,6005.8330078125,5235.92138671875,-602.50152587890625,7990.4887819403984
25.458902,3520.841064453125,4580.232421875,-701.029296875,5819.4753126558926
25.475530499999998,1857.2044677734375,4091.081298828125,-618.19622802734375,4535.2311082331926
25.4931219,1586.03515625,3104.06005859375,170.89768981933594,3489.9716882237858
25.504330099999997,1462.2215576171875,2089.136962890625,793.45355224609375,2670.6092325250888
25.521381599999998,796.94122314453125,1493.61083984375,789.09393310546875,1867.7949269953892
25.538914499999997,-186.59237670898438,877.15850830078125,472.58441162109375,1013.6862383586031
25.5503483,-754.216796875,459.50552368164063,417.65301513671875,976.94541507451481
25.5676031,-1005.331787109375,304.30252075195313,524.9000244140625,1174.2282835711317
25.578630099999998,-922.49871826171875,220.59751892089844,690.566162109375,1173.2641538882203
25.595596999999998,-670.5118408203125,44.468276977539063,716.72393798828125,982.47481373469566
25.6125634,-436.83541870117188,-205.77476501464844,542.33856201171875,726.1539456572558
25.6244133,-417.65301513671875,-291.22360229492188,229.31678771972656,558.4186751143958
25.641623799999998,-435.091552734375,-323.48489379882813,-83.704986572265625,548.59243574252071
25.659340699999998,-294.7113037109375,-370.5689697265625,-193.56777954101563,511.51207134890342
25.6712433,-153.45915222167969,-366.20932006835938,-110.73472595214844,412.21494033722763
25.683008599999997,-117.71013641357422,-309.5340576171875,28.773590087890625,332.40777446685655
25.700092299999998,-139.50831604003906,-346.15499877929688,157.81878662109375,405.2068889280842
25.716897099999997,-252.85882568359375,-378.41629028320313,253.73074340820313,521.07174614276187
25.728470299999998,-326.97262573242188,-436.83541870117188,304.30252075195313,624.76900142866839
25.7464954,-320.86911010742188,-484.7913818359375,380.16015625,694.62321738014987
25.7583459,-283.37625122070313,-445.5546875,459.50552368164063,699.97600359088062
25.775731699999998,-239.77992248535156,-384.51980590820313,494.38259887695313,670.64450078644029
25.793019299999997,-211.00633239746094,-379.28823852539063,497.87030029296875,660.49835435777754
25.804150699999997,-217.98173522949219,-396.72677612304688,496.12643432617188,671.60227115745215
25.8224917,-319.9971923828125,-380.16015625,421.14071655273438,651.36736997754019
25.8338629,-495.2545166015625,-368.82510375976563,315.6375732421875,693.49554506129778
25.851525,-649.5855712890625,-389.7513427734375,230.188720703125,791.74135344794047
25.8680596,-605.9892578125,-414.16531372070313,255.47459411621094,777.18926646754187
25.8802919,-447.29852294921875,-399.34255981445313,371.44088745117188,705.35011276828118
25.8979523,-263.32192993164063,-396.72677612304688,538.85089111328125,719.09029789692431
25.909727,-158.69070434570313,-388.87942504882813,658.30487060546875,780.88107259359629
25.9271437,-232.80450439453125,-401.08639526367188,693.18194580078125,834.00805974291814
25.938833199999998,-477.81597900390625,-455.1458740234375,571.98406982421875,873.28784061424847
25.9552043,-772.52728271484375,-463.86514282226563,401.08639526367188,986.32629982673961
25.972141399999998,-875.4146728515625,-461.24935913085938,334.8199462890625,1044.6081644212088
25.9839852,-756.83258056640625,-547.57012939453125,426.37228393554688,1026.8504886887692
26.0010722,-573.72796630859375,-637.37860107421875,598.14190673828125,1045.556789958551
26.0179011,-582.44720458984375,-617.32427978515625,679.2310791015625,1087.0551372236177
26.0291657,-789.9658203125,-591.16650390625,628.65936279296875,1169.9300949330268
26.0455379,-995.7406005859375,-538.85089111328125,503.10186767578125,1238.9395125540552
26.062358099999997,-1103.8594970703125,-516.1807861328125,422.01266479492188,1289.590276984253
26.0743121,-1024.51416015625,-535.3631591796875,444.6827392578125,1238.5417696474162
26.091187599999998,-873.67083740234375,-481.30368041992188,604.245361328125,1166.2188566472553
26.1080012,-768.16766357421875,-416.78109741210938,768.16766357421875,1163.5590238067816
26.119806,-771.65533447265625,-372.31280517578125,819.611328125,1185.6776582650077
26.136919499999998,-851.87261962890625,-346.15499877929688,803.04473876953125,1220.8157501108572
26.1488056,-882.39007568359375,-267.68157958984375,731.5467529296875,1177.041343980143
26.166444,-884.13397216796875,-219.72560119628906,697.54156494140625,1147.4042249283759
26.1830592,-912.03558349609375,-183.97659301757813,700.1573486328125,1164.4211459716564
26.194488999999997,-965.22314453125,-222.34136962890625,732.41864013671875,1231.8800541477131
26.2116673,-1028.0018310546875,-292.09552001953125,770.783447265625,1317.6549927981721
26.223227899999998,-1098.6279296875,-342.66729736328125,771.65533447265625,1385.5887412186219
26.2397024,-1167.51025390625,-352.25848388671875,748.11334228515625,1430.678092846701
26.2566454,-1218.953857421875,-322.61297607421875,735.034423828125,1459.5215801993052
26.273788699999997,-1305.274658203125,-290.3516845703125,701.90118408203125,1510.2024057376748
26.2856119,-1416.0093994140625,-269.42544555664063,616.452392578125,1567.7009415885618
26.302039699999998,-1510.177490234375,-253.73074340820313,586.80682373046875,1639.9260930108151
26.313557199999998,-1552.030029296875,-255.47459411621094,555.41748046875,1668.0986354794356
26.3307856,-1506.6898193359375,-242.39569091796875,586.80682373046875,1634.9960645343465
26.3479752,-1462.2215576171875,-220.59751892089844,637.37860107421875,1610.281537502625
26.359250199999998,-1572.956298828125,-238.03605651855469,588.55072021484375,1696.2442726480726
26.3760577,-1772.6275634765625,-194.43971252441406,428.98806762695313,1834.1335945807596
26.3932176,-1872.0272216796875,-134.27674865722656,320.86911010742188,1904.06752762628
26.404422699999998,-1811.8642578125,-76.729576110839844,264.19387817382813,1832.6314200769118
26.422002,-1679.331298828125,-68.010299682617188,271.16928100585938,1702.4428892177004
26.4341542,-1555.5177001953125,-93.296188354492188,354.00234985351563,1598.016632605619
26.4515216,-1465.709228515625,-81.961135864257813,473.45632934570313,1542.4597453890117
26.4681666,-1479.6600341796875,-40.108638763427734,456.88973999023438,1549.1128926454758
26.479727699999998,-1559.8773193359375,7.8473424911499023,341.79537963867188,1596.9041654730529
26.4970644,-1627.0157470703125,84.576911926269531,177.00117492675781,1638.7992284508812
26.5086695,-1584.291259765625,116.83821105957031,134.27674865722656,1594.2585137183075
26.5261492,-1391.595458984375,108.11894226074219,204.03091430664063,1410.622643067351
26.543338199999997,-1210.234619140625,134.27674865722656,306.04635620117188,1255.5327358298644
26.554770299999998,-1175.3575439453125,137.76446533203125,315.6375732421875,1224.7740533092604
26.5720606,-1295.6834716796875,129.04519653320313,255.47459411621094,1326.9195867764795
26.5837796,-1440.42333984375,147.35565185546875,163.05033874511719,1457.0924813014685
26.6011475,-1431.7041015625,201.41513061523438,106.37509155273438,1449.7104363887604
26.6182432,-1293.0677490234375,238.90798950195313,92.42425537109375,1318.1970543106618
26.6297522,-1160.5347900390625,258.96231079101563,182.23274230957031,1202.9593715794811
26.646813599999998,-1105.6033935546875,245.88340759277344,315.6375732421875,1175.7740393507981
26.6634551,-1138.736572265625,244.13955688476563,376.67245483398438,1224.0127623851863
26.6762198,-1210.234619140625,251.11495971679688,358.36196899414063,1286.9148601136671
26.6931579,-1243.3677978515625,258.96231079101563,305.1744384765625,1306.1992179770864
26.7044274,-1232.90478515625,302.55865478515625,306.04635620117188,1305.8561639746533
26.7216569,-1143.09619140625,334.8199462890625,382.77593994140625,1251.1157897806709
26.733321099999998,-1048.9281005859375,345.2830810546875,544.0823974609375,1231.0549222062687
26.7506345,-922.49871826171875,285.99203491210938,712.36431884765625,1200.1076001738213
26.7673764,-868.43927001953125,245.011474609375,727.18707275390625,1158.8867188740717
26.7785309,-914.6513671875,252.85882568359375,647.84173583984375,1149.0098450057035
26.795591599999998,-940.8092041015625,236.29220581054688,577.21563720703125,1128.7753792873712
26.8127881,-926.85833740234375,230.188720703125,597.26995849609375,1126.4034037915119
26.8242154,-844.897216796875,251.98689270019531,670.5118408203125,1107.670903167565
26.841559999999998,-728.93096923828125,248.49919128417969,745.49755859375,1071.8483175584095
26.853061999999998,-594.6541748046875,233.67642211914063,808.27630615234375,1030.3052193182
26.870265699999997,-519.66845703125,219.72560119628906,865.823486328125,1033.4335752875943
26.887246299999997,-481.30368041992188,197.92741394042969,871.92694091796875,1015.4235984422834
26.8995711,-457.76165771484375,174.38539123535156,880.646240234375,1007.7171231993078
26.916345,-420.268798828125,108.99086761474609,869.3111572265625,971.70302076840085
26.933555199999997,-388.00750732421875,67.138374328613281,796.94122314453125,888.91658787230654
26.944460499999998,-420.268798828125,94.1681137084961,639.1224365234375,770.69513153743651
26.960897,-442.93890380859375,130.78904724121094,499.6141357421875,680.37852113278484
26.977366099999998,-427.24420166015625,101.14352416992188,533.61932373046875,691.02619559051357
26.988268599999998,-423.75650024414063,37.49285888671875,750.7291259765625,862.88441088954391
27.0049945,-367.95318603515625,-54.931400299072266,1103.8594970703125,1164.8659987846509
27.021644199999997,-266.80966186523438,-195.3116455078125,1589.5228271484375,1623.5506929448097
27.0324542,-219.72560119628906,-496.12643432617188,2226.029541015625,2291.2067336084069
27.0485632,-214.49403381347656,-844.02532958984375,2911.364013671875,3038.8199794713787
27.064951599999997,-653.94525146484375,-1082.933349609375,3707.433349609375,3917.3270317150427
27.0811243,-1075.9578857421875,-1340.1517333984375,4670.91259765625,4977.0590247017863
27.096937999999998,-1085.549072265625,-1953.116455078125,5738.1513671875,6157.8780264105162
27.108158999999997,-426.37228393554688,-3838.222412109375,6369.42626953125,7448.7136884378833
27.1250185,2287.936279296875,-7673.8291015625,3748.4140625,8841.5447452387016
27.1415769,6617.0537109375,-8773.3291015625,-6134.00634765625,12585.020350036879
27.1579035,7247.45703125,-9705.4189453125,-15242.1552734375,19469.054617608541
27.1690887,5611.72216796875,-6596.99951171875,-20408.322265625,22170.057418637745
27.185423399999998,932.08990478515625,2526.84423828125,-20380.419921875,20557.608070665636
27.2014022,3625.472412109375,6882.11962890625,-15615.33984375,17445.528344918337
27.2127074,7871.7568359375,6848.986328125,-7997.31396484375,13146.490028112325
27.229113299999998,6549.91552734375,6089.5380859375,-2948.85693359375,9416.98596846284
27.2463284,4492.16748046875,4758.10546875,-339.17959594726563,6552.41780739267
27.257445299999997,3676.044189453125,4250.64404296875,594.6541748046875,5651.0962874870966
27.2736247,3592.339111328125,3555.71826171875,253.73074340820313,5060.8706699192016
27.2902579,3141.552734375,2651.52978515625,-434.21963500976563,4133.8251627104164
27.3073832,1895.5692138671875,1648.8138427734375,-858.84808349609375,2655.0686927473816
27.319160999999998,791.70965576171875,1124.7857666015625,-891.98126220703125,1639.3833511123175
27.335779799999997,144.73988342285156,670.5118408203125,-796.0693359375,1050.8387840927251
27.352628199999998,-121.19784545898438,394.11099243164063,-537.10699462890625,677.12356020053574
27.363690599999998,-114.22243499755859,175.25732421875,101.14352416992188,232.36158639198331
27.3806403,-169.15382385253906,95.9119644165039,889.365478515625,910.375238798538
27.3970338,-473.45632934570313,-19.182394027709961,1355.846435546875,1436.2619596798168
27.4082027,-705.388916015625,-149.971435546875,1146.583984375,1354.5182861604119
27.4250661,-734.1624755859375,-341.79537963867188,448.17047119140625,925.567606038988
27.441765699999998,-526.64385986328125,-367.95318603515625,-200.54319763183594,673.02368187272532
27.4532755,-381.03207397460938,-299.07095336914063,-446.42660522460938,658.7302865353073
27.469124299999997,-262.45001220703125,-270.29736328125,-381.03207397460938,535.84150166038751
27.4854916,-153.45915222167969,-235.42027282714844,-62.778739929199219,287.94719384933012
27.503022599999998,-210.1343994140625,-252.85882568359375,359.23391723632813,486.97336563322625
27.514156,-283.37625122070313,-256.34652709960938,531.0035400390625,654.20211039551532
27.530510699999997,-317.38140869140625,-246.75532531738281,527.51580810546875,663.24360302726973
27.548323,-277.27276611328125,-213.62210083007813,456.88973999023438,575.55436172399072
27.559934499999997,-215.365966796875,-182.23274230957031,347.02694702148438,447.23480855482507
27.5767602,-169.15382385253906,-208.39054870605469,298.19903564453125,401.20107399317214
27.588513499999998,-132.53289794921875,-284.24819946289063,349.6427001953125,469.69354449106754
27.6055946,-205.77476501464844,-356.61813354492188,460.37744140625,617.630258039276
27.622615699999997,-334.8199462890625,-344.41116333007813,536.235107421875,719.9107835635873
27.6341997,-378.41629028320313,-284.24819946289063,537.10699462890625,715.87698058318142
27.651593899999998,-340.051513671875,-278.14471435546875,446.42660522460938,626.33555537490281
27.6630099,-297.32708740234375,-242.39569091796875,279.8885498046875,474.864894670612
27.680537899999997,-377.54437255859375,-213.62210083007813,144.73988342285156,457.30054566660965
27.6973436,-544.0823974609375,-243.26762390136719,109.86280059814453,606.03186964113218
27.7090398,-642.61016845703125,-323.48489379882813,195.3116455078125,745.47766163137487
27.7266004,-662.66448974609375,-419.39688110351563,310.406005859375,843.42744698247611
27.7381405,-616.452392578125,-448.17047119140625,370.5689697265625,847.461907632094
27.755456499999998,-599.8857421875,-462.99322509765625,387.13555908203125,850.94040406595673
27.7727215,-583.31915283203125,-539.7227783203125,401.95834350585938,890.57982315593154
27.784734699999998,-681.84686279296875,-607.73309326171875,408.93374633789063,1000.7404587804036
27.802482299999998,-840.53759765625,-644.35400390625,418.52493286132813,1138.7970209173955
27.813608199999997,-980.0458984375,-658.30487060546875,423.75650024414063,1254.3623229379189
27.8307874,-991.3809814453125,-711.492431640625,460.37744140625,1304.2258697055222
27.848296599999998,-985.2774658203125,-706.2608642578125,459.50552368164063,1296.4264033601862
27.859538699999998,-943.42498779296875,-664.4083251953125,416.78109741210938,1226.8641380939641
27.8774561,-918.13909912109375,-682.71881103515625,357.49005126953125,1198.700762089039
27.8883418,-959.9915771484375,-703.64508056640625,343.53921508789063,1238.8379312502716
27.9056075,-1103.8594970703125,-744.6256103515625,318.25335693359375,1369.0355320674703
27.923441,-1195.411865234375,-736.77825927734375,286.86398315429688,1433.2280613070723
27.934674299999998,-1250.34326171875,-703.64508056640625,292.96746826171875,1464.3444297672827
27.9519444,-1239.880126953125,-722.82745361328125,327.84454345703125,1472.1631368788267
27.9636796,-1206.7469482421875,-751.60101318359375,424.62841796875,1483.7289420433508
27.980768599999998,-1213.7222900390625,-752.47296142578125,495.2545166015625,1511.4940923565659
27.997953499999998,-1286.09228515625,-733.29058837890625,519.66845703125,1569.0136258735129
28.0093641,-1362.8218994140625,-731.5467529296875,512.69305419921875,1629.5086219681825
28.0264965,-1414.2655029296875,-662.66448974609375,490.89486694335938,1637.1465753373311
28.0433746,-1412.521728515625,-671.3837890625,502.22991943359375,1642.6225122403998
28.055455499999997,-1357.59033203125,-683.59075927734375,583.31915283203125,1628.069123180823
28.0724657,-1350.6148681640625,-675.743408203125,663.53643798828125,1649.5666947334926
28.0840277,-1396.8270263671875,-647.84173583984375,640.8663330078125,1667.7932464992962
28.101285999999998,-1504.073974609375,-623.42779541015625,551.92974853515625,1719.1646763778306
28.117997199999998,-1566.852783203125,-612.96466064453125,495.2545166015625,1753.861555438368
28.1292133,-1577.31591796875,-597.26995849609375,473.45632934570313,1751.8041569185275
28.1469693,-1569.468505859375,-592.03839111328125,484.7913818359375,1746.0708838242676
28.158262099999998,-1571.21240234375,-517.92462158203125,488.27911376953125,1724.9263230246293
28.175705899999997,-1577.31591796875,-470.84054565429688,489.15103149414063,1717.2318003465398
28.1933175,-1552.030029296875,-458.63357543945313,490.02294921875,1690.9359713249573
28.205392699999997,-1491.8670654296875,-405.446044921875,495.2545166015625,1623.3702203966986
28.222795599999998,-1446.52685546875,-350.5146484375,518.79656982421875,1576.2139268585815
28.2337286,-1462.2215576171875,-313.89370727539063,503.97378540039063,1578.1668857881671
28.2517575,-1505.81787109375,-274.656982421875,474.32827758789063,1602.4703534911023
28.268347799999997,-1525.000244140625,-268.55349731445313,475.2001953125,1619.7413223023693
28.2800208,-1531.9757080078125,-239.77992248535156,492.63873291015625,1627.0024284912556
28.2976046,-1527.6160888671875,-210.1343994140625,474.32827758789063,1613.305518400804
28.3094309,-1522.384521484375,-149.09951782226563,417.65301513671875,1585.6605369759423
28.3258516,-1525.000244140625,-84.576911926269531,358.36196899414063,1568.8219463920395
28.3425719,-1463.093505859375,-49.699836730957031,349.6427001953125,1505.1121879975692
28.3541945,-1396.8270263671875,-54.931400299072266,426.37228393554688,1461.4843566857057
28.371131499999997,-1384.6199951171875,-51.443691253662109,477.81597900390625,1465.6490350829504
28.3881193,-1469.1968994140625,-35.749004364013672,421.14071655273438,1528.7828569484495
28.3997793,-1542.4388427734375,-0.87192696332931519,352.25848388671875,1582.1518205984721
28.4162555,-1508.43359375,21.798173904418945,322.61297607421875,1542.7009429797376
28.4335097,-1411.6497802734375,54.931400299072266,361.84970092773438,1458.323615301608
28.445054199999998,-1273.88525390625,102.01545715332031,432.47576904296875,1349.157546184766
28.4628138,-1161.40673828125,126.42941284179688,484.7913818359375,1264.860740184077
28.474597799999998,-1124.7857666015625,142.12409973144531,453.40200805664063,1221.0305734844367
28.492167499999997,-1176.2294921875,165.66612243652344,400.2144775390625,1253.4483277928462
28.5044351,-1214.59423828125,188.33622741699219,308.66213989257813,1267.2734570039493
28.5211154,-1196.2838134765625,223.21330261230469,239.77992248535156,1240.3280018108921
28.5378534,-1143.09619140625,238.03605651855469,310.406005859375,1208.1729824341996
28.549577,-1041.080810546875,211.87825012207031,414.16531372070313,1140.2958186598323
28.5664663,-965.22314453125,206.64669799804688,498.74221801757813,1105.939589925862
28.5782626,-924.2425537109375,214.49403381347656,548.44207763671875,1095.9109001895056
28.5955659,-894.5970458984375,223.21330261230469,531.0035400390625,1063.9985021264456
28.6133098,-867.56732177734375,211.87825012207031,531.0035400390625,1039.0044322449833
28.6252781,-740.2659912109375,172.64154052734375,642.61016845703125,995.36258110476524
28.642648899999998,-614.70849609375,156.94685363769531,804.78857421875,1024.7846111401461
28.6543496,-538.85089111328125,155.2030029296875,919.8829345703125,1077.3267230908457
28.6714046,-456.88973999023438,150.84336853027344,1010.5633544921875,1119.2587948193243
28.6882615,-369.697021484375,110.73472595214844,1101.2437744140625,1166.9087016180172
28.700065,-281.63241577148438,55.803325653076172,1188.4364013671875,1222.625007458058
28.7171845,-232.80450439453125,-1.7438539266586304,1282.6046142578125,1303.562647059332
28.7284044,-224.08523559570313,-123.81362915039063,1421.240966796875,1444.1156093876584
28.7452006,-262.45001220703125,-222.34136962890625,1506.6898193359375,1545.4545950129007
28.7618723,-313.02178955078125,-285.1201171875,1511.0494384765625,1569.2503074649762
28.77299,-265.93771362304688,-367.08123779296875,1407.2901611328125,1478.4914948310961
28.7895129,-104.63123321533203,-420.268798828125,1306.1466064453125,1376.0786735362199
28.806431099999998,77.60150146484375,-484.7913818359375,1270.3975830078125,1361.9672154072166
28.822831599999997,292.96746826171875,-597.26995849609375,1349.742919921875,1504.7814760492088
28.8336975,466.48092651367188,-832.69024658203125,1672.35595703125,1925.552374923052
28.8502111,469.9686279296875,-1267.7818603515625,2291.424072265625,2660.594977750834
28.8670466,102.01545715332031,-1783.9625244140625,3123.242431640625,3598.2735761490453
28.8782449,-382.77593994140625,-2592.23876953125,4138.16552734375,4898.0233962441516
28.8953161,-123.81362915039063,-4164.3232421875,5382.4052734375,6806.4090684967068
28.912193499999997,1413.3935546875,-6794.9267578125,6569.9697265625,9556.8411722920355
28.9229247,4897.61376953125,-8911.09375,955.6319580078125,10213.101629571547
28.9396117,8148.15771484375,-8993.0546875,-12004.6904296875,17069.859374668675
28.955979499999998,6865.552734375,-8493.4404296875,-20761.453125,23458.73569787397
28.9732111,2317.581787109375,-3648.142333984375,-23992.814453125,24378.992456847634
28.9845789,-2899.1572265625,8927.66015625,-21706.62109375,23649.22044798635
29.0013811,4340.45263671875,9260.736328125,-14989.296875,18146.068093048081
29.0180685,8350.4443359375,6362.451171875,-6522.013671875,12359.100608790619
29.0290811,5541.095703125,5853.24560546875,-1008.8195190429688,8122.9269682259028
29.0460833,3461.550048828125,4400.615234375,1833.662353515625,5891.5244893198733
29.0628943,2745.697998046875,3244.440185546875,2248.69970703125,4808.5236805564855
29.0739076,2068.210693359375,2734.363037109375,878.03045654296875,3539.0922810027328
29.091171,1300.9150390625,1784.83447265625,-586.80682373046875,2285.2475318918391
29.107930999999997,547.57012939453125,977.43011474609375,-1096.01220703125,1567.3051501795103
29.1190853,-43.596347808837891,666.1522216796875,-854.4884033203125,1084.3476635286072
29.135870899999997,-314.765625,488.27911376953125,-484.7913818359375,756.64825085874429
29.151661999999998,-255.47459411621094,447.29852294921875,60.162960052490234,518.616253730707
29.162700899999997,-127.30133819580078,370.5689697265625,703.64508056640625,805.38400247084121
29.1799282,-532.74737548828125,238.90798950195313,1219.8258056640625,1352.3578630308978
29.196196699999998,-1016.6668701171875,112.47857666015625,1312.2501220703125,1663.8098863376558
29.213543299999998,-1171.869873046875,-15.694684982299805,861.4638671875,1454.5258048454264
29.2247524,-925.9864501953125,-181.36080932617188,142.99601745605469,954.35345135492241
29.2412969,-501.35800170898438,-243.26762390136719,-418.52493286132813,696.92331152202269
29.253527899999998,-162.17842102050781,-165.66612243652344,-571.98406982421875,617.181399995605
29.2710339,-17.438539505004883,-83.704986572265625,-404.5740966796875,413.5103712620953
29.288405899999997,54.931400299072266,-50.571762084960938,-97.65582275390625,122.92933570526264
29.299144899999998,46.212127685546875,-15.694684982299805,239.77992248535156,244.69633243880079
29.3162123,0,-61.906814575195313,469.9686279296875,474.02844316450108
29.3279963,-4.3596348762512207,-61.034889221191406,510.94918823242188,514.60017204997916
29.344910199999998,-49.699836730957031,-25.285881042480469,442.93890380859375,446.43512637149973
29.3615915,-47.955982208251953,20.054319381713867,347.02694702148438,350.8983526813343
29.378698399999998,-20.054319381713867,61.034889221191406,272.91314697265625,280.37300015983271
29.3899354,1.7438539266586304,46.212127685546875,258.09039306640625,262.20078711726796
29.4069841,-17.438539505004883,54.059471130371094,257.21844482421875,263.41575016834645
29.418157899999997,-102.88738250732422,-6.1034889221191406,266.80966186523438,286.02528161138412
29.4355978,-145.61180114746094,-31.389369964599609,252.85882568359375,293.47176168460953
29.453001099999998,-207.51861572265625,2.6157808303833008,189.20814514160156,280.83899367560309
29.4640581,-293.83938598632813,0,97.65582275390625,309.64212322383509
29.481590899999997,-316.50949096679688,-104.63123321533203,-14.822758674621582,333.6849816982301
29.4933072,-196.18356323242188,-113.35050201416016,-44.468276977539063,230.89771425196685
29.5106933,-186.59237670898438,-40.108638763427734,-43.596347808837891,195.77042547747561
29.5281235,-196.18356323242188,-40.980567932128906,13.078904151916504,200.84435557023883
29.5394693,-220.59751892089844,-76.729576110839844,68.010299682617188,243.26136986197523
29.557162499999997,-247.62725830078125,-88.936553955078125,108.99086761474609,284.79462583830735
29.5682573,-313.02178955078125,-36.620933532714844,132.53289794921875,341.88989827896222
29.5851653,-347.89886474609375,-6.9754157066345215,90.680404663085938,359.5903395612321
29.6019595,-336.56381225585938,5.2315616607666016,68.010299682617188,343.40642076194086
29.6132991,-279.8885498046875,-74.1137924194336,74.9857177734375,299.08746615088961
29.6296431,-137.76446533203125,-218.85366821289063,116.83821105957031,283.77304939345305
29.647002399999998,-156.07492065429688,-246.75532531738281,135.148681640625,321.73395465653215
29.658332299999998,-314.765625,-272.04119873046875,95.9119644165039,426.94603570777389
29.6753757,-499.6141357421875,-323.48489379882813,50.571762084960938,597.33932088037693
29.693164099999997,-565.880615234375,-353.13043212890625,42.724422454833984,668.39161355277486
29.7048216,-558.03326416015625,-382.77593994140625,81.0892105102539,681.53796971881332
29.722011,-572.85601806640625,-425.5003662109375,117.71013641357422,723.23596100791542
29.733767399999998,-624.2996826171875,-514.4368896484375,138.63638305664063,820.74079577787973
29.751057499999998,-720.211669921875,-537.10699462890625,178.74502563476563,916.04506295275928
29.7686043,-877.15850830078125,-632.14703369140625,332.20416259765625,1131.0952773911249
29.7807037,-998.35638427734375,-711.492431640625,493.51065063476563,1321.5482256047906
29.7974447,-1057.6474609375,-733.29058837890625,601.62957763671875,1420.665825350902
29.8093537,-1089.0367431640625,-743.75372314453125,669.639892578125,1479.0497673793072
29.8265541,-1153.559326171875,-776.0150146484375,702.77313232421875,1557.8152963283931
29.8382455,-1299.171142578125,-829.2025146484375,679.2310791015625,1684.2735308804554
29.8555656,-1502.3302001953125,-846.64105224609375,663.53643798828125,1847.7223022698613
29.8728293,-1647.9420166015625,-851.87261962890625,703.64508056640625,1984.0655860025254
29.8841292,-1714.2083740234375,-872.79888916015625,763.80804443359375,2069.7079453953766
29.9006005,-1790.0660400390625,-885.005859375,820.4832763671875,2158.88040558699
29.9176589,-1856.33251953125,-894.5970458984375,801.3009033203125,2210.9630108306646
29.9456927,-1974.91455078125,-877.15850830078125,681.84686279296875,2265.9677128927879
29.962444299999998,-1964.451416015625,-881.5181884765625,601.62957763671875,2235.6434937592649
29.9739202,-1913.0078125,-845.7691650390625,574.599853515625,2169.1217953072819
29.991161599999998,-1819.7115478515625,-787.35003662109375,543.21051025390625,2055.8083218048018
30.008763499999997,-1752.5732421875,-736.77825927734375,538.85089111328125,1976.0352869898188
30.020040599999998,-1700.257568359375,-688.82232666015625,559.777099609375,1917.9943685308176
30.0367842,-1736.006591796875,-631.275146484375,583.31915283203125,1937.1340767721138
30.048150999999997,-1803.14501953125,-617.32427978515625,524.9000244140625,1976.8513508866815
30.0646924,-1882.4903564453125,-587.67877197265625,422.88458251953125,2016.9203383548909
30.0815178,-1912.1358642578125,-545.8262939453125,354.874267578125,2019.9320910199326
30.092925599999997,-1838.8939208984375,-537.97894287109375,380.16015625,1953.3238184412621
30.110325999999997,-1724.6715087890625,-496.12643432617188,485.663330078125,1859.1670506569646
30.1277075,-1609.5771484375,-442.93890380859375,626.91546630859375,1783.2432450948115
30.1394521,-1561.6212158203125,-387.13555908203125,700.1573486328125,1754.6381608897025
30.1565887,-1625.2718505859375,-375.80050659179688,665.2802734375,1795.9210593137896
30.1731692,-1756.932861328125,-370.5689697265625,540.5947265625,1875.2005489883002
30.1843203,-1835.40625,-294.7113037109375,426.37228393554688,1907.1875050928993
30.201785299999997,-1780.474853515625,-204.90283203125,417.65301513671875,1840.2472430705352
30.2133562,-1633.1192626953125,-156.07492065429688,506.58956909179688,1716.9947287503064
30.2313239,-1466.5811767578125,-142.12409973144531,626.91546630859375,1601.2753072603491
30.2477342,-1341.8956298828125,-95.9119644165039,700.1573486328125,1516.6091451858492
30.259292499999997,-1369.7972412109375,-56.675251007080078,665.2802734375,1523.8616762458742
30.276904199999997,-1497.0986328125,-52.315616607666016,533.61932373046875,1590.2172250257697
30.2882549,-1595.6263427734375,19.182394027709961,416.78109741210938,1649.271922138133
30.3052903,-1572.956298828125,45.340202331542969,367.95318603515625,1616.0559393424353
30.3217002,-1469.1968994140625,77.60150146484375,420.268798828125,1530.0939139627762
30.3331156,-1344.5113525390625,86.320770263671875,545.8262939453125,1453.6465855383858
30.3501433,-1270.3975830078125,100.27159881591797,633.01898193359375,1422.9116079115511
30.368005999999998,-1270.3975830078125,124.68555450439453,627.78741455078125,1422.5236533297134
30.3790415,-1324.45703125,177.00117492675781,543.21051025390625,1442.4262553085082
30.395962599999997,-1359.3341064453125,224.9571533203125,468.22479248046875,1455.2076793601773
30.4134793,-1324.45703125,245.011474609375,482.17559814453125,1430.6328521894989
30.4255069,-1230.2889404296875,202.28704833984375,517.05267333984375,1349.7682741409833
30.4422131,-1192.796142578125,208.39054870605469,489.15103149414063,1305.9318474373183
30.453251199999997,-1245.983642578125,232.80450439453125,446.42660522460938,1343.863790973998
30.470565699999998,-1286.09228515625,207.51861572265625,468.22479248046875,1384.3163648903565
30.488160399999998,-1293.0677490234375,160.43455505371094,540.5947265625,1410.6757630323866
30.4994575,-1266.0379638671875,140.38023376464844,635.634765625,1423.5836088041826
30.5163653,-1239.880126953125,131.66096496582031,645.2259521484375,1403.9066451281176
30.533349599999998,-1192.796142578125,88.064620971679688,672.25567626953125,1372.0224886978876
30.544736699999998,-1086.4210205078125,6.1034889221191406,781.24658203125,1338.1681913398515
30.5618606,-884.13397216796875,-61.034889221191406,969.582763671875,1313.5862644125602
30.573461199999997,-592.03839111328125,-132.53289794921875,1224.1854248046875,1366.2739036866121
30.590964699999997,-300.81478881835938,-190.080078125,1442.167236328125,1485.4178909687812
30.6084444,-136.89253234863281,-142.99601745605469,1461.349609375,1474.696615321802
30.619654399999998,-75.8576431274414,-105.50316619873047,1289.5799560546875,1296.1102434425927
30.6371748,-54.059471130371094,-137.76446533203125,1096.01220703125,1105.95851291476
30.648149,44.468276977539063,-267.68157958984375,1157.9190673828125,1189.2886202758973
30.665841999999998,328.71646118164063,-471.71249389648438,1633.1192626953125,1731.3710506232635
30.682957199999997,840.53759765625,-762.06414794921875,2585.263427734375,2823.2662307058822
30.6943396,1340.1517333984375,-1211.1065673828125,3913.208251953125,4309.9866135804468
30.7113792,1420.3690185546875,-1800.5291748046875,5128.67431640625,5618.0649428391243
30.7279865,867.56732177734375,-2378.61669921875,6212.4794921875,6708.6058089940316
30.7390565,109.86280059814453,-3271.469970703125,7430.5615234375,8119.5954429859
30.7564653,887.62164306640625,-6365.93896484375,8885.8076171875,10966.796619570512
30.773683799999997,3978.602783203125,-10781.376953125,1633.9910888671875,11607.639552914448
30.785563,5564.6376953125,-11270.5283203125,-12322.072265625,17601.802925221717
30.8031756,4882.791015625,-8828.2607421875,-21653.43359375,23888.303042142994
30.8144234,-658.30487060546875,-211.00633239746094,-21881.87890625,21892.795925663842
30.8321874,396.72677612304688,8991.310546875,-17643.44140625,19806.36468767087
30.8435472,8186.5224609375,5902.9453125,-9962.6376953125,14181.610036024171
30.8603398,6794.9267578125,4856.63330078125,-3689.994873046875,9130.9352656453484
30.8776431,3892.281982421875,4064.923583984375,625.171630859375,5662.5349749339039
30.888558399999997,3936.750244140625,3216.53857421875,2361.17822265625,5605.2908473445505
30.9051898,4011.736083984375,2978.50244140625,1386.3638916015625,5185.3165805900326
30.922141399999997,2990.70947265625,2601.830078125,-95.9119644165039,3965.2316464728765
30.934046,2013.2794189453125,1652.3016357421875,-600.7576904296875,2672.8831842853692
30.951037999999997,1211.978515625,972.19854736328125,-675.743408203125,1694.3113915575932
30.968284699999998,611.2208251953125,564.13671875,-727.18707275390625,1104.82676170287
30.9798618,200.54319763183594,328.71646118164063,-826.5867919921875,911.87598425669626
30.996180799999998,-192.69586181640625,356.61813354492188,-473.45632934570313,623.27288095322911
31.0126942,-308.66213989257813,135.148681640625,153.45915222167969,370.25287865573864
31.023761399999998,-460.37744140625,-123.81362915039063,512.69305419921875,700.0938302422602
31.040707899999997,-687.95037841796875,-250.2430419921875,401.08639526367188,834.72606266758953
31.058006799999998,-738.52215576171875,-315.6375732421875,-47.955982208251953,804.57555793269773
31.0696938,-665.2802734375,-313.89370727539063,-450.7862548828125,862.74871734673434
31.087668599999997,-502.22991943359375,-289.47976684570313,-587.67877197265625,825.46942185316959
31.0996572,-424.62841796875,-233.67642211914063,-484.7913818359375,685.51925392613441
31.1159844,-346.15499877929688,-217.98173522949219,-132.53289794921875,430.00498731104676
31.1323737,-284.24819946289063,-253.73074340820313,299.07095336914063,484.37564368731563
31.143437,-264.19387817382813,-306.91830444335938,569.3682861328125,698.69699879184429
31.1606718,-240.65184020996094,-312.14984130859375,626.0435791015625,739.78469473199777
31.1774655,-254.60267639160156,-255.47459411621094,542.33856201171875,651.32242930022619
31.189106199999998,-227.57293701171875,-166.53805541992188,417.65301513671875,503.94286046731617
31.205998299999997,-163.05033874511719,-100.27159881591797,357.49005126953125,405.51071903303608
31.2237145,-95.9119644165039,-92.42425537109375,377.54437255859375,400.35122224091697
31.235265599999998,-32.261299133300781,-95.0400390625,429.8599853515625,441.42157565440249
31.252828299999997,9.59119701385498,-109.86280059814453,456.01779174804688,469.16314050252424
31.2645159,53.187545776367188,-113.35050201416016,383.64785766601563,403.56279563941308
31.2806668,-23.542028427124023,-93.296188354492188,196.18356323242188,218.50948800111649
31.2973295,-179.61695861816406,-17.438539505004883,-42.724422454833984,185.45007618603449
31.3090349,-247.62725830078125,3.4877078533172607,-204.03091430664063,320.87386486349379
31.326499599999998,-285.1201171875,0.87192696332931519,-271.16928100585938,393.48064811738561
31.343836999999997,-265.0657958984375,11.335050582885742,-197.05549621582031,330.48332501935988
31.3551501,-123.81362915039063,-61.034889221191406,-22.670101165771484,139.88926317805766
31.372098299999998,-4.3596348762512207,-136.02059936523438,156.94685363769531,207.73282055251639
31.3839741,-55.803325653076172,-144.73988342285156,254.60267639160156,298.13783361554522
31.4008364,-184.8485107421875,-183.97659301757813,245.011474609375,357.83652886789042
31.4185369,-313.02178955078125,-209.26246643066406,190.95201110839844,422.18016430969408
31.4296521,-423.75650024414063,-222.34136962890625,122.94170379638672,494.08493063437862
31.4473968,-474.32827758789063,-251.11495971679688,69.754158020019531,541.21315622788165
31.4584349,-443.81082153320313,-237.16413879394531,92.42425537109375,511.62204508870764
31.475808999999998,-422.01266479492188,-221.46945190429688,137.76446533203125,496.10730218605045
31.4926706,-433.34768676757813,-288.60781860351563,156.94685363769531,543.7986809956999
31.504361699999997,-552.80169677734375,-330.4603271484375,159.56263732910156,663.51637433478686
31.520992,-720.211669921875,-327.84454345703125,125.55747985839844,801.21880589174714
31.5381087,-793.45355224609375,-325.228759765625,103.75930786132813,863.77559569513949
31.5498038,-817.86749267578125,-304.30252075195313,115.0943603515625,880.201097191146
31.566092899999997,-802.17279052734375,-310.406005859375,135.148681640625,870.68837162626392
31.5832964,-826.5867919921875,-340.051513671875,149.09951782226563,906.15198662327134
31.594876699999997,-920.7548828125,-348.77078247070313,160.43455505371094,997.58200634512718
31.611561499999997,-1091.652587890625,-387.13555908203125,210.1343994140625,1177.1727908727607
31.623043499999998,-1259.9344482421875,-452.53009033203125,279.01663208007813,1367.5045073053952
31.6400974,-1473.5565185546875,-417.65301513671875,313.89370727539063,1563.435996097983
31.656433999999997,-1594.75439453125,-389.7513427734375,294.7113037109375,1667.9335839911107
31.6726887,-1590.394775390625,-408.93374633789063,276.40084838867188,1665.2266450767945
31.683826099999997,-1643.582275390625,-380.16015625,225.82908630371094,1702.0232714622375
31.701563,-1661.892822265625,-388.00750732421875,202.28704833984375,1718.533569169949
31.718573499999998,-1665.3804931640625,-422.88458251953125,255.47459411621094,1737.1214192977234
31.7302698,-1626.143798828125,-493.51065063476563,330.4603271484375,1731.2135756677071
31.7477885,-1579.931640625,-558.90521240234375,432.47576904296875,1730.7785289596761
31.759568299999998,-1640.966552734375,-515.308837890625,469.09671020507813,1782.7972821177264
31.7766965,-1691.538330078125,-442.06698608398438,485.663330078125,1814.5506365189822
31.793609,-1697.641845703125,-431.60385131835938,493.51065063476563,1819.8413345797767
31.805251499999997,-1688.0506591796875,-426.37228393554688,522.28424072265625,1817.715373916564
31.8222983,-1673.2279052734375,-403.70217895507813,569.3682861328125,1812.9664413696769
31.833195,-1691.538330078125,-386.26364135742188,608.60504150390625,1838.7228228588881
31.8497694,-1697.641845703125,-347.89886474609375,637.37860107421875,1846.4216575531336
31.8673495,-1684.5628662109375,-345.2830810546875,667.02410888671875,1844.4222992892783
31.878587999999997,-1683.69091796875,-309.5340576171875,663.53643798828125,1836.003007789908
31.8962501,-1691.538330078125,-265.93771362304688,585.06298828125,1809.5091848087236
31.913794099999997,-1690.6663818359375,-226.70100402832031,516.1807861328125,1782.1865120885516
31.9251543,-1665.3804931640625,-197.92741394042969,515.308837890625,1754.4830140553395
31.9419027,-1658.405029296875,-220.59751892089844,529.2596435546875,1754.7325371254901
31.9529474,-1675.8436279296875,-217.98173522949219,513.56500244140625,1766.2720384750585
31.9701202,-1720.3118896484375,-178.74502563476563,440.3231201171875,1784.7429036039578
31.9874755,-1768.2679443359375,-161.30648803710938,356.61813354492188,1811.0681376530183
31.999059499999998,-1763.908203125,-146.48373413085938,315.6375732421875,1797.9034209486347
32.0159277,-1719.43994140625,-155.2030029296875,409.8056640625,1774.4019743336705
32.032579399999996,-1671.4840087890625,-149.09951782226563,593.78228759765625,1780.0749599151977
32.043676,-1640.966552734375,-144.73988342285156,702.77313232421875,1790.9804400280291
32.0610032,-1640.0946044921875,-98.527748107910156,719.3397216796875,1793.6185949130354
32.0775459,-1647.070068359375,-50.571762084960938,694.05389404296875,1788.0458945569442
32.0891308,-1629.6314697265625,-27.901662826538086,678.35919189453125,1765.4031899652396
32.1058334,-1564.2369384765625,-6.1034889221191406,730.6748046875,1726.4877996894934
32.1231481,-1442.167236328125,48.827911376953125,752.47296142578125,1627.4047007873066
32.1343852,-1336.6640625,67.138374328613281,793.45355224609375,1555.8749682601226
32.1516601,-1287.836181640625,79.345352172851563,852.74456787109375,1546.606289165991
32.1631399,-1273.013427734375,59.291034698486328,923.37066650390625,1573.7509338353093
32.1797976,-1269.525634765625,65.394523620605469,950.400390625,1587.2090862727512
32.197288799999995,-1267.7818603515625,119.45399475097656,898.95672607421875,1558.7377257423755
32.2088841,-1241.6240234375,130.78904724121094,844.897216796875,1507.5102976120909
32.225184,-1176.2294921875,115.96628570556641,829.2025146484375,1443.7938938821223
32.241926299999996,-1067.2386474609375,119.45399475097656,874.542724609375,1384.952188583926
32.2532394,-938.19342041015625,124.68555450439453,944.296875,1336.9554853239288
32.2711792,-850.1287841796875,156.07492065429688,1068.1104736328125,1374.0226760982475
32.2882134,-723.69940185546875,161.30648803710938,1177.973388671875,1391.8986715087883
32.2992529,-560.6490478515625,108.99086761474609,1257.3187255859375,1380.9622521232523
32.3172633,-414.16531372070313,52.315616607666016,1246.8555908203125,1314.8835291349114
32.3290949,-349.6427001953125,-34.005149841308594,1166.6383056640625,1218.3806073055798
32.3464886,-232.80450439453125,-110.73472595214844,1130.8892822265625,1159.901153311346
32.3590456,-128.17326354980469,-150.84336853027344,1237.264404296875,1252.99852891321
32.3762879,-5.2315616607666016,-210.1343994140625,1391.595458984375,1407.3811695913985
32.393681199999996,109.86280059814453,-258.96231079101563,1494.4827880859375,1520.7268384725139
32.4054795,236.29220581054688,-350.5146484375,1542.4388427734375,1599.3161379140583
32.422610299999995,489.15103149414063,-508.33343505859375,1586.9071044921875,1736.6478546608203
32.4345249,715.85205078125,-673.99957275390625,1809.2484130859375,2059.1501652220882
32.4515842,941.68109130859375,-970.4547119140625,2362.050048828125,2721.7321798393937
32.4680509,1085.549072265625,-1457.8619384765625,3442.36767578125,3892.7719474969253
32.4800014,1058.519287109375,-2276.601318359375,5290.85302734375,5856.3215759460054
32.49762,677.48724365234375,-3374.357421875,7686.0361328125,8421.4267443690242
32.5092457,174.38539123535156,-5477.4453125,9368.85546875,10853.951824585887
32.526146,2674.199951171875,-9982.69140625,7792.4111328125,12943.227740947985
32.543138,4866.224609375,-10046.3427734375,-5122.57080078125,12282.095777158856
32.554713899999996,4609.005859375,-10729.0615234375,-16090.5400390625,19881.176397138413
32.5722618,2016.76708984375,-8358.2919921875,-21917.62890625,23543.807070935407
32.5839103,-445.5546875,-1688.9224853515625,-22480.021484375,22547.779138510312
32.6012841,1852.8448486328125,7866.52490234375,-18803.9765625,20467.163521977069
32.618054799999996,7215.19580078125,8530.0615234375,-12675.2021484375,16896.205181667123
32.6292721,7271.87109375,6074.71533203125,-7463.69482421875,12061.882771707
32.6458515,4275.05810546875,4752.8740234375,-1874.6429443359375,6661.8480511453836
32.6630336,3156.375732421875,3798.98583984375,1375.02880859375,5126.9586891272875
32.6745419,2963.6796875,3152.887939453125,1866.795654296875,4712.6452936488622
32.6920986,2732.619140625,2710.821044921875,382.77593994140625,3868.1100715335733
32.7032988,2187.664794921875,1726.4154052734375,-1200.6434326171875,3034.4574570741306
32.7191158,1394.211181640625,467.35284423828125,-1707.2330322265625,2253.1950928303704
32.736069,15.694684982299805,-339.17959594726563,-1719.43994140625,1752.6445257229923
32.7533615,-1062.8790283203125,-354.00234985351563,-1034.1053466796875,1524.5994098701663
32.765022,-1028.873779296875,-313.89370727539063,134.27674865722656,1084.0390945079791
32.7826905,-644.35400390625,-544.954345703125,972.19854736328125,1287.3761442352468
32.794114799999996,-511.82113647460938,-679.2310791015625,1465.709228515625,1694.5852817475734
32.811696,-782.99041748046875,-895.468994140625,1394.211181640625,1832.6929727439917
32.822921099999995,-1343.639404296875,-1056.7755126953125,736.77825927734375,1861.4466246324266
32.8397781,-1701.1295166015625,-892.85321044921875,-71.498008728027344,1922.5349029119382
32.856907899999996,-1482.27587890625,-611.2208251953125,-484.7913818359375,1675.0389136501076
32.8692536,-906.80401611328125,-356.61813354492188,-396.72677612304688,1052.0751644750605
32.886832,-435.96347045898438,-162.17842102050781,71.498008728027344,470.61444205572349
32.8982662,-136.02059936523438,-22.670101165771484,505.7176513671875,524.1811517432576
32.9152336,-39.236713409423828,49.699836730957031,718.46783447265625,721.25281463720137
32.932615,-94.1681137084961,73.241867065429688,755.0887451171875,764.4547192171
32.9435194,-163.05033874511719,158.69070434570313,657.43292236328125,695.69116712644632
32.9599064,-179.61695861816406,217.98173522949219,510.94918823242188,583.8213439677163
32.97644,-55.803325653076172,201.41513061523438,401.95834350585938,453.04809447636973
32.9929424,86.320770263671875,192.69586181640625,335.69189453125,396.57536306994791
33.0044038,71.498008728027344,161.30648803710938,292.96746826171875,341.99661664206616
33.021425799999996,-46.212127685546875,137.76446533203125,274.656982421875,310.72667514479
33.0376555,-119.45399475097656,47.955982208251953,299.07095336914063,325.59555930732716
33.0493679,-185.72044372558594,5.2315616607666016,307.79022216796875,359.51950338924104
33.066800199999996,-294.7113037109375,-59.291034698486328,238.90798950195313,383.98855032211947
33.0781439,-422.88458251953125,-76.729576110839844,137.76446533203125,451.32897745556716
33.094884199999996,-496.12643432617188,-13.078904151916504,17.438539505004883,496.60507370654597
33.1115062,-513.56500244140625,-4.3596348762512207,-20.926246643066406,514.00965550022727
33.1286918,-441.19503784179688,-46.212127685546875,68.010299682617188,448.79173680491186
33.1397337,-326.97262573242188,-149.09951782226563,245.88340759277344,435.43129690299077
33.1558621,-308.66213989257813,-177.00117492675781,385.3917236328125,524.52694227578843
33.173147799999995,-386.26364135742188,-231.93257141113281,420.268798828125,616.13162683351209
33.1841259,-458.63357543945313,-282.50433349609375,390.623291015625,665.387113226824
33.2018266,-564.13671875,-299.07095336914063,347.02694702148438,726.71959829785476
33.213873299999996,-587.67877197265625,-344.41116333007813,340.051513671875,761.32806358638879
33.231503,-589.422607421875,-377.54437255859375,347.89886474609375,781.66001783530214
33.2430193,-606.86114501953125,-432.47576904296875,381.90402221679688,837.35680705962579
33.2601388,-605.1173095703125,-533.61932373046875,496.12643432617188,947.13144802470663
33.2777974,-613.83660888671875,-630.4031982421875,629.53125,1081.9025693148565
33.288705,-689.6942138671875,-652.20135498046875,691.4381103515625,1174.364243549154
33.3060085,-834.43408203125,-656.56097412109375,682.71881103515625,1262.3222745937076
33.3227446,-948.65655517578125,-693.18194580078125,649.5855712890625,1342.5393417286045
33.3346248,-1046.3123779296875,-695.7977294921875,618.19622802734375,1400.3823224114892
33.352156799999996,-1142.224365234375,-699.285400390625,560.6490478515625,1451.8966652594156
33.3638832,-1250.34326171875,-711.492431640625,551.92974853515625,1540.8459364016419
33.381221599999996,-1329.6885986328125,-728.93096923828125,623.42779541015625,1639.5347947935477
33.3982751,-1347.127197265625,-740.2659912109375,760.3203125,1714.8855358175797
33.4099444,-1347.127197265625,-764.679931640625,939.937255859375,1811.8965556618018
33.4270156,-1372.4130859375,-796.94122314453125,1048.05615234375,1901.8555912753152
33.4384407,-1434.31982421875,-782.99041748046875,1062.8790283203125,1949.3740484720413
33.4560513,-1532.84765625,-741.137939453125,1021.0264892578125,1985.2965708765216
33.4728069,-1622.6561279296875,-646.96978759765625,938.19342041015625,1982.8741033340546
33.4849005,-1698.513671875,-610.348876953125,909.4197998046875,2021.0192521153861
33.502561899999996,-1729.903076171875,-645.2259521484375,944.296875,2073.7834434698188
33.5134368,-1696.7698974609375,-701.90118408203125,1049.800048828125,2115.1296649768051
33.5306774,-1734.2626953125,-682.71881103515625,1157.9190673828125,2194.2079750795083
33.5477302,-1873.77099609375,-559.777099609375,1168.382080078125,2278.044080367396
33.5589601,-1973.1707763671875,-469.9686279296875,1116.0665283203125,2315.1410150538472
33.577284399999996,-2015.8951416015625,-440.3231201171875,1050.6719970703125,2315.5192328007638
33.5887898,-1989.7373046875,-406.31796264648438,1030.61767578125,2277.3496925301156
33.6056478,-2006.303955078125,-347.02694702148438,1114.3226318359375,2321.0769461486943
33.6227326,-2035.949462890625,-295.583251953125,1226.80126953125,2395.3081282380554
33.633879199999996,-2061.2353515625,-253.73074340820313,1245.1116943359375,2421.4403969649079
33.651131,-2042.052978515625,-211.00633239746094,1245.983642578125,2401.453575847057
33.6679074,-1977.5303955078125,-190.95201110839844,1262.55029296875,2353.9588734680783
33.678926,-1912.1358642578125,-143.86795043945313,1196.2838134765625,2260.1009961792961
33.6976233,-1953.116455078125,-32.261299133300781,1036.72119140625,2211.4464739689051
33.709334399999996,-2013.2794189453125,35.749004364013672,920.7548828125,2214.1277208609386
33.726556099999996,-2037.693359375,95.0400390625,826.5867919921875,2201.0162563147755
33.7385111,-1974.0426025390625,207.51861572265625,821.355224609375,2148.1463119405435
33.7549606,-1842.3817138671875,255.47459411621094,830.074462890625,2036.826271868614
33.7715867,-1787.4503173828125,253.73074340820313,889.365478515625,2012.5428893908629
33.783439099999995,-1787.4503173828125,210.1343994140625,883.26202392578125,2004.8159281685921
33.8008558,-1837.150146484375,219.72560119628906,810.89208984375,2020.1351395190857
33.818258,-1821.4554443359375,238.03605651855469,766.423828125,1990.4186957074412
33.8298815,-1715.080322265625,253.73074340820313,751.60101318359375,1889.6517893495204
33.846662699999996,-1633.9910888671875,302.55865478515625,736.77825927734375,1817.7763397697015
33.8581378,-1536.3353271484375,388.00750732421875,740.2659912109375,1748.9624927161137
33.8758098,-1544.1826171875,590.2945556640625,721.0836181640625,1803.5823247235612
33.8931428,-1600.85791015625,760.3203125,666.1522216796875,1893.3018271154542
33.904609799999996,-1543.3106689453125,715.85205078125,570.240234375,1794.2758718737218
33.9217073,-1441.2952880859375,436.83541870117188,569.3682861328125,1610.0737671747745
33.9387457,-1429.960205078125,226.70100402832031,720.211669921875,1617.0604140928617
33.950675,-1347.127197265625,190.080078125,1121.298095703125,1763.0063928245406
33.9665925,-873.67083740234375,323.48489379882813,1661.0208740234375,1904.4509845582627
33.9781224,-921.6268310546875,466.48092651367188,1611.321044921875,1913.9895455119608
33.9951103,-905.93212890625,566.75250244140625,1385.491943359375,1749.7169331986086
34.011678599999996,-1183.204833984375,649.5855712890625,1194.5399169921875,1802.4596269760475
34.0231182,-1414.2655029296875,795.1973876953125,1029.7457275390625,1921.6820916997078
34.040412599999996,-1386.3638916015625,793.45355224609375,1011.435302734375,1890.6545827109589
34.057496799999996,-1283.4764404296875,687.07843017578125,1207.618896484375,1891.4893448013438
34.068711,-1109.9630126953125,564.13671875,1341.8956298828125,1830.5605721997458
34.0858827,-959.11968994140625,435.091552734375,1379.388427734375,1735.490614627927
34.1030997,-987.89324951171875,527.51580810546875,1342.767578125,1748.4938573228294
34.1143054,-833.56219482421875,524.9000244140625,1264.2940673828125,1602.7431038970119
34.1314145,-545.8262939453125,371.44088745117188,1167.51025390625,1341.2586883255688
34.148242499999995,-451.65817260742188,168.28190612792969,981.78973388671875,1093.7207076664861
34.159884999999996,-367.95318603515625,63.650669097900391,793.45355224609375,876.93186415021853
34.177157099999995,-168.28190612792969,3.4877078533172607,657.43292236328125,678.63761422665311
34.1890509,153.45915222167969,-107.24701690673828,589.422607421875,618.442110610195
34.2060889,503.10186767578125,-279.8885498046875,531.87542724609375,783.79880050867973
34.22315,737.65020751953125,-437.70733642578125,472.58441162109375,979.311782386904
34.2347141,891.109375,-538.85089111328125,551.92974853515625,1178.5850195826131
34.252399499999996,895.468994140625,-615.5804443359375,794.325439453125,1346.0151955600104
34.2647453,1039.3369140625,-786.4781494140625,1209.3626708984375,1778.0121400601661
34.2817159,1381.13232421875,-1014.0510864257813,1890.337646484375,2551.3138812383081
34.2934336,1541.56689453125,-1238.13623046875,3012.507568359375,3603.4166654630162
34.3106797,1403.8023681640625,-1718.5679931640625,4729.33203125,5224.0519233443911
34.3282398,1441.2952880859375,-3058.7197265625,7168.9833984375,7926.3750504372292
34.3396665,4014.351806640625,-5963.1083984375,9947.814453125,12273.251182665388
34.3573145,10760.4501953125,-10065.5244140625,178.74502563476563,14735.468093008725
34.3685334,13802.603515625,-16061.7666015625,-12811.22265625,24751.154238148683
34.386584899999995,9660.0791015625,-18677.546875,-19886.91015625,28942.306077419369
34.398555,-530.131591796875,-6640.595703125,-24684.251953125,25567.378537549339
34.415873399999995,77.60150146484375,4523.55712890625,-17716.68359375,18285.225419790662
34.4332971,11233.9072265625,2987.2216796875,-4511.35009765625,12469.019393770755
34.445067699999996,7344.24072265625,5064.15185546875,585.9349365234375,8940.1803984823873
34.461742699999995,4636.03564453125,3529.560302734375,1246.8555908203125,5958.6299845151088
34.473327399999995,3196.484130859375,3239.208740234375,723.69940185546875,4608.006606537424
34.4906132,2126.6298828125,2750.0576171875,319.12527465820313,3491.0188336999518
34.5074883,1442.167236328125,1756.932861328125,442.06698608398438,2315.6171179489738
34.5200221,842.28143310546875,1079.445556640625,254.60267639160156,1392.6461306201074
34.5383286,442.93890380859375,585.06298828125,-87.192695617675781,738.98317905945692
34.5494754,257.21844482421875,67.138374328613281,-405.446044921875,484.825107650243
34.5665155,-288.60781860351563,157.81878662109375,-480.4317626953125,582.2507372053376
34.583374,-777.75885009765625,209.26246643066406,-234.54835510253906,838.87575936081271
34.5946806,-1028.873779296875,9.59119701385498,9.59119701385498,1028.9631848831871
34.6116467,-1070.726318359375,-286.86398315429688,46.212127685546875,1109.4509247388078
34.62799,-827.45867919921875,-582.44720458984375,-133.40483093261719,1020.6514884292283
34.639647,-456.01779174804688,-702.77313232421875,-469.09671020507813,960.15312603396023
34.657435,-298.19903564453125,-633.89093017578125,-684.462646484375,979.40261927914
34.6694064,-326.97262573242188,-412.42144775390625,-653.94525146484375,839.43251096154256
34.6867023,-340.051513671875,-268.55349731445313,-282.50433349609375,517.26657664537879
34.698198399999995,-307.79022216796875,-265.0657958984375,236.29220581054688,469.92414658569476
34.7151962,-340.92343139648438,-274.656982421875,537.97894287109375,693.60405639020246
34.7321891,-381.03207397460938,-223.21330261230469,598.14190673828125,743.4940218031287
34.7437427,-364.46548461914063,-98.527748107910156,504.845703125,630.40621077972924
34.7610072,-258.09039306640625,-74.9857177734375,401.08639526367188,482.80824902726766
34.7784832,-184.8485107421875,-251.98689270019531,410.6776123046875,516.06440224509151
34.7899716,-81.0892105102539,-247.62725830078125,299.07095336914063,396.65873778837243
34.8067676,-248.49919128417969,-210.1343994140625,312.14984130859375,450.93883988294948
34.818063599999995,-512.69305419921875,-177.87310791015625,374.9285888671875,659.59416089871627
34.8345354,-642.61016845703125,-165.66612243652344,393.23907470703125,771.38191747277131
34.8518158,-732.41864013671875,-149.971435546875,290.3516845703125,802.0178281263635
34.8631412,-583.31915283203125,-199.67127990722656,134.27674865722656,630.99928629945748
34.879708199999996,-623.42779541015625,-220.59751892089844,-61.034889221191406,664.11651021960517
34.8969109,-316.50949096679688,-137.76446533203125,-66.266448974609375,351.49473401458778
34.9083621,-301.68673706054688,-170.0257568359375,80.217277526855469,355.46934737005586
34.9256568,-401.95834350585938,-243.26762390136719,167.40997314453125,498.77424338155652
34.9421592,-459.50552368164063,-291.22360229492188,220.59751892089844,587.04325069080369
34.953888299999996,-435.96347045898438,-260.7061767578125,288.60781860351563,584.2314020432292
34.971770299999996,-492.63873291015625,-231.06063842773438,285.1201171875,614.30889706968287
34.983280199999996,-708.87664794921875,-99.399673461914063,198.79934692382813,742.90482393735761
35.0003902,-996.612548828125,125.55747985839844,160.43455505371094,1017.2219520268751
35.0176868,-1143.09619140625,-61.034889221191406,246.75532531738281,1171.017656178678
35.029503399999996,-963.47930908203125,-401.95834350585938,498.74221801757813,1156.9817150570082
35.0465388,-721.0836181640625,-431.60385131835938,662.66448974609375,1070.2185266700753
35.0634525,-879.7742919921875,-519.66845703125,535.3631591796875,1153.5474945967549
35.075242599999996,-913.77947998046875,-459.50552368164063,254.60267639160156,1054.0212460634184
35.09289,-789.9658203125,-289.47976684570313,72.369941711425781,844.44179262892885
35.1044662,-837.04986572265625,-177.00117492675781,62.778739929199219,857.85958280995351
35.1217338,-879.7742919921875,-204.90283203125,168.28190612792969,918.86167367826954
35.1383011,-949.5284423828125,-273.78506469726563,403.70217895507813,1067.4914397025832
35.1496831,-823.09906005859375,-338.30764770507813,510.94918823242188,1026.1643143865676
35.166936199999995,-673.12762451171875,-354.874267578125,511.82113647460938,917.059115004077
35.1782682,-687.07843017578125,-370.5689697265625,516.1807861328125,935.86363029541337
35.1956931,-807.40435791015625,-401.95834350585938,501.35800170898438,1031.9070466684061
35.213684,-1027.1300048828125,-406.31796264648438,528.38775634765625,1224.4525122510331
35.2246867,-1250.34326171875,-359.23391723632813,547.57012939453125,1411.4674371106062
35.2420167,-1352.3587646484375,-342.66729736328125,513.56500244140625,1486.6217127219504
35.2534516,-1216.338134765625,-365.33740234375,434.21963500976563,1342.1984082334523
35.2711067,-1056.7755126953125,-364.46548461914063,375.80050659179688,1179.336930001667
35.2877236,-1053.2877197265625,-348.77078247070313,372.31280517578125,1170.330254299985
35.2992207,-1221.5697021484375,-325.228759765625,381.90402221679688,1320.5517655779636
35.3162155,-1496.2266845703125,-320.86911010742188,360.1058349609375,1572.0456385914222
35.3336786,-1817.0958251953125,-274.656982421875,349.6427001953125,1870.7013961974778
35.3456514,-1878.1307373046875,-289.47976684570313,307.79022216796875,1925.0736148739609
35.3629721,-1810.9923095703125,-333.94802856445313,285.99203491210938,1863.6002455296223
35.3743434,-1647.070068359375,-341.79537963867188,383.64785766601563,1725.3549114079176
35.391352499999996,-1650.5577392578125,-279.01663208007813,423.75650024414063,1726.7775488175462
35.4083718,-1843.253662109375,-221.46945190429688,413.29339599609375,1901.9579943259514
35.420130799999995,-2118.782470703125,-193.56777954101563,313.02178955078125,2150.5093080870056
35.4370731,-2237.364501953125,-183.10466003417969,217.10981750488281,2255.3190248794494
35.4484978,-2263.5224609375,-194.43971252441406,136.89253234863281,2275.9789758229213
35.466236099999996,-2153.65966796875,-281.63241577148438,170.89768981933594,2178.7089763054942
35.482377299999996,-2047.2845458984375,-382.77593994140625,313.89370727539063,2106.2812470179965
35.4932355,-1894.697265625,-403.70217895507813,515.308837890625,2004.5938182255568
35.510242,-1787.4503173828125,-369.697021484375,704.5169677734375,1956.5271995776125
35.5280032,-1692.4102783203125,-376.67245483398438,785.606201171875,1903.4998796203276
35.539530899999995,-1650.5577392578125,-298.19903564453125,736.77825927734375,1831.9677177360256
35.5560574,-1660.14892578125,-165.66612243652344,589.422607421875,1769.4515336781037
35.573252,-1689.79443359375,34.005149841308594,439.45120239257813,1746.3329972558026
35.585043999999996,-1696.7698974609375,192.69586181640625,359.23391723632813,1745.0526603468804
35.6022172,-1688.9224853515625,192.69586181640625,402.83026123046875,1746.9582353480216
35.6142368,-1595.6263427734375,144.73988342285156,479.55984497070313,1672.4086535635124
35.6311959,-1483.1478271484375,150.84336853027344,498.74221801757813,1572.0130403523326
35.6487579,-1477.0443115234375,190.95201110839844,489.15103149414063,1567.6068704754612
35.660323,-1515.4090576171875,204.90283203125,476.94406127929688,1601.8506235202547
35.676938799999995,-1551.1580810546875,261.57809448242188,473.45632934570313,1642.7645563901792
35.6879147,-1545.926513671875,289.47976684570313,524.9000244140625,1658.0733870117463
35.705272799999996,-1470.9407958984375,283.37625122070313,612.09271240234375,1618.2170476701467
35.722103,-1379.388427734375,237.16413879394531,706.2608642578125,1567.725636608516
35.7339844,-1286.9642333984375,224.08523559570313,713.23626708984375,1488.3538233736845
35.7511402,-1221.5697021484375,287.73590087890625,647.84173583984375,1412.346770647209
35.767936999999996,-1206.7469482421875,380.16015625,560.6490478515625,1383.866791403248
35.779634699999995,-1205.0030517578125,476.07211303710938,491.76681518554688,1385.8252458643533
35.7965197,-1228.5450439453125,539.7227783203125,447.29852294921875,1414.460876473061
35.813328,-1188.4364013671875,526.64385986328125,455.1458740234375,1377.2772421944846
35.8251464,-1130.017333984375,494.38259887695313,500.486083984375,1331.1046726082436
35.842124999999996,-1089.0367431640625,495.2545166015625,559.777099609375,1320.843845964662
35.8533009,-1038.4649658203125,465.6090087890625,635.634765625,1303.5462360702304
35.8701502,-969.582763671875,399.34255981445313,724.5712890625,1274.5857243129801
35.886551499999996,-928.60223388671875,373.18475341796875,782.11846923828125,1270.1489160278281
35.8980673,-885.005859375,374.05667114257813,833.56219482421875,1271.9983085659028
35.9143645,-891.98126220703125,410.6776123046875,875.4146728515625,1315.5369712860738
35.9309237,-915.5233154296875,494.38259887695313,892.85321044921875,1371.0521326985252
35.9477757,-865.823486328125,533.61932373046875,927.73028564453125,1376.6202726380413
35.9587682,-716.72393798828125,449.914306640625,1017.5387573242188,1323.4429376676046
35.9758795,-439.45120239257813,245.011474609375,1228.5450439453125,1327.5808476236514
35.9929554,-72.369941711425781,-13.950831413269043,1636.60693359375,1638.2656345194982
36.0043407,373.18475341796875,-347.89886474609375,2130.11767578125,2190.3656756238138
36.0215944,685.3345947265625,-631.275146484375,2661.12109375,2819.5313959768364
36.0331204,614.70849609375,-805.6605224609375,3378.717041015625,3527.4189226502785
36.0492165,91.552330017089844,-1028.0018310546875,4190.48095703125,4315.7039107224318
36.0657995,-676.61529541015625,-1500.5863037109375,5085.9501953125,5345.6951748174979
36.0827666,-1395.0831298828125,-2445.755126953125,6125.287109375,6741.4477119218736
36.0935929,-1447.3988037109375,-4592.439453125,7183.80615234375,8648.26770295964
36.1109588,1774.371337890625,-8343.46875,6510.6787109375,10730.834156952063
36.1281327,7705.21875,-9858.005859375,-4959.5205078125,13459.105437444055
36.1393887,7811.59375,-12489.4814453125,-18580.763671875,23711.87302424492
36.1558746,4125.95849609375,-9835.3359375,-26679.220703125,28732.180283456055
36.172622,-303.43057250976563,1915.62353515625,-23794.88671875,23873.799814837254
36.183715299999996,7449.744140625,5037.994140625,-12856.5634765625,15689.846944716484
36.2000399,9318.283203125,5187.96533203125,-5086.82177734375,11816.13904515592
36.216505,5979.67529296875,5761.693359375,-1940.909423828125,8527.646590256405
36.233249,4605.51806640625,4255.87548828125,787.35003662109375,6320.0627300616852
36.2445129,2953.216552734375,3304.603271484375,1860.692138671875,4806.66891143595
36.2616286,1627.0157470703125,2449.242919921875,716.72393798828125,3026.4937345528456
36.272860099999995,846.64105224609375,1328.816650390625,-452.53009033203125,1639.3102953253388
36.2902622,826.5867919921875,131.66096496582031,-929.47412109375,1250.800733999891
36.3073007,635.634765625,-272.91314697265625,-1219.8258056640625,1402.3152773986478
36.3190642,-120.32592010498047,-3.4877078533172607,-1344.5113525390625,1349.8893540811407
36.336134099999995,-493.51065063476563,6.9754157066345215,-809.148193359375,947.79861654835236
36.3525935,-514.4368896484375,-226.70100402832031,-283.37625122070313,629.55600101540313
36.3637762,-723.69940185546875,-182.23274230957031,42.724422454833984,747.51252356714974
36.3805682,-898.95672607421875,-158.69070434570313,39.236713409423828,913.69877677437364
36.397354199999995,-837.04986572265625,-251.11495971679688,-180.48887634277344,892.34939075642467
36.4083626,-439.45120239257813,-276.40084838867188,-432.47576904296875,675.6848962967631
36.425533099999996,-103.75930786132813,-264.19387817382813,-688.82232666015625,745.010467670019
36.4422251,-28.773590087890625,-130.78904724121094,-678.35919189453125,691.451290831546
36.4535522,-156.07492065429688,-34.877079010009766,-422.88458251953125,452.11410244564786
36.4701689,-385.3917236328125,-24.413955688476563,-49.699836730957031,389.34932342064343
36.487088199999995,-588.55072021484375,-39.236713409423828,308.66213989257813,665.73552297263666
36.4978273,-626.91546630859375,-66.266448974609375,585.06298828125,860.06566284976873
36.5149812,-445.5546875,-142.12409973144531,714.108154296875,853.62093186085
36.531658799999995,-360.97775268554688,-149.971435546875,716.72393798828125,816.38812626062122
36.542744899999995,-370.5689697265625,-221.46945190429688,651.3294677734375,781.40908302951345
36.5593125,-344.41116333007813,-313.89370727539063,617.32427978515625,773.4581923450861
36.5759453,-305.1744384765625,-228.44486999511719,638.25054931640625,743.42602875421676
36.5926713,-309.5340576171875,-190.95201110839844,623.42779541015625,721.75911456750578
36.603952199999995,-381.90402221679688,-274.656982421875,539.7227783203125,715.9523850202994
36.621016399999995,-416.78109741210938,-330.4603271484375,467.35284423828125,708.04603804887267
36.6372177,-423.75650024414063,-209.26246643066406,354.00234985351563,590.48964009338727
36.648111899999996,-421.14071655273438,-134.27674865722656,272.91314697265625,519.49141875398209
36.6650223,-414.16531372070313,-152.58721923828125,231.06063842773438,498.201550775258
36.681712499999996,-322.61297607421875,-215.365966796875,188.33622741699219,431.19852335494159
36.6929301,-292.09552001953125,-172.64154052734375,217.10981750488281,402.81703934682105
36.7090203,-398.47061157226563,-155.2030029296875,285.1201171875,513.96525332962119
36.7249295,-508.33343505859375,-246.75532531738281,375.80050659179688,678.61409691046663
36.7416239,-517.05267333984375,-345.2830810546875,460.37744140625,773.63509591167224
36.7584306,-605.1173095703125,-262.45001220703125,416.78109741210938,780.22653787802324
36.7693747,-719.3397216796875,-186.59237670898438,210.1343994140625,772.28415499039374
36.786021999999996,-746.3695068359375,-138.63638305664063,47.084056854248047,760.59476454377614
36.8019512,-626.91546630859375,-122.06977844238281,47.955982208251953,640.48716531672369
36.8128975,-509.20535278320313,-266.80966186523438,330.4603271484375,663.08484735119634
36.8295562,-586.80682373046875,-392.36712646484375,618.19622802734375,938.328719934627
36.846556199999995,-787.35003662109375,-503.97378540039063,739.39404296875,1191.8947970839165
36.858069799999996,-996.612548828125,-626.0435791015625,680.9749755859375,1359.7404358149588
36.8743384,-1164.0224609375,-687.95037841796875,537.97894287109375,1455.2131650397889
36.8910294,-1249.4713134765625,-633.01898193359375,497.87030029296875,1486.5283147666246
36.9075239,-1239.880126953125,-588.55072021484375,609.4769287109375,1501.7179515839937
36.918899599999996,-1165.766357421875,-609.4769287109375,688.82232666015625,1484.9072443870341
36.9353295,-1141.3524169921875,-595.526123046875,746.3695068359375,1488.0874113235654
36.9516182,-1196.2838134765625,-578.08758544921875,785.606201171875,1543.5210792717537
36.9627221,-1370.669189453125,-510.0772705078125,781.24658203125,1658.0889815508388
36.9795808,-1597.3702392578125,-446.42660522460938,655.6890869140625,1783.4843912457231
36.9962879,-1771.755615234375,-443.81082153320313,531.0035400390625,1902.1174424726071
37.012844699999995,-1732.5189208984375,-457.76165771484375,569.3682861328125,1880.2520553901129
37.023799499999996,-1605.217529296875,-487.40716552734375,660.0487060546875,1802.7627008937784
37.04081,-1538.0792236328125,-503.10186767578125,730.6748046875,1775.5801467787621
37.0572394,-1727.287353515625,-449.914306640625,836.177978515625,1971.0753655528758
37.0679379,-1933.0621337890625,-355.7462158203125,881.5181884765625,2154.1492287616929
37.0846826,-2170.226318359375,-223.21330261230469,841.4095458984375,2338.3063262309738
37.1175832,-2211.206787109375,-185.72044372558594,816.1236572265625,2364.3149879956886
37.1290672,-2208.591064453125,-258.09039306640625,750.7291259765625,2346.9297734625325
37.145828099999996,-1947.8848876953125,-235.42027282714844,782.99041748046875,2112.522718087554
37.162572499999996,-1893.8253173828125,-223.21330261230469,797.81317138671875,2067.1004735284
37.1731888,-1947.012939453125,-192.69586181640625,760.3203125,2099.0659968564978
37.1889876,-2062.979248046875,-102.88738250732422,675.743408203125,2173.2690457191979
37.2058992,-2117.91064453125,73.241867065429688,617.32427978515625,2207.2605500307991
37.222535199999996,-2112.678955078125,171.76960754394531,602.50152587890625,2203.6164035494494
37.2334094,-1901.6727294921875,54.931400299072266,567.62445068359375,1985.3398061407358
37.2504944,-1816.223876953125,18.310466766357422,526.64385986328125,1891.1261722951056
37.267146,-1765.652099609375,43.596347808837891,570.240234375,1855.9638744591227
37.2783154,-1674.9716796875,21.798173904418945,625.171630859375,1787.9722750009585
37.2949413,-1726.4154052734375,63.650669097900391,643.48211669921875,1843.5375758995976
37.311637399999995,-1779.6029052734375,172.64154052734375,592.03839111328125,1883.4280072583917
37.322830599999996,-1809.2484130859375,333.07611083984375,505.7176513671875,1907.8967107185135
37.3392133,-1761.29248046875,410.6776123046875,478.68789672851563,1870.8151713834297
37.3555644,-1594.75439453125,316.50949096679688,516.1807861328125,1705.8318911081135
37.3722536,-1452.63037109375,247.62725830078125,585.06298828125,1585.4819312543784
37.383471199999995,-1361.949951171875,197.92741394042969,666.1522216796875,1529.0002332030567
37.4002768,-1416.88134765625,225.82908630371094,644.35400390625,1572.813915219145
37.4168636,-1549.4141845703125,324.35684204101563,552.80169677734375,1676.7472654775427
37.427872,-1587.779052734375,374.9285888671875,463.86514282226563,1696.1086751082698
37.444178799999996,-1411.6497802734375,352.25848388671875,462.12127685546875,1526.5638591748275
37.460945699999996,-1152.6875,285.99203491210938,523.15618896484375,1297.7566469649225
37.4774095,-923.37066650390625,162.17842102050781,536.235107421875,1080.0293136930695
37.4886182,-910.291748046875,183.10466003417969,497.87030029296875,1053.5811402081374
37.5046213,-994.86865234375,296.45516967773438,450.7862548828125,1131.7497738617824
37.5212387,-1021.0264892578125,355.7462158203125,371.44088745117188,1143.2492268561218
37.537788,-1021.0264892578125,374.05667114257813,301.68673706054688,1128.4628360343288
37.548748499999995,-966.96697998046875,378.41629028320313,253.73074340820313,1068.926245947179
37.565365299999996,-822.22711181640625,325.228759765625,236.29220581054688,915.240501787071
37.5821428,-660.0487060546875,267.68157958984375,250.2430419921875,754.94324454337948
37.598134699999996,-558.03326416015625,302.55865478515625,228.44486999511719,674.63317597174841
37.625571799999996,-483.04754638671875,222.34136962890625,323.48489379882813,622.42517079141828
37.6423646,-498.74221801757813,190.95201110839844,381.03207397460938,656.04261445185671
37.653631,-530.131591796875,149.09951782226563,394.11099243164063,677.19542614475279
37.670690199999996,-533.61932373046875,81.961135864257813,332.20416259765625,633.89811176397438
37.6879588,-501.35800170898438,60.162960052490234,228.44486999511719,554.22602453059665
37.698337699999996,-396.72677612304688,40.980567932128906,147.35565185546875,425.18846406596697
37.714846699999995,-167.40997314453125,-51.443691253662109,262.45001220703125,315.51951030883276
37.731684699999995,224.08523559570313,-260.7061767578125,544.0823974609375,643.58958866540024
37.742686,556.2894287109375,-319.9971923828125,789.09393310546875,1017.1162012731298
37.7593209,678.35919189453125,-231.93257141113281,797.81317138671875,1072.599537267901
37.7754385,585.06298828125,-20.054319381713867,636.5067138671875,864.77839518598955
37.7925039,468.22479248046875,243.26762390136719,518.79656982421875,739.97531985423041
37.8036709,285.99203491210938,393.23907470703125,694.92578125,848.14518530469422
37.8206394,256.34652709960938,75.8576431274414,1480.531982421875,1504.4742852408372
37.837700399999996,401.08639526367188,-945.1688232421875,3240.95263671875,3399.7041627689969
37.8487019,517.92462158203125,-2541.6669921875,6175.85888671875,6698.4737068588465
37.8652929,498.74221801757813,-4948.185546875,9725.4736328125,10923.283452738326
37.8820246,2306.246826171875,-9073.2724609375,11321.099609375,14690.484809529788
37.8933137,7005.93310546875,-10518.0546875,-1648.8138427734375,12744.848377900187
37.910114899999996,8328.646484375,-13032.6923828125,-18391.5546875,24030.536965078707
37.926734499999995,4575.0009765625,-10278.275390625,-25775.904296875,28124.20347783621
37.937788999999995,-3004.660400390625,1588.65087890625,-24214.283203125,24451.65243450566
37.9541831,4860.12109375,7883.96337890625,-12456.3486328125,15522.186600734394
37.9705071,10049.830078125,6742.611328125,-5655.318359375,13358.312687882009
37.9865244,6152.31689453125,6915.2529296875,-2758.77685546875,9658.2905314841428
38.0029065,4867.96826171875,5011.83642578125,207.51861572265625,6989.8986639121094
38.0135024,3978.602783203125,4125.08642578125,1034.977294921875,5823.8128513612264
38.0298832,2783.19091796875,3065.6953125,-571.98406982421875,4179.9288523946052
38.0464823,1743.8538818359375,1675.8436279296875,-1579.931640625,2888.8859817436219
38.0628233,1314.8658447265625,353.13043212890625,-1570.3404541015625,2078.3508927782013
38.0737677,306.04635620117188,344.41116333007813,-1222.441650390625,1306.3870062811202
38.0902977,-62.778739929199219,715.85205078125,-459.50552368164063,852.95407560358024
38.106870099999995,466.48092651367188,422.88458251953125,281.63241577148438,689.74824577308948
38.1182544,419.39688110351563,270.29736328125,449.914306640625,671.84618164879589
38.1346245,-267.68157958984375,-24.413955688476563,449.04238891601563,523.34361210152838
38.150672,-1150.0716552734375,-281.63241577148438,316.50949096679688,1225.6263246800502
38.1670532,-1553.7738037109375,-496.12643432617188,102.88738250732422,1634.3011611740244
38.1783309,-1380.2603759765625,-589.422607421875,-18.310466766357422,1500.9573574303054
38.195790099999996,-1025.3861083984375,-475.2001953125,-40.980567932128906,1130.8896072869227
38.2123316,-721.95550537109375,-283.37625122070313,95.9119644165039,781.486376343032
38.223637,-547.57012939453125,-156.94685363769531,323.48489379882813,655.06323205317744
38.2404228,-484.7913818359375,-197.92741394042969,584.1910400390625,784.52349636799624
38.2573824,-432.47576904296875,-251.11495971679688,819.611328125,960.133710997433
38.2687643,-374.9285888671875,-204.90283203125,928.60223388671875,1022.183313356157
38.2855316,-416.78109741210938,-107.24701690673828,875.4146728515625,975.47898759493762
38.3022409,-441.19503784179688,-57.54718017578125,694.92578125,825.15851859405245
38.313455,-314.765625,52.315616607666016,545.8262939453125,632.25047693517445
38.3300896,-226.70100402832031,61.034889221191406,517.05267333984375,567.85743804019228
38.346588499999996,-232.80450439453125,-28.773590087890625,568.49639892578125,614.99106688187783
38.363516,-336.56381225585938,-94.1681137084961,710.6204833984375,791.91180366568756
38.3746443,-480.4317626953125,-127.30133819580078,729.8028564453125,882.968016741662
38.3912087,-627.78741455078125,-121.19784545898438,598.14190673828125,875.54537073115807
38.407534,-709.74853515625,-89.808479309082031,359.23391723632813,800.53579145795186
38.4183035,-778.63079833984375,-15.694684982299805,148.22758483886719,792.76961354935884
38.4345102,-784.7342529296875,-29.645517349243164,86.320770263671875,790.02403748172924
38.4512382,-727.18707275390625,-168.28190612792969,272.91314697265625,794.7335556656476
38.4675806,-679.2310791015625,-238.90798950195313,512.69305419921875,883.90387152080143
38.478313299999996,-677.48724365234375,-227.57293701171875,617.32427978515625,944.38745935344343
38.495246099999996,-684.462646484375,-248.49919128417969,597.26995849609375,941.79210329202238
38.512294,-670.5118408203125,-255.47459411621094,483.04754638671875,864.97880262427009
38.5235297,-695.7977294921875,-186.59237670898438,347.02694702148438,799.61171662966706
38.5403173,-733.29058837890625,-197.05549621582031,289.47976684570313,812.61583236298588
38.557057799999995,-844.02532958984375,-240.65184020996094,353.13043212890625,946.04078521025349
38.5683335,-907.67596435546875,-251.11495971679688,490.89486694335938,1062.0320850395892
38.5852133,-840.53759765625,-265.93771362304688,645.2259521484375,1092.4938672261055
38.6016435,-787.35003662109375,-241.52377319335938,678.35919189453125,1066.9700119556296
38.6128199,-828.33062744140625,-192.69586181640625,636.5067138671875,1062.263677396835
38.6296227,-915.5233154296875,-157.81878662109375,548.44207763671875,1078.8319716380313
38.646296199999995,-1068.1104736328125,-162.17842102050781,444.6827392578125,1168.2913004566317
38.6575868,-1247.7275390625,-143.86795043945313,437.70733642578125,1330.0788364828468
38.6744456,-1445.6549072265625,-155.2030029296875,484.7913818359375,1532.6541576001518
38.6904658,-1518.896728515625,-148.22758483886719,664.4083251953125,1664.4690178526819
38.707107199999996,-1422.1129150390625,-138.63638305664063,849.2568359375,1662.1860194378069
38.7184111,-1381.13232421875,-130.78904724121094,850.1287841796875,1627.0682903833458
38.7351098,-1433.4478759765625,-4.3596348762512207,731.5467529296875,1609.3329274205328
38.751750099999995,-1640.0946044921875,139.50831604003906,524.028076171875,1727.4195513959858
38.7628225,-1816.223876953125,234.54835510253906,325.228759765625,1859.9612491325279
38.7799219,-1949.628662109375,186.59237670898438,184.8485107421875,1967.2411156459452
38.7959217,-2532.075927734375,325.228759765625,139.50831604003906,2556.6862967980469
38.8128196,-2225.15771484375,-85.448844909667969,360.97775268554688,2255.8664186868345
38.8238051,-2024.6143798828125,-206.64669799804688,544.0823974609375,2106.6067265269526
38.8404965,-1883.3621826171875,-244.13955688476563,614.70849609375,1996.1271926704235
38.856697,-1929.5743408203125,-187.46429443359375,545.8262939453125,2014.0323586282577
38.867762,-2020.2547607421875,-94.1681137084961,454.27395629882813,2072.8390577447831
38.8847743,-1990.6092529296875,-49.699836730957031,403.70217895507813,2031.7408104661013
38.901383599999996,-2052.51611328125,-195.3116455078125,444.6827392578125,2109.1969497284908
38.9177374,-1982.761962890625,-290.3516845703125,531.0035400390625,2073.0687064718136
38.928958099999996,-1943.525146484375,-284.24819946289063,542.33856201171875,2037.6992294644333
38.9458511,-1886.8499755859375,-215.365966796875,537.10699462890625,1973.5929807592804
38.962842599999995,-1765.652099609375,-160.43455505371094,516.1807861328125,1846.5397876252125
38.974041,-1855.4605712890625,-68.010299682617188,511.82113647460938,1925.9595551863008
38.9900946,-1940.0374755859375,108.99086761474609,575.4718017578125,2026.5221959109294
39.006668,-1951.37255859375,237.16413879394531,772.52728271484375,2112.0843008036804
39.0177148,-1943.525146484375,181.36080932617188,1163.1505126953125,2272.245773097603
39.0342507,-2061.2353515625,116.83821105957031,960.863525390625,2277.1914843773425
39.0502581,-1838.8939208984375,53.187545776367188,648.71368408203125,1950.6894194766689
39.0671414,-1793.5537109375,27.901662826538086,600.7576904296875,1891.6985011931938
39.0782707,-1785.7064208984375,66.266448974609375,673.12762451171875,1909.5128862561785
39.0943459,-1706.361083984375,159.56263732910156,666.1522216796875,1838.7188927665188
39.1107781,-1693.2821044921875,360.1058349609375,642.61016845703125,1846.5720474356747
39.1270215,-1742.110107421875,524.9000244140625,653.94525146484375,1933.4197821282262
39.1383021,-1662.7647705078125,482.17559814453125,602.50152587890625,1833.1088560623848
39.1545335,-1508.43359375,281.63241577148438,539.7227783203125,1626.6497477344715
39.1712407,-1313.993896484375,169.15382385253906,584.1910400390625,1447.9199381816827
39.1876124,-1205.0030517578125,252.85882568359375,564.13671875,1354.3338502428949
39.199056,-1171.869873046875,388.87942504882813,459.50552368164063,1317.441282515143
39.2156533,-1153.559326171875,427.24420166015625,393.23907470703125,1291.4618448590638
39.2325082,-1096.8841552734375,389.7513427734375,386.26364135742188,1226.4830043332502
39.2437683,-1037.5931396484375,374.05667114257813,367.95318603515625,1162.7155558369343
39.260032699999996,-1002.7160034179688,376.67245483398438,361.84970092773438,1130.6001626581585
39.2767511,-972.19854736328125,377.54437255859375,333.07611083984375,1094.8285091091354
39.2879378,-905.93212890625,316.50949096679688,333.07611083984375,1015.7908129476596
39.305036799999996,-782.99041748046875,309.5340576171875,306.91830444335938,896.14963722225866
39.3213893,-724.5712890625,353.13043212890625,245.011474609375,842.45787889929636
39.338044,-748.11334228515625,368.82510375976563,180.48887634277344,853.39426090872337
39.354149,-794.325439453125,410.6776123046875,195.3116455078125,915.28992340222385
39.3656636,-824.8428955078125,458.63357543945313,225.82908630371094,970.41709332165908
39.3818056,-859.719970703125,427.24420166015625,213.62210083007813,983.50924644411066
39.3927268,-872.79888916015625,399.34255981445313,162.17842102050781,973.42396787990992
39.4099594,-888.49359130859375,367.08123779296875,140.38023376464844,971.53286458455841
39.426259699999996,-888.49359130859375,267.68157958984375,133.40483093261719,937.48127382061159
39.4428564,-829.2025146484375,193.56777954101563,138.63638305664063,862.70814432388374
39.4540238,-679.2310791015625,179.61695861816406,137.76446533203125,715.95821005763514
39.470773799999996,-503.97378540039063,181.36080932617188,85.448844909667969,542.38623196633557
39.486888199999996,-360.97775268554688,180.48887634277344,8.7192697525024414,403.67957352633255
39.4981863,-292.96746826171875,161.30648803710938,-24.413955688476563,335.32933330519444
39.5151365,-197.05549621582031,93.296188354492188,47.084056854248047,223.05146437581197
39.53201,-34.005149841308594,-68.882232666015625,340.92343139648438,349.47088329063746
39.5429102,231.06063842773438,-414.16531372070313,939.06536865234375,1052.0293210372813
39.559390199999996,488.27911376953125,-1050.6719970703125,1735.1346435546875,2086.3893140147479
39.575852399999995,534.4912109375,-2029.845947265625,2781.447021484375,3484.5950923348928
39.5924957,13.078904151916504,-3282.804931640625,4750.25830078125,5774.2474142591946
39.6036808,-1263.422119140625,-4363.99462890625,8544.0126953125,9676.8195968467626
39.6207202,-2527.71630859375,-6913.5087890625,14584.72265625,16337.077109229402
39.637259,6541.1962890625,-11048.1865234375,4719.74072265625,13679.386932089126
39.6482485,11386.494140625,-14545.4853515625,-13663.9677734375,22976.670956440692
39.6648345,6664.1376953125,-14187.1240234375,-27045.4296875,31259.246412221597
39.6811872,121.19784545898438,-1132.6331787109375,-26609.466796875,26633.836938174227
39.6973841,5679.732421875,7483.7490234375,-16587.5390625,19063.376195728371
39.7086507,13493.0693359375,2732.619140625,-8098.45751953125,15972.32424125491
39.7252163,7772.35693359375,4825.24365234375,-3686.50732421875,9863.20662153972
39.741682,6590.02392578125,3493.811279296875,-454.27395629882813,7472.7168703947809
39.7580154,4939.46630859375,3540.0234375,611.2208251953125,6107.6742094625943
39.7687455,3170.326416015625,2864.280029296875,-183.10466003417969,4276.5169223144221
39.7851065,1270.3975830078125,2122.270263671875,-973.94244384765625,2658.2898590834534
39.801580099999995,176.12924194335938,1371.5411376953125,-1234.6485595703125,1853.7809115176319
39.8183814,40.108638763427734,815.251708984375,-797.81317138671875,1141.3807026332331
39.829884799999995,179.61695861816406,619.068115234375,-155.2030029296875,663.02002627482773
39.8466228,383.64785766601563,503.10186767578125,612.96466064453125,880.92158740131242
39.862683,-32.261299133300781,389.7513427734375,1073.342041015625,1142.3703592211475
39.873456399999995,-949.5284423828125,248.49919128417969,1008.8195190429688,1407.505926440421
39.8897842,-1696.7698974609375,138.63638305664063,626.91546630859375,1814.1860801840448
39.9062103,-1696.7698974609375,-88.064620971679688,215.365966796875,1712.6488145708211
39.923095599999996,-976.5582275390625,-182.23274230957031,-153.45915222167969,1005.1987144562503
39.933816199999995,-291.22360229492188,-196.18356323242188,-356.61813354492188,500.47544414213195
39.950809299999996,10.463123321533203,-131.66096496582031,-413.29339599609375,433.88422167596337
39.9676651,1.7438539266586304,0,-170.0257568359375,170.03469944146951
39.978896,-212.75018310546875,74.1137924194336,274.656982421875,355.2350667252482
39.9949735,-395.85482788085938,142.12409973144531,617.32427978515625,746.98699512998246
40.0120088,-449.914306640625,168.28190612792969,783.86236572265625,919.33774623164629
40.0230296,-318.25335693359375,-17.438539505004883,818.73944091796875,878.59181305896368
40.039521799999996,-100.27159881591797,-178.74502563476563,687.95037841796875,717.82999441629624
40.0563198,-20.054319381713867,-254.60267639160156,579.8314208984375,633.584386812626
40.0729553,-61.906814575195313,-255.47459411621094,542.33856201171875,602.68635107709986
40.084074099999995,-144.73988342285156,-182.23274230957031,525.77197265625,574.97354152497439
40.1006577,-195.3116455078125,-129.04519653320313,462.12127685546875,518.03028496584182
40.1173675,-266.80966186523438,-198.79934692382813,381.90402221679688,506.51678964013519
40.1286367,-268.55349731445313,-244.13955688476563,251.11495971679688,441.34320788846657
40.1452496,-277.27276611328125,-159.56263732910156,89.808479309082031,332.27396078437829
40.1621685,-290.3516845703125,-74.9857177734375,-84.576911926269531,311.57697705992308
40.1727109,-339.17959594726563,-91.552330017089844,-197.92741394042969,403.23676497518761
40.1894734,-298.19903564453125,-227.57293701171875,-132.53289794921875,397.84051522976659
40.2059354,-242.39569091796875,-210.1343994140625,-17.438539505004883,321.27284269414338
40.2228571,-340.92343139648438,-188.33622741699219,53.187545776367188,393.10079579992146
40.2338157,-511.82113647460938,-240.65184020996094,-51.443691253662109,567.90900442624024
40.2504804,-567.62445068359375,-109.86280059814453,-47.955982208251953,580.14405814304212
40.2663505,-588.55072021484375,-143.86795043945313,-19.182394027709961,606.18305953704657
40.2829839,-409.8056640625,-422.88458251953125,34.005149841308594,589.854560587739
40.293969,-268.55349731445313,-599.01385498046875,60.162960052490234,659.21025563977958
40.3107694,-347.89886474609375,-531.0035400390625,-34.877079010009766,635.77888472794336
40.3273393,-507.46148681640625,-359.23391723632813,-103.75930786132813,630.34289229175624
40.3386274,-692.30999755859375,-347.89886474609375,-101.14352416992188,781.38131875078284
40.3553918,-810.0201416015625,-395.85482788085938,30.517444610595703,902.08923559831976
40.3718042,-959.11968994140625,-410.6776123046875,262.45001220703125,1075.8469639261195
40.382999,-1044.5684814453125,-424.62841796875,443.81082153320313,1211.7758254254729
40.3995874,-1031.4896240234375,-388.00750732421875,569.3682861328125,1240.4438380925524
40.416201099999995,-1013.1791381835938,-406.31796264648438,592.91033935546875,1242.2435040418834
40.4328138,-1059.3912353515625,-457.76165771484375,512.69305419921875,1262.8181550158656
40.4437965,-1200.6434326171875,-401.08639526367188,392.36712646484375,1325.2799367238108
40.4606461,-1327.94482421875,-388.00750732421875,391.49520874023438,1437.7954584626702
40.477095299999995,-1431.7041015625,-405.446044921875,473.45632934570313,1561.5133766865986
40.488697699999996,-1457.8619384765625,-368.82510375976563,583.31915283203125,1612.9645448312622
40.5051464,-1546.7984619140625,-313.89370727539063,708.00469970703125,1729.8512641421057
40.5212222,-1606.0894775390625,-289.47976684570313,642.61016845703125,1753.9298087093209
40.5376085,-1599.9859619140625,-389.7513427734375,505.7176513671875,1722.6756892752942
40.548401999999996,-1564.2369384765625,-449.04238891601563,443.81082153320313,1686.8444836581432
40.5647995,-1537.207275390625,-473.45632934570313,444.6827392578125,1668.8049142740465
40.5812229,-1560.749267578125,-451.65817260742188,490.89486694335938,1697.3247042095593
40.5981507,-1685.434814453125,-409.8056640625,592.03839111328125,1832.7958567773851
40.6091146,-1832.79052734375,-449.914306640625,695.7977294921875,2011.3872031032163
40.625663599999996,-1906.0323486328125,-527.51580810546875,736.77825927734375,2110.4678261417857
40.6422513,-1890.337646484375,-527.51580810546875,664.4083251953125,2071.9767778877476
40.6529914,-1829.302734375,-459.50552368164063,547.57012939453125,1964.0078581540693
40.669056999999995,-1795.297607421875,-379.28823852539063,456.01779174804688,1890.7419954846212
40.685441999999995,-1831.9185791015625,-314.765625,429.8599853515625,1907.8214502792378
40.7016633,-1861.5640869140625,-331.33224487304688,484.7913818359375,1951.9796592391012
40.7128517,-1925.2147216796875,-365.33740234375,594.6541748046875,2047.8126695906828
40.729638699999995,-1961.835693359375,-380.16015625,650.45751953125,2101.5270678374882
40.7462452,-1921.72705078125,-363.59353637695313,649.5855712890625,2060.8727597371067
40.7634924,-1871.1552734375,-259.834228515625,601.62957763671875,1982.5977989266032
40.7748455,-1903.41650390625,-146.48373413085938,475.2001953125,1967.2994427215826
40.791799499999996,-1987.12158203125,-75.8576431274414,368.82510375976563,2022.4832560391271
40.802952499999996,-2035.0775146484375,-59.291034698486328,385.3917236328125,2072.096208690115
40.8200362,-1999.3284912109375,-142.12409973144531,493.51065063476563,2064.2350732855566
40.8363381,-1813.6080322265625,-207.51861572265625,583.31915283203125,1916.3766082085301
40.8530855,-1649.685791015625,-161.30648803710938,521.412353515625,1737.6287965386673
40.8644506,-1629.6314697265625,-59.291034698486328,483.91946411132813,1700.9974137736272
40.881605199999996,-1688.0506591796875,-8.7192697525024414,532.74737548828125,1770.1442934720451
40.8983613,-1747.3416748046875,-51.443691253662109,643.48211669921875,1862.7717563863694
40.9097192,-1807.504638671875,-42.724422454833984,681.84686279296875,1932.3078272871169
40.9267361,-1830.1746826171875,2.6157808303833008,663.53643798828125,1946.7477534956736
40.9380488,-1800.5291748046875,25.285881042480469,692.30999755859375,1929.2065254457657
40.9542753,-1652.3016357421875,31.389369964599609,773.39923095703125,1824.6184144823296
40.9714859,-1614.8087158203125,135.148681640625,754.216796875,1787.3766619061666
40.9880675,-1657.533203125,177.00117492675781,655.6890869140625,1791.2771739977798
40.9991142,-1615.6806640625,169.15382385253906,599.01385498046875,1731.4313797572049
41.0157375,-1484.0196533203125,181.36080932617188,585.06298828125,1605.4609228682493
41.0327931,-1368.053466796875,256.34652709960938,601.62957763671875,1516.3251559801795
41.0438744,-1245.1116943359375,289.47976684570313,637.37860107421875,1428.4093068488737
41.0607883,-1162.2786865234375,308.66213989257813,685.3345947265625,1384.1414553717891
41.0771941,-1181.4610595703125,300.81478881835938,661.79254150390625,1387.1947017066634
41.088794199999995,-1230.2889404296875,298.19903564453125,509.20535278320313,1364.4865822374356
41.105542199999995,-1227.6732177734375,348.77078247070313,352.25848388671875,1323.9745570869488
41.121955899999996,-1140.48046875,413.29339599609375,264.19387817382813,1241.4932686240113
41.1328995,-922.49871826171875,391.49520874023438,299.94287109375,1046.0583681521005
41.1497476,-689.6942138671875,393.23907470703125,393.23907470703125,885.9751962638469
41.1665972,-573.72796630859375,435.091552734375,509.20535278320313,881.90619109317436
41.1776872,-510.94918823242188,415.90914916992188,675.743408203125,943.757726881531
41.1948898,-521.412353515625,368.82510375976563,800.428955078125,1024.0064998277912
41.2107038,-530.131591796875,328.71646118164063,840.53759765625,1046.7079198833883
41.226549,-520.5404052734375,300.81478881835938,825.71484375,1021.3994585289125
41.2428038,-496.99838256835938,306.04635620117188,743.75372314453125,945.43184054215772
41.2536681,-539.7227783203125,398.47061157226563,619.068115234375,912.86627554336451
41.2695666,-543.21051025390625,420.268798828125,626.91546630859375,929.90672844950734
41.2866394,-493.51065063476563,257.21844482421875,842.28143310546875,1009.5306350982825
41.3032166,-380.16015625,-13.950831413269043,1238.13623046875,1295.2597018731462
41.3146699,-320.86911010742188,-252.85882568359375,1646.1981201171875,1696.1317231349035
41.331941799999996,-340.051513671875,-497.87030029296875,1955.732177734375,2046.557651005704
41.3430363,-566.75250244140625,-784.7342529296875,2103.087890625,2315.1662839714609
41.3603848,-1115.194580078125,-1186.692626953125,2246.955810546875,2775.0150912834506
41.377279099999996,-2096.984375,-1786.578369140625,3051.744384765625,4111.2467121329319
41.388551899999996,-3119.754638671875,-2918.339599609375,5058.92041015625,6621.3481059719534
41.4053136,-1822.327392578125,-6202.0166015625,9184.0068359375,11230.844519195525
41.4227886,6096.51318359375,-9110.7646484375,8452.4599609375,13842.600365112128
41.4341042,10896.4716796875,-11567.85546875,-4680.50390625,16566.698283862796
41.4511354,8169.95556640625,-12935.908203125,-20198.1875,25338.758321628258
41.468305,2377.744873046875,-6038.96630859375,-25354.763671875,26172.252971692433
41.4804987,1308.7623291015625,6962.3369140625,-22030.978515625,23141.975034446023
41.4977393,12377.875,5758.20556640625,-11465.83984375,17827.905210179404
41.5092816,10119.583984375,7384.349609375,-7459.3349609375,14579.995789771689
41.5259143,7663.3662109375,6164.5234375,-4180.8896484375,10686.831576610404
41.542594199999996,6855.08984375,5511.4501953125,-1421.240966796875,8910.0093101520561
41.5543082,5779.1318359375,4160.83544921875,-971.32666015625,7187.098990089954
41.5718965,4324.7578125,2777.959228515625,-1893.8253173828125,5477.87932915969
41.5833528,2546.898681640625,2123.14208984375,-2815.4521484375,4349.8501156189477
41.6001796,1123.0418701171875,1550.2861328125,-2453.6025390625,3112.0372033960316
41.617235699999995,363.59353637695313,1021.8983764648438,-1324.45703125,1711.9179241844936
41.6281314,198.79934692382813,635.634765625,449.914306640625,803.72608451412327
41.6454532,154.33106994628906,394.11099243164063,1946.1409912109375,1991.6340806427543
41.662084,-452.53009033203125,361.84970092773438,2219.926025390625,2294.2951525302983
41.6740383,-1150.943603515625,145.61180114746094,1443.0391845703125,1851.5496383603363
41.690878399999995,-1386.3638916015625,-230.188720703125,408.06182861328125,1463.3885823822684
41.7071441,-1316.6097412109375,-327.84454345703125,-140.38023376464844,1364.056401091208
41.7183863,-1136.9927978515625,-285.99203491210938,-133.40483093261719,1179.9749638512053
41.734836099999995,-919.01104736328125,-88.936553955078125,136.02059936523438,933.26985339548889
41.751525699999995,-663.53643798828125,80.217277526855469,545.8262939453125,862.92627687078311
41.768209,-543.21051025390625,32.261299133300781,940.8092041015625,1086.8488433974123
41.778896599999996,-579.8314208984375,-54.931400299072266,1088.164794921875,1234.2303497756341
41.795584999999996,-534.4912109375,-19.182394027709961,933.83380126953125,1076.1479392739514
41.8123673,-375.80050659179688,41.852493286132813,655.6890869140625,756.90543045159473
41.8235941,-177.87310791015625,21.798173904418945,451.65817260742188,485.91059649513824
41.8406977,-3.4877078533172607,26.157808303833008,262.45001220703125,263.77339507387967
41.857324,-92.42425537109375,46.212127685546875,186.59237670898438,213.29444149352315
41.8681853,-220.59751892089844,38.364788055419922,212.75018310546875,308.86528249060933
41.884736499999995,-266.80966186523438,-74.9857177734375,320.86911010742188,423.98966892575004
41.9010732,-241.52377319335938,-126.42941284179688,323.48489379882813,423.03735764719164
41.9176822,-271.16928100585938,-122.94170379638672,236.29220581054688,380.107153340222
41.9291383,-332.20416259765625,-86.320770263671875,109.86280059814453,360.38967241222565
41.945707899999995,-387.13555908203125,-179.61695861816406,10.463123321533203,426.9024125940702
41.9621916,-474.32827758789063,-167.40997314453125,-12.206977844238281,503.15248616680555
41.973033,-633.89093017578125,-106.37509155273438,-8.7192697525024414,642.81365661207508
41.989501,-578.95953369140625,-170.0257568359375,82.833061218261719,609.06831773668227
42.0064354,-456.01779174804688,-246.75532531738281,231.93257141113281,568.0080410034991
42.023077799999996,-403.70217895507813,-316.50949096679688,367.08123779296875,630.79500814825485
42.0342181,-400.2144775390625,-374.05667114257813,422.88458251953125,692.04146652556153
42.050608499999996,-463.86514282226563,-345.2830810546875,405.446044921875,706.24200677312433
42.0667271,-627.78741455078125,-331.33224487304688,234.54835510253906,747.60352142179875
42.0778299,-741.137939453125,-298.19903564453125,59.291034698486328,801.07648633059341
42.094784,-709.74853515625,-443.81082153320313,142.99601745605469,849.21074503017894
42.1117728,-708.87664794921875,-673.99957275390625,364.46548461914063,1043.8470268956241
42.1229815,-828.33062744140625,-750.7291259765625,571.1121826171875,1255.3465553705778
42.139762499999996,-1005.331787109375,-755.960693359375,660.920654296875,1420.9098083105507
42.1566457,-1143.09619140625,-725.4432373046875,665.2802734375,1508.4875324588049
42.1734224,-1203.2591552734375,-662.66448974609375,607.73309326171875,1502.0973115498391
42.184418,-1160.5347900390625,-636.5067138671875,514.4368896484375,1420.07996574847
42.200878499999995,-1147.4559326171875,-667.02410888671875,501.35800170898438,1418.7798014533921
42.2169828,-1251.2152099609375,-683.59075927734375,599.01385498046875,1546.4971471895867
42.227995,-1402.05859375,-703.64508056640625,731.5467529296875,1730.9088223923006
42.244091499999996,-1469.1968994140625,-715.85205078125,844.02532958984375,1839.3918682121166
42.2610008,-1398.57080078125,-688.82232666015625,915.5233154296875,1807.9434237826097
42.277472499999995,-1329.6885986328125,-622.55584716796875,850.1287841796875,1696.5749325826885
42.2886308,-1385.491943359375,-569.3682861328125,673.99957275390625,1642.5722493820483
42.3055301,-1471.812744140625,-574.599853515625,538.85089111328125,1669.35856793216
42.3221513,-1506.6898193359375,-617.32427978515625,545.8262939453125,1717.3030662247409
42.3334873,-1490.1231689453125,-647.84173583984375,710.6204833984375,1773.4563554677716
42.3504704,-1492.739013671875,-671.3837890625,958.24774169921875,1896.6456415539658
42.3666276,-1525.000244140625,-664.4083251953125,1102.9876708984375,1995.9073048044506
42.3776872,-1607.8333740234375,-592.03839111328125,1033.2333984375,2000.8020568817644
42.3946293,-1654.04541015625,-454.27395629882813,782.11846923828125,1885.1897374412952
42.4112045,-1614.8087158203125,-287.73590087890625,558.03326416015625,1732.5704202868874
42.4277441,-1527.6160888671875,-261.57809448242188,485.663330078125,1624.1622100829436
42.4389113,-1493.61083984375,-310.406005859375,537.97894287109375,1617.6051966858361
42.4554787,-1510.177490234375,-287.73590087890625,648.71368408203125,1668.6094344035314
42.472353299999995,-1571.21240234375,-292.96746826171875,721.95550537109375,1753.7839383670187
42.4834214,-1641.8385009765625,-239.77992248535156,687.95037841796875,1796.2193066776319
42.5003272,-1700.257568359375,-148.22758483886719,556.2894287109375,1795.0780328905034
42.516711799999996,-1705.4891357421875,-81.0892105102539,396.72677612304688,1752.9006780444795
42.5334588,-1671.4840087890625,-18.310466766357422,323.48489379882813,1702.5969991007255
42.5445199,-1535.46337890625,21.798173904418945,380.16015625,1581.9749342981986
42.5609484,-1375.9007568359375,7.8473424911499023,440.3231201171875,1444.6622178058144
42.577496,-1332.304443359375,-20.926246643066406,421.14071655273438,1397.4378486116123
42.5887436,-1496.2266845703125,-79.345352172851563,353.13043212890625,1539.3800955668003
42.605565399999996,-1702.00146484375,-77.60150146484375,281.63241577148438,1726.8896308024873
42.6216844,-1780.474853515625,39.236713409423828,331.33224487304688,1811.466610283853
42.6330707,-1627.8876953125,97.65582275390625,434.21963500976563,1687.6319799338953
42.6495762,-1421.240966796875,106.37509155273438,458.63357543945313,1497.1928073314223
42.666461299999995,-1313.993896484375,156.94685363769531,422.01266479492188,1388.9949474754303
42.683084699999995,-1300.0430908203125,184.8485107421875,379.28823852539063,1366.7993919361136
42.693835199999995,-1432.5760498046875,214.49403381347656,339.17959594726563,1487.7246476826717
42.7107089,-1565.9808349609375,283.37625122070313,340.92343139648438,1627.5216930339232
42.7275491,-1515.4090576171875,329.58837890625,393.23907470703125,1599.915648181086
42.7392535,-1328.816650390625,345.2830810546875,470.84054565429688,1451.4354673391492
42.7560412,-1149.19970703125,355.7462158203125,518.79656982421875,1310.1012241703152
42.7727284,-1068.1104736328125,360.1058349609375,510.0772705078125,1237.2206828798674
42.7839773,-1118.6822509765625,396.72677612304688,408.93374633789063,1255.4158364609382
42.8004053,-1242.4959716796875,433.34768676757813,297.32708740234375,1349.0699960232689
42.8171755,-1361.0780029296875,415.0372314453125,223.21330261230469,1440.3518361872382
42.82799,-1370.669189453125,419.39688110351563,266.80966186523438,1458.0175466914257
42.844703599999995,-1242.4959716796875,445.5546875,361.84970092773438,1368.6673902942835
42.8616119,-1071.5982666015625,449.914306640625,403.70217895507813,1230.3337667464327
42.8728487,-1032.361572265625,449.04238891601563,356.61813354492188,1180.9258978052853
42.8897362,-1135.2489013671875,481.30368041992188,240.65184020996094,1256.3266331004884
42.906705599999995,-1245.983642578125,495.2545166015625,145.61180114746094,1348.6864240511609
42.923035899999995,-1327.94482421875,477.81597900390625,151.71528625488281,1419.423507641123
42.950617099999995,-859.719970703125,483.91946411132813,483.04754638671875,1098.4677545753477
42.9672658,-558.90521240234375,402.83026123046875,673.99957275390625,963.806349785041
42.9785294,-496.12643432617188,296.45516967773438,757.70452880859375,952.96550800273394
42.995598,-651.3294677734375,208.39054870605469,780.3746337890625,1037.6132542722521
43.012462899999996,-856.2322998046875,128.17326354980469,791.70965576171875,1173.1863942887214
43.023893099999995,-978.30206298828125,107.24701690673828,765.5518798828125,1246.8546546709561
43.0406732,-965.22314453125,135.148681640625,697.54156494140625,1198.5345717620746
43.0576023,-877.15850830078125,99.399673461914063,656.56097412109375,1100.16346808446
43.0684451,-684.462646484375,14.822758674621582,657.43292236328125,949.17167889388941
43.085291999999995,-507.46148681640625,6.9754157066345215,776.0150146484375,927.23520208521677
43.1023314,-318.25335693359375,-9.59119701385498,1062.007080078125,1108.7092623387455
43.113374199999996,-231.06063842773438,-101.14352416992188,1695.0260009765625,1713.6896379154371
43.129843799999996,-247.62725830078125,-483.91946411132813,2845.09765625,2896.5631324724477
43.1465941,-681.84686279296875,-1483.1478271484375,4596.798828125,4878.032604209111
43.157916799999995,-1599.114013671875,-2881.718505859375,6865.552734375,7615.5946270936847
43.1743538,-1785.7064208984375,-5905.5615234375,9844.927734375,11618.390870676085
43.1909516,5418.154296875,-9313.923828125,4916.79638671875,11844.005224978171
43.2072237,10409.064453125,-13339.6103515625,-11240.8828125,20313.819766975925
43.2184525,6411.27880859375,-13397.158203125,-24036.41015625,28254.864308302047
43.235664799999995,1031.4896240234375,-2839.8662109375,-24267.470703125,24454.834803521422
43.2523377,4568.8974609375,7432.3056640625,-13899.3876953125,16410.574938045931
43.2638014,11304.533203125,5529.7607421875,-7555.2470703125,14678.299734637498
43.2808286,6910.89306640625,6793.18310546875,-5592.53955078125,11188.578028810478
43.2974428,5031.0185546875,5473.95751953125,-2093.49658203125,7723.8647426155221
43.3088578,4227.9736328125,3662.965087890625,504.845703125,5616.7555989937
43.3259231,2214.694580078125,3546.998779296875,313.89370727539063,4193.3997761754163
43.3433893,1069.8543701171875,2594.854736328125,-419.39688110351563,2837.91353282349
43.355256999999995,738.52215576171875,1422.1129150390625,-675.743408203125,1739.0943825456429
43.371760099999996,615.5804443359375,764.679931640625,-498.74221801757813,1101.0987609364722
43.3828903,343.53921508789063,781.24658203125,-227.57293701171875,883.26375217080783
43.3995521,118.58206939697266,825.71484375,176.12924194335938,852.57739838626833
43.4160299,-114.22243499755859,624.2996826171875,437.70733642578125,770.9634042765224
43.4330582,-431.60385131835938,323.48489379882813,545.8262939453125,767.36608222604821
43.444207,-685.3345947265625,0.87192696332931519,513.56500244140625,856.40719212200258
43.461931,-778.63079833984375,-385.3917236328125,317.38140869140625,924.94521964868488
43.4730826,-726.315185546875,-675.743408203125,12.206977844238281,992.12494817641607
43.4902083,-730.6748046875,-622.55584716796875,-251.98689270019531,992.45092933648027
43.5084397,-693.18194580078125,-426.37228393554688,-328.71646118164063,877.69530381810341
43.519495,-574.599853515625,-386.26364135742188,-109.86280059814453,701.02384214100766
43.536391599999995,-422.88458251953125,-466.48092651367188,196.18356323242188,659.48754000082647
43.5533102,-455.1458740234375,-456.88973999023438,474.32827758789063,800.5581278510623
43.5651,-585.06298828125,-485.663330078125,731.5467529296875,1055.1436973991406
43.5825357,-601.62957763671875,-510.94918823242188,936.4495849609375,1224.7306017309356
43.594133199999995,-586.80682373046875,-440.3231201171875,1000.97216796875,1241.0366551937279
43.611469299999996,-496.99838256835938,-465.6090087890625,969.582763671875,1184.8585894319581
43.6281945,-342.66729736328125,-462.12127685546875,789.09393310546875,976.54809736573759
43.6395398,-321.74105834960938,-342.66729736328125,561.52093505859375,732.28679205572155
43.656481899999996,-392.36712646484375,-293.83938598632813,335.69189453125,594.12338343233125
43.6735809,-382.77593994140625,-277.27276611328125,249.37110900878906,534.40018435102616
43.6854204,-369.697021484375,-251.11495971679688,324.35684204101563,552.21551197590179
43.7030734,-444.6827392578125,-219.72560119628906,422.88458251953125,651.80783099593134
43.7141818,-486.53524780273438,-199.67127990722656,420.268798828125,673.20949981613683
43.7310693,-508.33343505859375,-223.21330261230469,342.66729736328125,652.41699575027724
43.748447,-551.92974853515625,-152.58721923828125,272.04119873046875,633.96823311555806
43.759845899999995,-611.2208251953125,-85.448844909667969,178.74502563476563,642.52796549100356
43.7774888,-533.61932373046875,-268.55349731445313,190.080078125,626.89791806831909
43.788874,-442.06698608398438,-279.8885498046875,263.32192993164063,585.74675353780026
43.8060878,-454.27395629882813,-213.62210083007813,359.23391723632813,617.29104693604836
43.823201399999995,-512.69305419921875,-217.10981750488281,488.27911376953125,740.54529478262532
43.8343816,-603.37347412109375,-230.188720703125,612.09271240234375,889.77743564779041
43.851200899999995,-679.2310791015625,-283.37625122070313,636.5067138671875,973.03533099850893
43.862932099999995,-649.5855712890625,-357.49005126953125,558.90521240234375,928.5125673000548
43.8801219,-606.86114501953125,-351.38656616210938,488.27911376953125,854.49953841835043
43.8969622,-567.62445068359375,-275.5289306640625,410.6776123046875,752.84115847568569
43.914035,-587.67877197265625,-218.85366821289063,372.31280517578125,729.301098323173
43.925416299999995,-681.84686279296875,-174.38539123535156,371.44088745117188,795.79755079255824
43.9422986,-800.428955078125,-166.53805541992188,452.53009033203125,934.45434275111825
43.954212399999996,-857.97613525390625,-167.40997314453125,531.87542724609375,1023.2500270616642
43.9719355,-878.03045654296875,-170.89768981933594,545.8262939453125,1047.8882794290214
43.9833521,-877.15850830078125,-122.06977844238281,495.2545166015625,1014.6847371019589
44.0004105,-865.823486328125,-57.54718017578125,382.77593994140625,948.40888208704564
44.0168588,-860.5919189453125,-41.852493286132813,328.71646118164063,922.18468540744163
44.0284536,-906.80401611328125,-63.650669097900391,370.5689697265625,981.66506133201688
44.045238399999995,-992.25286865234375,-149.09951782226563,464.737060546875,1105.7924565710273
44.062458799999995,-1154.4312744140625,-193.56777954101563,554.5455322265625,1295.2609003340435
44.0735884,-1293.9395751953125,-212.75018310546875,582.44720458984375,1434.8473824078153
44.0909097,-1318.353515625,-196.18356323242188,598.14190673828125,1460.9304306639224
44.107727,-1271.26953125,-183.10466003417969,569.3682861328125,1404.9319495493878
44.119558399999995,-1243.3677978515625,-217.10981750488281,502.22991943359375,1358.4310970989739
44.136808699999996,-1359.3341064453125,-213.62210083007813,479.55984497070313,1457.1895071736062
44.153633,-1599.114013671875,-183.10466003417969,482.17559814453125,1680.2339874833035
44.1645322,-1777.859130859375,-181.36080932617188,521.412353515625,1861.5976135401011
44.180714599999995,-1763.036376953125,-215.365966796875,599.01385498046875,1874.4325446846351
44.1979192,-1636.60693359375,-200.54319763183594,689.6942138671875,1787.28227704675
44.2089232,-1538.9510498046875,-159.56263732910156,736.77825927734375,1713.6723059762974
44.226369,-1603.4736328125,-132.53289794921875,662.66448974609375,1740.0623224856588
44.2427419,-1826.68701171875,-102.88738250732422,573.72796630859375,1917.4292768146051
44.2542105,-2100.47216796875,-21.798173904418945,462.99322509765625,2151.0046990379255
44.2708678,-2246.955810546875,1.7438539266586304,428.11614990234375,2287.3777329912277
44.286986899999995,-2231.260986328125,45.340202331542969,517.92462158203125,2291.0319152509232
44.2976678,-2096.984375,104.63123321533203,642.61016845703125,2195.7319947030592
44.314531099999996,-1977.5303955078125,162.17842102050781,687.95037841796875,2100.0485776684827
44.3320297,-1882.4903564453125,156.07492065429688,614.70849609375,1986.4530848063553
44.342981099999996,-1850.22900390625,136.89253234863281,456.01779174804688,1910.5075657268412
44.360031299999996,-1889.4656982421875,160.43455505371094,365.33740234375,1931.1373045022972
44.3771134,-1930.4462890625,219.72560119628906,345.2830810546875,1973.3531414419633
44.388009,-1858.9482421875,259.834228515625,373.18475341796875,1913.757887932519
44.4053604,-1708.10498046875,281.63241577148438,447.29852294921875,1788.0199692810995
44.4227103,-1555.5177001953125,287.73590087890625,483.91946411132813,1654.2688149213552
44.4337893,-1480.531982421875,293.83938598632813,394.11099243164063,1560.0128236929088
44.4510164,-1487.5074462890625,347.02694702148438,220.59751892089844,1543.2982116488427
44.4688289,-1502.3302001953125,381.90402221679688,162.17842102050781,1558.5726010837482
44.4809141,-1486.635498046875,369.697021484375,226.70100402832031,1548.5975387346277
44.498571899999995,-1450.886474609375,398.47061157226563,297.32708740234375,1533.70589990205
44.509414,-1351.48681640625,409.8056640625,381.90402221679688,1462.9791452385693
44.5257162,-1257.3187255859375,397.59869384765625,396.72677612304688,1377.0719784932792
44.543432499999994,-1198.8995361328125,406.31796264648438,361.84970092773438,1316.5825422548157
44.5546625,-1156.1751708984375,422.01266479492188,326.10067749023438,1273.2546355340444
44.5722987,-1127.401611328125,452.53009033203125,299.94287109375,1251.3127513939635
44.584103,-1102.9876708984375,456.01779174804688,312.14984130859375,1233.6821113940598
44.6011461,-1056.7755126953125,424.62841796875,403.70217895507813,1208.3291053649921
44.6182264,-1011.435302734375,431.60385131835938,503.10186767578125,1209.2951440194724
44.6291034,-996.612548828125,461.24935913085938,509.20535278320313,1210.4865282535725
44.646640399999995,-1019.2825927734375,481.30368041992188,439.45120239257813,1209.8378387209527
44.658474399999996,-1052.4158935546875,485.663330078125,361.84970092773438,1214.2418578069921
44.675098399999996,-1017.5387573242188,448.17047119140625,340.92343139648438,1162.9577292318047
44.692193599999996,-919.01104736328125,408.93374633789063,416.78109741210938,1088.8133895345609
44.7037694,-832.69024658203125,414.16531372070313,575.4718017578125,1093.6515662954978
44.7208663,-758.57647705078125,422.88458251953125,767.29571533203125,1158.8840996555205
44.737893299999996,-669.639892578125,376.67245483398438,913.77947998046875,1193.8562149589366
44.749058399999996,-569.3682861328125,334.8199462890625,973.07049560546875,1176.0743306035972
44.7659568,-452.53009033203125,319.12527465820313,933.83380126953125,1085.6656907055194
44.7832642,-317.38140869140625,252.85882568359375,894.5970458984375,982.33009667791339
44.7953159,-130.78904724121094,79.345352172851563,932.08990478515625,944.559712454485
44.812715499999996,202.28704833984375,-192.69586181640625,1057.6474609375,1093.9240817875591
44.8245739,533.61932373046875,-458.63357543945313,1334.920166015625,1509.0083461711281
44.8415385,881.5181884765625,-758.57647705078125,1713.33642578125,2070.7569379477263
44.858027299999996,1389.8515625,-1170.9979248046875,2371.641357421875,2987.9100110134591
44.8691883,1769.1397705078125,-1731.64697265625,3538.279541015625,4318.3189872763842
44.886815999999996,1460.4776611328125,-2423.0849609375,5245.5126953125,5959.8438874918584
44.8982774,270.29736328125,-3256.647216796875,7667.7255859375,8335.03613792455
44.9153545,-1022.7703247070313,-4723.228515625,10637.5087890625,11683.815300889362
44.932385,3391.7958984375,-8263.251953125,6614.43798828125,11114.693075308003
44.9432735,10260.8369140625,-11667.2548828125,-7814.20947265625,17391.707229597974
44.959781799999995,9437.7373046875,-15385.1513671875,-20003.748046875,26942.971327350235
44.9770924,4063.1796875,-11426.6025390625,-24771.4453125,27580.811765225484
44.9889097,-1227.6732177734375,3485.964111328125,-21384.880859375,21701.895232554438
45.006101099999995,9213.65234375,2858.176513671875,-10722.0859375,14423.026358775423
45.0228432,8877.9599609375,4073.642822265625,-4747.64208984375,10860.609758418796
45.0341314,5426.00146484375,4527.044921875,-810.89208984375,7112.8878525203745
45.0510577,4861.86474609375,3204.33154296875,1182.3330078125,5941.664816188867
45.0682981,3746.670166015625,2655.017578125,1182.3330078125,4741.7894316837019
45.079731599999995,2537.307373046875,2062.107177734375,25.285881042480469,3269.6871553042743
45.096502799999996,1422.98486328125,1112.578857421875,-1216.338134765625,2177.6583968094819
45.1131576,598.14190673828125,359.23391723632813,-2243.468017578125,2349.4619583609747
45.1242344,221.46945190429688,93.296188354492188,-2298.3994140625,2310.9289827796765
45.1412006,-183.97659301757813,134.27674865722656,-1953.116455078125,1966.3523384951266
45.1583793,-296.45516967773438,396.72677612304688,-807.40435791015625,947.195650166296
45.1696622,-87.192695617675781,249.37110900878906,522.28424072265625,585.29423735809291
45.1864315,-90.680404663085938,116.83821105957031,1338.4078369140625,1346.5547301414977
45.2028244,-646.96978759765625,53.187545776367188,1503.2020263671875,1637.3805767640852
45.2147258,-1152.6875,-60.162960052490234,1030.61767578125,1547.41101458251
45.2313605,-1170.1259765625,-210.1343994140625,126.42941284179688,1195.5482689021696
45.2480798,-848.38494873046875,-58.419105529785156,-714.108154296875,1110.4594855989071
45.259928699999996,-579.8314208984375,14.822758674621582,-999.228271484375,1155.3706458835964
45.2770327,-427.24420166015625,57.54718017578125,-810.0201416015625,917.595725577786
45.287985299999995,-416.78109741210938,131.66096496582031,-366.20932006835938,570.2195708327655
45.304566099999995,-428.98806762695313,44.468276977539063,212.75018310546875,480.90625930119575
45.3221358,-392.36712646484375,-40.980567932128906,648.71368408203125,759.2501648294849
45.3338314,-418.52493286132813,-30.517444610595703,807.40435791015625,909.94298229309493
45.3514236,-455.1458740234375,-40.108638763427734,788.22198486328125,911.07648798870048
45.3685585,-426.37228393554688,-106.37509155273438,708.00469970703125,833.29444941059739
45.379751399999996,-424.62841796875,-74.9857177734375,605.1173095703125,743.0337203372768
45.397674599999995,-511.82113647460938,-88.064620971679688,497.87030029296875,719.43803702810794
45.4096963,-622.55584716796875,-168.28190612792969,449.04238891601563,785.833092848907
45.426446399999996,-639.994384765625,-162.17842102050781,481.30368041992188,817.03603688086991
45.443683799999995,-650.45751953125,-150.84336853027344,465.6090087890625,814.0273064276405
45.4547366,-613.83660888671875,-280.76046752929688,354.874267578125,762.59921867644641
45.4726153,-554.5455322265625,-315.6375732421875,216.23788452148438,673.72594402841992
45.484208699999996,-501.35800170898438,-156.94685363769531,27.901662826538086,526.08997665122263
45.5012502,-477.81597900390625,-47.084056854248047,-55.803325653076172,483.36221341273534
45.5129923,-444.6827392578125,-69.754158020019531,3.4877078533172607,450.13391925179735
45.5294854,-367.95318603515625,-20.054319381713867,206.64669799804688,422.48618987226325
45.5467842,-320.86911010742188,12.206977844238281,425.5003662109375,533.06337125604534
45.5640311,-257.21844482421875,5.2315616607666016,525.77197265625,585.341665035084
45.575617099999995,-162.17842102050781,0.87192696332931519,525.77197265625,550.2170187591247
45.592281,-176.12924194335938,-15.694684982299805,447.29852294921875,480.98212195131413
45.6031668,-340.051513671875,-48.827911376953125,328.71646118164063,475.47209038149657
45.620582,-534.4912109375,-75.8576431274414,287.73590087890625,611.74110965741147
45.6378497,-663.53643798828125,-91.552330017089844,367.95318603515625,764.23293620672791
45.649104,-667.02410888671875,-134.27674865722656,540.5947265625,869.019024793624
45.6653203,-627.78741455078125,-214.49403381347656,735.034423828125,990.15167152425443
45.682518599999995,-602.50152587890625,-258.96231079101563,823.09906005859375,1052.407539770584
45.693891099999995,-620.81201171875,-317.38140869140625,777.75885009765625,1044.5321160129311
45.7108766,-702.77313232421875,-389.7513427734375,684.462646484375,1055.5971291846554
45.7276021,-816.1236572265625,-414.16531372070313,565.0086669921875,1075.5582386605186
45.7390956,-987.02130126953125,-367.08123779296875,496.12643432617188,1164.0881079783514
45.7562046,-1142.224365234375,-316.50949096679688,523.15618896484375,1295.587571899079
45.773009599999995,-1219.8258056640625,-267.68157958984375,609.4769287109375,1389.6368413533839
45.7838127,-1255.5748291015625,-284.24819946289063,687.07843017578125,1459.2264935862866
45.800952599999995,-1266.0379638671875,-326.97262573242188,673.12762451171875,1470.6678832462881
45.8177878,-1289.5799560546875,-316.50949096679688,620.81201171875,1465.8111320440817
45.828900499999996,-1325.3289794921875,-384.51980590820313,490.89486694335938,1464.6945604489777
45.8466759,-1389.8515625,-418.52493286132813,412.42144775390625,1508.9539210253236
45.863233699999995,-1426.4725341796875,-405.446044921875,439.45120239257813,1546.7151468179568
45.8748179,-1435.1917724609375,-424.62841796875,537.10699462890625,1590.1473644808857
45.8915192,-1461.349609375,-416.78109741210938,600.7576904296875,1634.0621060996793
45.9080644,-1467.453125,-415.0372314453125,577.21563720703125,1630.5988070013957
45.919058199999995,-1473.5565185546875,-435.091552734375,522.28424072265625,1622.7921310947568
45.936208099999995,-1487.5074462890625,-440.3231201171875,490.89486694335938,1627.1264927062314
45.9528606,-1555.5177001953125,-430.73193359375,488.27911376953125,1686.292325542011
45.9648396,-1609.5771484375,-352.25848388671875,546.69818115234375,1736.0021709426646
45.9816966,-1596.498291015625,-322.61297607421875,642.61016845703125,1750.9522421104607
45.993055299999995,-1593.0106201171875,-319.9971923828125,610.348876953125,1735.6862592464602
46.010235699999996,-1661.0208740234375,-294.7113037109375,496.99838256835938,1758.6507580392845
46.0269945,-1776.115234375,-257.21844482421875,421.14071655273438,1843.3952797149345
46.038293499999995,-1853.7166748046875,-224.9571533203125,409.8056640625,1911.756238011696
46.0559866,-1889.4656982421875,-220.59751892089844,469.09671020507813,1959.2844647250997
46.072583099999996,-1784.83447265625,-176.12924194335938,609.4769287109375,1894.2327553076927
46.0840397,-1641.8385009765625,-124.68555450439453,718.46783447265625,1796.4899609969609
46.1010007,-1556.3896484375,-60.162960052490234,746.3695068359375,1727.1467106937391
46.117896599999995,-1563.364990234375,-46.212127685546875,671.3837890625,1702.058120526932
46.12887,-1648.8138427734375,-58.419105529785156,513.56500244140625,1727.9319696518296
46.1453328,-1726.4154052734375,-8.7192697525024414,385.3917236328125,1768.929890604807
46.1628384,-1747.3416748046875,49.699836730957031,347.89886474609375,1782.3317935704213
46.1738187,-1654.04541015625,76.729576110839844,353.13043212890625,1693.0607634708963
46.190723999999996,-1495.354736328125,89.808479309082031,383.64785766601563,1546.3948490299913
46.2079105,-1371.5411376953125,129.9171142578125,399.34255981445313,1434.3911701648158
46.2197697,-1353.2305908203125,167.40997314453125,403.70217895507813,1422.0529456856459
46.236759,-1449.142578125,186.59237670898438,370.5689697265625,1507.3660100005193
46.248151199999995,-1563.364990234375,206.64669799804688,289.47976684570313,1603.3126600563803
46.264967299999995,-1570.3404541015625,190.080078125,265.93771362304688,1604.0020091679939
46.2818532,-1462.2215576171875,173.51347351074219,366.20932006835938,1517.3358478448754
46.2930681,-1291.3238525390625,137.76446533203125,501.35800170898438,1392.0690305879853
46.309812099999995,-1204.131103515625,132.53289794921875,548.44207763671875,1329.7689257969053
46.326800899999995,-1239.880126953125,154.33106994628906,490.02294921875,1342.10405674266
46.338335799999996,-1331.4324951171875,183.10466003417969,396.72677612304688,1401.296521252086
46.356121099999996,-1423.856689453125,203.15898132324219,326.10067749023438,1474.782389253513
46.3738191,-1412.521728515625,195.3116455078125,363.59353637695313,1471.585720267371
46.3850477,-1278.244873046875,164.794189453125,513.56500244140625,1387.3774151544978
46.402390399999994,-1078.5736083984375,134.27674865722656,670.5118408203125,1277.0815959224478
46.4139822,-958.24774169921875,143.86795043945313,738.52215576171875,1218.3397293802077
46.430586999999996,-940.8092041015625,187.46429443359375,693.18194580078125,1183.5396191906116
46.4472113,-968.71087646484375,256.34652709960938,607.73309326171875,1171.9444597687952
46.4587374,-1011.435302734375,274.656982421875,538.85089111328125,1178.472788172915
46.4756262,-1081.189453125,244.13955688476563,546.69818115234375,1235.9019613464116
46.4924706,-1158.7908935546875,212.75018310546875,659.1767578125,1350.027026928306
46.5039449,-1216.338134765625,190.95201110839844,827.45867919921875,1483.451716239385
46.5219929,-1184.0767822265625,173.51347351074219,1011.435302734375,1566.8905907290241
46.533828799999995,-1018.4107055664063,76.729576110839844,1200.6434326171875,1576.2590032571416
46.551417799999996,-754.216796875,-62.778739929199219,1411.6497802734375,1601.7300799515276
46.5683601,-449.914306640625,-195.3116455078125,1687.1787109375,1757.0263301475047
46.579856299999996,-76.729576110839844,-364.46548461914063,2093.49658203125,2126.3702538140765
46.597091,259.834228515625,-616.452392578125,2702.1015625,2783.6810580036904
46.6085066,438.57925415039063,-989.6370849609375,3680.40380859375,3836.2879866366229
46.6244886,82.833061218261719,-1440.42333984375,5111.23583984375,5310.9709587325606
46.641811399999995,-1166.6383056640625,-1810.9923095703125,7216.0673828125,7530.7613529347727
46.6533717,-2864.280029296875,-2598.34228515625,10445.6845703125,11138.573017201286
46.669845699999996,-660.0487060546875,-5957.876953125,9882.419921875,11558.295098984729
46.687880799999995,8238.837890625,-8562.3232421875,-3650.75830078125,12430.601967017754
46.699011899999995,9154.361328125,-12702.232421875,-17823.05859375,23723.626566388382
46.7163294,7838.62353515625,-11184.20703125,-25145.501953125,28615.149384869208
46.733460799999996,-1055.0316162109375,1135.2489013671875,-25331.22265625,25378.587885061166
46.7451347,3179.045654296875,6818.46875,-18372.373046875,19853.008304545921
46.7622372,9910.322265625,3763.23681640625,-7815.953125,13170.632558730631
46.7737647,7072.19970703125,5726.81640625,-1574.7000732421875,9235.373038902977
46.7906736,5333.5771484375,3670.8125,1365.4376220703125,6617.1239604722514
46.8076684,4113.75146484375,3158.991455078125,1007.9475708007813,5283.7615799015675
46.8190083,3055.232177734375,2977.630615234375,-498.74221801757813,4295.2848032089405
46.836242,2291.424072265625,2318.453857421875,-1428.21630859375,3558.8838688675851
46.8536235,1501.458251953125,1611.321044921875,-1568.5965576171875,2703.9281707794585
46.8651337,1028.873779296875,956.50390625,-1223.3134765625,1862.7873840928744
46.8818896,855.3603515625,244.13955688476563,-795.1973876953125,1193.1405364241307
46.8986714,422.01266479492188,43.596347808837891,-407.18988037109375,588.04670687472253
46.9101052,-201.41513061523438,-54.059471130371094,-20.926246643066406,209.59100423971873
46.9268052,-769.9114990234375,-196.18356323242188,428.98806762695313,902.92993580753182
46.937978799999996,-1205.0030517578125,-406.31796264648438,747.24139404296875,1474.9563866386391
46.95445,-1447.3988037109375,-558.90521240234375,871.92694091796875,1779.773840613725
46.971269199999995,-1194.5399169921875,-674.8714599609375,679.2310791015625,1530.9251972500101
46.988207499999994,-681.84686279296875,-591.16650390625,114.22243499755859,909.63714980102
46.999736299999995,-384.51980590820313,-294.7113037109375,-295.583251953125,567.52065381434988
47.0164817,-369.697021484375,-136.02059936523438,-316.50949096679688,505.32736816657467
47.032928899999995,-477.81597900390625,12.206977844238281,-85.448844909667969,485.54981741933295
47.0495965,-571.98406982421875,147.35565185546875,272.04119873046875,650.2967615428646
47.0610107,-558.03326416015625,34.877079010009766,607.73309326171875,825.80690672515334
47.077934299999995,-442.93890380859375,-109.86280059814453,850.1287841796875,964.87494378974316
47.0891508,-401.08639526367188,-104.63123321533203,940.8092041015625,1028.0758483458228
47.1064961,-442.93890380859375,-96.783889770507813,876.28662109375,986.63074963948384
47.1233012,-518.79656982421875,-184.8485107421875,681.84686279296875,876.489587551155
47.1346925,-575.4718017578125,-136.02059936523438,484.7913818359375,764.65160823244094
47.1517622,-638.25054931640625,-89.808479309082031,414.16531372070313,766.13460550210925
47.162734099999994,-701.029296875,-163.05033874511719,401.08639526367188,823.95253777603034
47.180031799999995,-776.0150146484375,-293.83938598632813,446.42660522460938,942.25134734263247
47.1967614,-795.1973876953125,-289.47976684570313,416.78109741210938,943.31537884767567
47.213167399999996,-824.8428955078125,-206.64669799804688,369.697021484375,927.22410870168085
47.2247528,-891.109375,-148.22758483886719,318.25335693359375,957.77478267051674
47.2412813,-836.177978515625,-184.8485107421875,272.91314697265625,898.80151839469
47.2578069,-685.3345947265625,-212.75018310546875,336.56381225585938,792.604155212821
47.2693392,-537.10699462890625,-171.76960754394531,426.37228393554688,706.95264782268941
47.285899099999995,-428.98806762695313,-160.43455505371094,428.98806762695313,627.53547372869434
47.303412699999996,-474.32827758789063,-74.1137924194336,373.18475341796875,608.06827686528436
47.3144188,-666.1522216796875,53.187545776367188,224.9571533203125,705.11943548910585
47.331013,-931.218017578125,79.345352172851563,71.498008728027344,937.32312807571327
47.3480528,-1011.435302734375,-89.808479309082031,96.783889770507813,1020.0166939282398
47.3596503,-836.177978515625,-251.98689270019531,264.19387817382813,912.40857685123956
47.376875,-658.30487060546875,-373.18475341796875,476.07211303710938,894.022829494936
47.3888177,-635.634765625,-388.87942504882813,655.6890869140625,992.56583720962954
47.4059406,-763.80804443359375,-337.43572998046875,758.57647705078125,1128.1417783876709
47.4229151,-906.80401611328125,-234.54835510253906,772.52728271484375,1214.1271997032532
47.4350059,-982.66168212890625,-245.88340759277344,776.88690185546875,1276.5719290069144
47.4520917,-993.99676513671875,-295.583251953125,756.83258056640625,1283.8203078874596
47.464235599999995,-979.17401123046875,-303.43057250976563,748.98529052734375,1269.578994009077
47.481609399999996,-950.400390625,-329.58837890625,736.77825927734375,1246.8887702413376
47.4986033,-978.30206298828125,-331.33224487304688,660.0487060546875,1225.7733384701296
47.5098017,-1086.4210205078125,-269.42544555664063,561.52093505859375,1252.2805057269352
47.527071199999995,-1157.9190673828125,-264.19387817382813,524.028076171875,1298.1449828465256
47.5386909,-1211.1065673828125,-194.43971252441406,579.8314208984375,1356.7573091844602
47.5564578,-1269.525634765625,-55.803325653076172,551.057861328125,1385.089930297861
47.5680474,-1356.7183837890625,7.8473424911499023,327.84454345703125,1395.7895250967922
47.585774099999995,-1436.9356689453125,-76.729576110839844,63.650669097900391,1440.3898611883076
47.602053299999994,-1558.133544921875,-151.71528625488281,-74.9857177734375,1567.2972053073429
47.6134339,-1659.2769775390625,-213.62210083007813,36.620933532714844,1673.3725176800981
47.629871699999995,-1643.582275390625,-255.47459411621094,274.656982421875,1685.842941145514
47.6474355,-1511.0494384765625,-285.1201171875,429.8599853515625,1596.666368954953
47.658701099999995,-1462.2215576171875,-192.69586181640625,381.90402221679688,1523.5072237790569
47.6754926,-1586.03515625,-48.827911376953125,163.05033874511719,1595.1417161980607
47.692643,-1720.3118896484375,-32.261299133300781,30.517444610595703,1720.8849768398545
47.7040758,-1751.7012939453125,-84.576911926269531,121.19784545898438,1757.924797875201
47.7213792,-1679.331298828125,-136.02059936523438,241.52377319335938,1702.0543315925588
47.733054499999994,-1657.533203125,-118.58206939697266,298.19903564453125,1688.3129720237357
47.750295799999996,-1692.4102783203125,-49.699836730957031,261.57809448242188,1713.2266993741302
47.7677984,-1708.10498046875,-15.694684982299805,252.85882568359375,1726.7908191685897
47.7793348,-1767.39599609375,-4.3596348762512207,259.834228515625,1786.3990147032614
47.7972033,-1851.972900390625,20.054319381713867,224.08523559570313,1865.5883769789918
47.808118099999994,-1882.4903564453125,14.822758674621582,149.09951782226563,1888.4438891582556
47.825468699999995,-1872.0272216796875,18.310466766357422,42.724422454833984,1872.6042209119018
47.843290599999996,-1863.3079833984375,54.931400299072266,-29.645517349243164,1864.3532273778146
47.8552014,-1874.6429443359375,119.45399475097656,-123.81362915039063,1882.5209800620735
47.8719624,-1919.1112060546875,215.365966796875,-184.8485107421875,1939.9843537468632
47.8832282,-1919.1112060546875,194.43971252441406,-154.33106994628906,1935.1001788439842
47.899969399999996,-1843.253662109375,94.1681137084961,-41.852493286132813,1846.1319908699118
47.917490799999996,-1753.445068359375,116.83821105957031,27.901662826538086,1757.5549146771773
47.929355099999995,-1704.6171875,174.38539123535156,6.1034889221191406,1713.5248096172227
47.9459716,-1661.892822265625,217.10981750488281,-60.162960052490234,1677.0939172620253
47.962655,-1595.6263427734375,208.39054870605469,-49.699836730957031,1609.9441357741671
47.973745099999995,-1522.384521484375,165.66612243652344,80.217277526855469,1533.4714562039239
47.9902758,-1446.52685546875,150.84336853027344,241.52377319335938,1474.288777153047
48.0073381,-1411.6497802734375,131.66096496582031,324.35684204101563,1454.4060893782712
48.018460499999996,-1379.388427734375,107.24701690673828,306.91830444335938,1417.1849571616585
48.035072,-1307.0185546875,98.527748107910156,261.57809448242188,1336.5733496361777
48.0519144,-1211.978515625,145.61180114746094,199.67127990722656,1236.9168682614754
48.0634401,-1126.5296630859375,147.35565185546875,186.59237670898438,1151.3468135154469
48.0807747,-1069.8543701171875,178.74502563476563,220.59751892089844,1106.8881708655456
48.0987276,-1036.72119140625,195.3116455078125,243.26762390136719,1082.6433412811352
48.1099147,-999.228271484375,182.23274230957031,249.37110900878906,1045.8737308640998
48.127324099999996,-963.47930908203125,167.40997314453125,271.16928100585938,1014.8158734956188
48.1387705,-905.0601806640625,144.73988342285156,286.86398315429688,960.4033055482862
48.156492,-867.56732177734375,156.07492065429688,264.19387817382813,920.2341245235832
48.173608599999994,-845.7691650390625,185.72044372558594,217.10981750488281,892.72293384090062
48.1853306,-837.04986572265625,197.92741394042969,196.18356323242188,882.22204085934777
48.202517799999995,-801.3009033203125,160.43455505371094,187.46429443359375,838.43022715352777
48.213264599999995,-776.0150146484375,115.96628570556641,210.1343994140625,812.28316995815464
48.229993699999994,-775.14306640625,88.936553955078125,249.37110900878906,819.11075810012528
48.2476224,-771.65533447265625,97.65582275390625,311.27792358398438,837.7843163061757
48.259333899999994,-708.87664794921875,79.345352172851563,428.11614990234375,831.91659721775022
48.2771836,-574.599853515625,6.9754157066345215,578.95953369140625,815.72531512551984
48.288225999999995,-469.09671020507813,-38.364788055419922,701.029296875,844.37293630529234
48.3054317,-408.06182861328125,-56.675251007080078,754.216796875,859.40067299037844
48.3222532,-399.34255981445313,-39.236713409423828,758.57647705078125,858.16797382162179
48.3340081,-414.16531372070313,11.335050582885742,680.10302734375,796.36770292573931
48.351326,-428.98806762695313,97.65582275390625,542.33856201171875,698.35416353666039
48.367956799999995,-432.47576904296875,179.61695861816406,407.18988037109375,620.56517893704938
48.379999999999995,-361.84970092773438,181.36080932617188,391.49520874023438,563.11228692641271
48.397326799999995,-221.46945190429688,88.936553955078125,580.703369140625,627.83344263225354
48.408844699999996,89.808479309082031,-150.84336853027344,1102.11572265625,1116.0100138043017
48.4255935,478.68789672851563,-476.94406127929688,1994.9688720703125,2106.3044748073471
48.4425738,1016.6668701171875,-878.03045654296875,2971.527099609375,3261.0615313305325
48.453344699999995,1218.953857421875,-1341.023681640625,4296.85595703125,4663.3854801763473
48.470423399999994,968.71087646484375,-1850.22900390625,6140.9814453125,6486.40125499106
48.4877204,-163.92227172851563,-2416.109619140625,8884.0634765625,9208.20503998821
48.4992604,-1950.5006103515625,-3481.604248046875,12492.9697265625,13114.8889953292
48.5165673,-571.98406982421875,-6896.0703125,13269.8564453125,14965.695493704201
48.533558199999995,8789.0234375,-12319.4560546875,190.080078125,15134.465993367616
48.5454108,9134.306640625,-18366.26953125,-17302.51953125,26835.286404821094
48.5623157,2716.052490234375,-15873.4306640625,-27270.388671875,31670.441116151764
48.5733454,-7829.904296875,3582.747802734375,-27198.017578125,28528.505802025735
48.5905534,9193.59765625,4806.0615234375,-13153.0185546875,16751.786839976969
48.607487,10544.212890625,6165.3955078125,-5609.10595703125,13440.78111151954
48.6189113,5443.43994140625,6365.93896484375,-2392.567626953125,8710.946972020718
48.6357575,5330.96142578125,5388.5087890625,-267.68157958984375,7584.6443635165369
48.6528212,4681.3759765625,5232.43359375,-315.6375732421875,7028.034534959419
48.6643644,3683.01953125,4387.53662109375,-1562.4931640625,5937.7180260391087
48.682042499999994,2462.32177734375,3211.30712890625,-2262.650390625,4636.281786252951
48.6933705,1636.60693359375,2016.76708984375,-2680.303466796875,3732.2725548768958
48.7107975,1193.66796875,1145.7120361328125,-2450.11474609375,2956.4440732720427
48.7274994,819.611328125,609.4769287109375,-1838.0220947265625,2102.7482199552005
48.7397151,555.41748046875,617.32427978515625,-950.400390625,1262.0771555347433
48.7569861,185.72044372558594,381.03207397460938,-40.980567932128906,425.86022538276637
48.7684126,-339.17959594726563,-4.3596348762512207,451.65817260742188,564.851227852326
48.7852402,-987.89324951171875,-424.62841796875,607.73309326171875,1235.1444767406456
48.8019994,-1344.5113525390625,-771.65533447265625,597.26995849609375,1661.2929108524036
48.8134187,-1368.92529296875,-820.4832763671875,394.98291015625,1644.1291810083881
48.829498699999995,-1146.583984375,-642.61016845703125,38.364788055419922,1314.9427815658603
48.8464404,-813.50787353515625,-397.59869384765625,-172.64154052734375,921.783533791263
48.8578908,-476.07211303710938,-213.62210083007813,-144.73988342285156,541.5059488389162
48.8755757,-266.80966186523438,-58.419105529785156,27.029735565185547,274.46455902404728
48.8926988,-240.65184020996094,34.877079010009766,204.03091430664063,317.424530919579
48.904428499999995,-287.73590087890625,25.285881042480469,336.56381225585938,443.51609232911449
48.921421699999996,-308.66213989257813,-98.527748107910156,435.96347045898438,543.17969524359341
48.939191099999995,-287.73590087890625,-170.0257568359375,472.58441162109375,578.82357653216275
48.9504987,-236.29220581054688,-191.82392883300781,470.84054565429688,560.64359947455091
48.9670403,-197.05549621582031,-185.72044372558594,486.53524780273438,556.81190644683579
48.978333,-224.08523559570313,-151.71528625488281,519.66845703125,585.90701150321024
48.9953481,-360.1058349609375,-170.89768981933594,519.66845703125,654.93323170514111
49.0122053,-527.51580810546875,-247.62725830078125,468.22479248046875,747.54708423490331
49.0229958,-653.07330322265625,-321.74105834960938,447.29852294921875,854.45773250795207
49.039479299999996,-742.00982666015625,-381.03207397460938,441.19503784179688,943.61914227820319
49.056939,-706.2608642578125,-421.14071655273438,392.36712646484375,911.10694951307528
49.0683899,-634.7628173828125,-438.57925415039063,356.61813354492188,849.971816989212
49.0857548,-724.5712890625,-480.4317626953125,383.64785766601563,950.265178901101
49.1030394,-919.8829345703125,-537.10699462890625,412.42144775390625,1142.2609104580326
49.1139868,-1038.4649658203125,-543.21051025390625,447.29852294921875,1254.4174394192089
49.1309081,-1053.2877197265625,-565.880615234375,545.8262939453125,1314.3676176728075
49.1477716,-1021.8983764648438,-586.80682373046875,635.634765625,1338.8988369063861
49.158884199999996,-1000.1002197265625,-531.87542724609375,690.566162109375,1326.6399450701781
49.1753901,-1058.519287109375,-513.56500244140625,701.90118408203125,1369.9917390739765
49.1916939,-1209.3626708984375,-610.348876953125,674.8714599609375,1513.4514557230934
49.2026307,-1391.595458984375,-776.88690185546875,619.9400634765625,1710.092647210626
49.2192351,-1527.6160888671875,-870.18310546875,735.9063720703125,1905.8824046784234
49.2361545,-1473.5565185546875,-920.7548828125,1057.6474609375,2034.1525309635981
49.252744299999996,-1436.063720703125,-917.26715087890625,1361.949951171875,2181.4136942584464
49.2634723,-1503.2020263671875,-826.5867919921875,1468.324951171875,2258.0611636986814
49.2801153,-1514.537109375,-977.43011474609375,1301.7869873046875,2223.4751280826949
49.296248299999995,-1810.9923095703125,-640.8663330078125,966.0950927734375,2150.288941139449
49.3128093,-2089.136962890625,-250.2430419921875,698.41351318359375,2216.9565320905185
49.325089899999995,-1959.2198486328125,-391.49520874023438,550.1859130859375,2072.3212715941386
49.3421157,-1880.7464599609375,-646.097900390625,668.76800537109375,2098.0706347863515
49.3542517,-1802.2730712890625,-699.285400390625,894.5970458984375,2130.1390023243548
49.3709504,-1790.93798828125,-808.27630615234375,978.30206298828125,2194.9588587040294
49.388459399999995,-1877.2587890625,-734.1624755859375,1034.977294921875,2265.8934446868143
49.400118199999994,-2354.202880859375,-476.94406127929688,1078.5736083984375,2633.0719455741796
49.4167676,-2442.267333984375,40.980567932128906,811.76397705078125,2573.9677332928027
49.4280567,-2615.781005859375,322.61297607421875,878.90240478515625,2778.2834340799859
49.4450915,-2233.0048828125,70.626083374023438,1028.0018310546875,2459.2857936744585
49.46284,-1873.77099609375,-271.16928100585938,1414.2655029296875,2363.1964449745519
49.4739736,-1689.79443359375,-341.79537963867188,1169.2540283203125,2083.1188857312113
49.4909057,-1670.612060546875,-216.23788452148438,967.83892822265625,1942.7855441427864
49.5085901,-1931.3182373046875,143.86795043945313,910.291748046875,2139.9343885903536
49.5201005,-2107.447509765625,598.14190673828125,824.8428955078125,2340.8277487426435
49.537313999999995,-2176.32958984375,821.355224609375,811.76397705078125,2463.7361147371043
49.5485161,-2155.403564453125,401.08639526367188,1007.0756225585938,2412.6409040042868
49.566152599999995,-1604.3455810546875,-367.95318603515625,1320.097412109375,2109.9695419652376
49.5831155,-1413.3935546875,-584.1910400390625,1324.45703125,2023.1527226884411
49.5946328,-1668.8681640625,-354.00234985351563,1104.7314453125,2032.4542255572192
49.6115797,-2159.76318359375,89.808479309082031,819.611328125,2311.7969853241107
49.627945399999994,-2535.563720703125,459.50552368164063,482.17559814453125,2621.5876898333672
49.6397045,-2631.4755859375,596.3980712890625,261.57809448242188,2710.8628733920641
49.6565728,-2510.27783203125,552.80169677734375,234.54835510253906,2581.1039190293618
49.6739721,-2281.832763671875,317.38140869140625,417.65301513671875,2341.3512681787329
49.6855133,-2046.41259765625,118.58206939697266,734.1624755859375,2177.3517785574159
49.7019047,-1872.0272216796875,161.30648803710938,906.80401611328125,2086.3363164724456
49.713594799999996,-1844.12548828125,337.43572998046875,749.857177734375,2019.145233854111
49.7309637,-1947.012939453125,451.65817260742188,455.1458740234375,2049.88103506558
49.7479496,-2035.949462890625,504.845703125,245.88340759277344,2111.9701819717611
49.7595799,-2027.230224609375,417.65301513671875,322.61297607421875,2094.7972591527882
49.7769792,-1985.377685546875,220.59751892089844,461.24935913085938,2050.1557967432987
49.7881255,-1699.3856201171875,177.87310791015625,795.1973876953125,1884.6456467400299
49.8046534,-1608.7052001953125,190.95201110839844,918.13909912109375,1862.0887457413719
49.822374499999995,-1474.428466796875,277.27276611328125,764.679931640625,1683.9105939398935
49.8328863,-1406.418212890625,401.95834350585938,597.26995849609375,1579.9728171036234
49.848981099999996,-1377.6446533203125,393.23907470703125,539.7227783203125,1530.961279110704
49.8662541,-1177.1014404296875,70.626083374023438,720.211669921875,1381.7599987718763
49.8835792,-1031.4896240234375,-344.41116333007813,738.52215576171875,1314.5359897870148
49.8955908,-1024.51416015625,-325.228759765625,685.3345947265625,1274.788812811116
49.912879399999994,-1049.800048828125,-54.059471130371094,701.90118408203125,1263.9888611669751
49.924062299999996,-1048.05615234375,99.399673461914063,790.8377685546875,1316.7104350321213
49.9412891,-975.686279296875,-47.955982208251953,814.3797607421875,1271.8010404714412
49.958486699999995,-1106.475341796875,-269.42544555664063,687.95037841796875,1330.4711480837652
49.9698547,-1161.40673828125,-770.783447265625,745.49755859375,1580.7401254390343
49.9879296,-1031.4896240234375,-1326.200927734375,1015.794921875,1963.3183818470623
49.999327799999996,-857.10418701171875,-1442.167236328125,1214.59423828125,2071.1622554974615
50.016325599999995,-687.95037841796875,-1090.7806396484375,1208.49072265625,1767.3505463669358
50.032937,-420.268798828125,-674.8714599609375,999.228271484375,1276.9238384774144
50.0439873,-331.33224487304688,-365.33740234375,667.02410888671875,829.562315850963
50.0613793,-541.4666748046875,-258.96231079101563,354.874267578125,697.26851651525067
50.079371699999996,-673.99957275390625,-207.51861572265625,326.10067749023438,776.96914469204341
50.091004,-792.58160400390625,-345.2830810546875,470.84054565429688,984.42715550723142
50.1081157,-1195.411865234375,-887.62164306640625,377.54437255859375,1536.0408399628236
50.119808899999995,-1023.6422729492188,-1271.26953125,-81.961135864257813,1634.2237765512398
50.1363681,-673.99957275390625,-971.32666015625,-295.583251953125,1218.6551454935593
50.148213999999996,-835.3060302734375,-603.37347412109375,51.443691253662109,1031.7180655847455
50.165310899999994,-837.92181396484375,-572.85601806640625,518.79656982421875,1139.924060898097
50.182117,-279.8885498046875,-824.8428955078125,919.01104736328125,1266.2087931132205
50.193549,340.92343139648438,-1197.15576171875,1545.0545654296875,1984.0877788159157
50.2101751,718.46783447265625,-1727.287353515625,2026.3582763671875,2757.8697385824153
50.2273772,1104.7314453125,-2571.3125,2379.48876953125,3673.4243347650208
50.2394916,1596.498291015625,-3620.24072265625,2494.5830078125,4677.3811119109505
50.256481,2181.561279296875,-5627.41650390625,2443.139404296875,6511.217725786164
50.273449899999996,3908.8486328125,-9094.1982421875,1481.4039306640625,10008.900884124754
50.284957,4531.404296875,-8192.6259765625,-8169.08349609375,12425.243275676141
50.3014629,4683.99169921875,-7096.61376953125,-19709.908203125,21465.837663782535
50.3189652,3459.80615234375,-2665.480712890625,-23433.908203125,23837.43064415871
50.3303733,1407.2901611328125,6834.16357421875,-20122.330078125,21297.756340277105
50.3479339,4396.255859375,13942.1123046875,-16700.017578125,22194.59727517694
50.359403099999994,8446.3564453125,10261.7080078125,-12835.63671875,18476.935850259331
50.3766295,6405.17529296875,7915.35302734375,-5611.72216796875,11626.285295467726
50.3882392,5146.98486328125,6051.17333984375,-357.49005126953125,7952.1035649970481
50.405226,5672.7568359375,4439.85205078125,1104.7314453125,7287.8589392745762
50.422462599999996,4688.35107421875,3844.325927734375,299.94287109375,6070.3742355557315
50.4343827,2685.53515625,3141.552734375,-160.43455505371094,4136.0841268969652
50.4515652,994.86865234375,2245.2119140625,-57.54718017578125,2456.4307139446551
50.468809099999994,3.4877078533172607,1407.2901611328125,31.389369964599609,1407.6445056455348
50.479915999999996,-593.78228759765625,1003.5879516601563,122.94170379638672,1172.5531307000515
50.497616099999995,-571.1121826171875,804.78857421875,712.36431884765625,1217.0935449233561
50.509271,-138.63638305664063,358.36196899414063,1590.394775390625,1636.1536874994908
50.526673599999995,54.059471130371094,-168.28190612792969,2298.3994140625,2305.1856959715387
50.5434358,-353.13043212890625,-544.954345703125,2135.34912109375,2231.9032707427355
50.554866399999995,-784.7342529296875,-629.53125,1075.9578857421875,1473.0250555705004
50.571852199999995,-936.4495849609375,-657.43292236328125,-9.59119701385498,1144.223694755879
50.588357599999995,-627.78741455078125,-410.6776123046875,-435.96347045898438,867.661965682071
50.6005293,-261.57809448242188,-138.63638305664063,-322.61297607421875,437.86102652730676
50.617436299999994,166.53805541992188,-128.17326354980469,123.81362915039063,243.9121238385807
50.6291121,351.38656616210938,-341.79537963867188,585.06298828125,763.27930712035447
50.6462952,219.72560119628906,-484.7913818359375,789.9658203125,952.54817252749456
50.663087999999995,-79.345352172851563,-397.59869384765625,599.8857421875,724.04648327344557
50.6742139,-197.92741394042969,-376.67245483398438,443.81082153320313,614.83773853739888
50.690770199999996,-222.34136962890625,-314.765625,335.69189453125,511.07937875057962
50.7073228,-177.00117492675781,-268.55349731445313,415.90914916992188,525.7668848534729
50.718758,-77.60150146484375,-245.88340759277344,640.8663330078125,690.78962060956917
50.7355549,-37.49285888671875,-204.90283203125,854.4884033203125,879.51197629755052
50.7521676,-27.901662826538086,-264.19387817382813,869.3111572265625,908.99878775034608
50.7631562,-106.37509155273438,-368.82510375976563,677.48724365234375,778.67617311556717
50.7801203,-159.56263732910156,-308.66213989257813,390.623291015625,522.799299271108
50.7968568,-224.9571533203125,-232.80450439453125,68.010299682617188,330.80063325102827
50.807994799999996,-310.406005859375,-204.90283203125,-61.034889221191406,376.91155030091625
50.824627199999995,-329.58837890625,-143.86795043945313,73.241867065429688,367.00253100616192
50.8407762,-395.85482788085938,-188.33622741699219,272.91314697265625,516.384706497751
50.8570658,-391.49520874023438,-238.03605651855469,429.8599853515625,628.25891929674162
50.8678904,-398.47061157226563,-319.9971923828125,449.914306640625,680.88171861166347
50.8844322,-439.45120239257813,-318.25335693359375,411.54953002929688,681.010700467415
50.9008787,-482.17559814453125,-279.8885498046875,412.42144775390625,693.48565834142209
50.916962299999994,-456.88973999023438,-296.45516967773438,370.5689697265625,658.75280907272361
50.9277855,-480.4317626953125,-374.9285888671875,420.268798828125,740.27831835391521
50.944815899999995,-599.8857421875,-366.20932006835938,606.86114501953125,928.57558610981926
50.9615541,-717.59588623046875,-455.1458740234375,817.86749267578125,1179.4103858077644
50.9727459,-681.84686279296875,-741.137939453125,1001.8440551757813,1420.5252903375185
50.9893317,-653.07330322265625,-868.43927001953125,1081.189453125,1532.8607694904792
51.0059165,-803.04473876953125,-805.6605224609375,983.53363037109375,1503.7646531250821
51.0224817,-1099.4998779296875,-736.77825927734375,765.5518798828125,1528.9904727313569
51.0334934,-1417.7532958984375,-619.068115234375,612.96466064453125,1664.0298718862559
51.050491,-1528.4879150390625,-667.89605712890625,630.4031982421875,1783.1905792435025
51.067014099999994,-1423.856689453125,-764.679931640625,790.8377685546875,1799.3131039724246
51.078208499999995,-1266.0379638671875,-876.28662109375,976.5582275390625,1823.2927192404161
51.0946509,-1234.6485595703125,-912.90753173828125,1032.361572265625,1850.2777205177285
51.1111937,-1412.521728515625,-860.5919189453125,963.47930908203125,1914.1913340917445
51.127589799999996,-1710.720703125,-730.6748046875,803.04473876953125,2026.1618510797787
51.1383806,-1912.1358642578125,-653.07330322265625,744.6256103515625,2153.4241575580413
51.1548729,-1845.869384765625,-706.2608642578125,823.97100830078125,2141.2534685359942
51.1708645,-1713.33642578125,-778.63079833984375,1017.5387573242188,2139.4328105105628
51.187678999999996,-1660.14892578125,-800.428955078125,1185.8206787109375,2191.5637453559425
51.198701,-1732.5189208984375,-797.81317138671875,1287.836181640625,2301.4451326181829
51.2151685,-1846.7413330078125,-803.04473876953125,1322.7132568359375,2409.3369966267546
51.232132299999996,-1974.0426025390625,-737.65020751953125,1307.8905029296875,2480.2317619421119
51.242895,-2058.61962890625,-525.77197265625,1213.7222900390625,2446.9312906345813
51.258802499999994,-2194.64013671875,-442.06698608398438,1132.6331787109375,2508.9293468328506
51.274874499999996,-2290.55224609375,-482.17559814453125,1108.2191162109375,2589.8402477887535
51.2916539,-2285.320556640625,-478.68789672851563,1191.05224609375,2621.1519608758958
51.3076358,-2239.98046875,-419.39688110351563,1341.8956298828125,2644.6342139810972
51.318771899999994,-2298.3994140625,-299.94287109375,1428.21630859375,2722.5736751492996
51.3349925,-2454.474365234375,-125.55747985839844,1368.92529296875,2813.2126738074139
51.351447799999995,-2621.88427734375,16.566612243652344,1193.66796875,2880.8670285251524
51.362632299999994,-2677.687744140625,65.394523620605469,1032.361572265625,2870.5502111496376
51.3789966,-2595.7265625,55.803325653076172,1021.8983764648438,2790.1947405590695
51.3955871,-2491.96728515625,74.1137924194336,1116.9384765625,2731.8391909008042
51.4119958,-2422.213134765625,155.2030029296875,1244.23974609375,2727.5148007130865
51.422927699999995,-2325.42919921875,167.40997314453125,1357.59033203125,2697.90633071501
51.438891999999996,-2267.882080078125,223.21330261230469,1386.3638916015625,2667.4178801866055
51.4545654,-2278.34521484375,333.94802856445313,1304.4027099609375,2646.4777787725588
51.470977999999995,-2337.63623046875,439.45120239257813,1173.6136474609375,2652.3630028318134
51.4882268,-2346.35546875,513.56500244140625,1074.2139892578125,2631.1724938100992
51.4996261,-2312.350341796875,535.3631591796875,1044.5684814453125,2593.2028705529283
51.5172515,-2222.541748046875,492.63873291015625,1151.8155517578125,2551.286696599529
51.529041199999995,-2119.654541015625,498.74221801757813,1282.6046142578125,2527.2027559728335
51.5468252,-2035.949462890625,568.49639892578125,1327.94482421875,2496.3404870340851
51.558913,-1906.904296875,655.6890869140625,1276.5010986328125,2386.5597061354474
51.5756855,-1922.5989990234375,691.4381103515625,1119.55419921875,2329.7800704102524
51.592771899999995,-1935.6778564453125,692.30999755859375,1007.0756225585938,2289.179592387648
51.60369,-1815.3519287109375,628.65936279296875,1045.4404296875,2187.1581816427833
51.620363499999996,-1663.6365966796875,584.1910400390625,1205.875,2136.1414776879583
51.6372778,-1568.5965576171875,537.10699462890625,1316.6097412109375,2117.1774358563616
51.6485486,-1513.6651611328125,559.777099609375,1188.4364013671875,2004.2239648724137
51.6646575,-1437.8076171875,607.73309326171875,1004.4598388671875,1856.2246158762548
51.6811923,-1297.4273681640625,617.32427978515625,911.1636962890625,1701.3601392734386
51.697344199999996,-1155.30322265625,560.6490478515625,886.74969482421875,1560.5697396808723
51.7083903,-1161.40673828125,619.9400634765625,868.43927001953125,1577.1423714238588
51.726141999999996,-1273.88525390625,684.462646484375,827.45867919921875,1666.1214302487983
51.7426512,-1295.6834716796875,558.90521240234375,845.7691650390625,1645.1432082847102
51.753772,-1226.80126953125,454.27395629882813,908.54791259765625,1592.7540587863634
51.771456199999996,-1089.0367431640625,391.49520874023438,991.3809814453125,1523.8457194871858
51.7831232,-885.005859375,374.05667114257813,1048.9281005859375,1422.4640327801515
51.7999053,-731.5467529296875,392.36712646484375,1063.7508544921875,1349.3251995294193
51.8177898,-663.53643798828125,411.54953002929688,1134.376953125,1377.1218871206245
51.8294175,-692.30999755859375,389.7513427734375,1256.44677734375,1486.5590288349711
51.8470204,-816.99554443359375,367.95318603515625,1396.8270263671875,1659.517100944599
51.8586459,-1000.1002197265625,325.228759765625,1355.846435546875,1715.8944467714125
51.875310999999996,-1141.3524169921875,367.95318603515625,1136.9927978515625,1652.5215609043214
51.892950899999995,-1099.4998779296875,363.59353637695313,916.395263671875,1476.7804578009359
51.904565999999996,-878.90240478515625,266.80966186523438,819.611328125,1231.0237861197475
51.9215576,-543.21051025390625,97.65582275390625,808.27630615234375,978.73638190031988
51.9331703,-206.64669799804688,-47.955982208251953,821.355224609375,848.30833958895573
51.9500828,19.182394027709961,-102.88738250732422,742.88177490234375,750.21804110665
51.968211499999995,57.54718017578125,-65.394523620605469,547.57012939453125,554.4557405879151
51.979614399999996,-77.60150146484375,48.827911376953125,375.80050659179688,386.82318792141314
51.996594599999995,-213.62210083007813,151.71528625488281,349.6427001953125,436.92327455324039
52.0085163,-222.34136962890625,251.11495971679688,527.51580810546875,625.11385798364142
52.025664899999995,3.4877078533172607,285.1201171875,1028.0018310546875,1066.8146090033047
52.043158899999995,360.1058349609375,88.064620971679688,1692.4102783203125,1732.5369086989278
52.0542246,645.2259521484375,-311.27792358398438,2410.006103515625,2514.2274944839778
52.0709242,607.73309326171875,-789.09393310546875,3013.379638671875,3173.714794160237
52.0881131,-250.2430419921875,-853.61651611328125,3492.939453125,3604.4290476917495
52.0989466,-1251.2152099609375,-680.9749755859375,3826.015625,4082.6048035238487
52.1161442,-1481.4039306640625,-1351.48681640625,3830.375244140625,4323.5227224604923
52.132438799999996,-1267.7818603515625,-2966.295654296875,3584.49169921875,4822.3190993447452
52.1439374,-576.34375,-5242.02490234375,3073.54248046875,6103.9053542958918
52.161179999999995,720.211669921875,-8872.728515625,1804.016845703125,9082.8681010492128
52.1781681,2940.1376953125,-13534.05078125,-2443.139404296875,14063.565350425166
52.1901687,4159.091796875,-14238.5673828125,-9701.0595703125,17724.147440045646
52.207238,3834.73486328125,-12660.3798828125,-18356.677734375,22626.489513233973
52.2194368,4349.171875,-8813.4375,-24090.470703125,26018.123592273543
52.236328,4644.7548828125,-1534.5914306640625,-24833.3515625,25310.552514854338
52.252916199999994,2427.444580078125,10150.9736328125,-18443.87109375,21192.242302462288
52.2635307,6207.248046875,13022.2294921875,-13990.9404296875,20096.139016480149
52.280328399999995,9092.4541015625,8748.9150390625,-8508.263671875,15218.632877492728
52.2968218,4525.30078125,6814.109375,-2679.431640625,8607.5424862167911
52.313084599999996,4094.569091796875,5363.22265625,-273.78506469726563,6753.1186550854318
52.3246817,4331.7333984375,4611.62158203125,-771.65533447265625,6373.8857697808962
52.3419842,3105.803955078125,3996.9130859375,-1470.9407958984375,5271.147811336321
52.3593129,904.188232421875,2601.830078125,-1461.349609375,3118.1114149283703
52.371159399999996,-102.88738250732422,1062.8790283203125,-830.074462890625,1352.524031677626
52.3883928,-318.25335693359375,115.0943603515625,-280.76046752929688,439.72531324851667
52.3993324,-241.52377319335938,-287.73590087890625,343.53921508789063,509.06274070624835
52.4162107,-325.228759765625,-526.64385986328125,728.93096923828125,956.27812859284938
52.4333205,-815.251708984375,-967.83892822265625,676.61529541015625,1434.9758875911807
52.444969699999994,-1171.869873046875,-1246.8555908203125,88.064620971679688,1713.3835651078409
52.461901999999995,-1107.3472900390625,-1196.2838134765625,-608.60504150390625,1740.0324938594836
52.473430199999996,-959.11968994140625,-900.7005615234375,-885.005859375,1585.6883212945781
52.490482799999995,-756.83258056640625,-521.412353515625,-605.9892578125,1100.8584731879268
52.5078302,-237.16413879394531,-436.83541870117188,-34.877079010009766,498.28548283285591
52.51903,226.70100402832031,-476.94406127929688,463.86514282226563,702.87968639203041
52.535669299999995,244.13955688476563,-388.87942504882813,732.41864013671875,864.44687221478057
52.5526008,17.438539505004883,-313.02178955078125,708.00469970703125,774.31091830148227
52.5638333,-152.58721923828125,-222.34136962890625,473.45632934570313,544.86644227813861
52.581074,-184.8485107421875,-223.21330261230469,331.33224487304688,440.19791784981174
52.5985747,-100.27159881591797,-214.49403381347656,363.59353637695313,433.89208769667135
52.6098448,-10.463123321533203,-244.13955688476563,483.04754638671875,541.33957203936279
52.6268755,42.724422454833984,-277.27276611328125,624.2996826171875,684.43820525897775
52.637735299999996,-30.517444610595703,-293.83938598632813,694.05389404296875,754.31008678035823
52.654601799999995,-128.17326354980469,-273.78506469726563,672.25567626953125,737.09859680839065
52.6718285,-161.30648803710938,-309.5340576171875,548.44207763671875,650.092169180884
52.6828356,-150.84336853027344,-229.31678771972656,339.17959594726563,436.3286711489452
52.6990068,-170.89768981933594,-169.15382385253906,132.53289794921875,274.561478631544
52.715474099999994,-211.00633239746094,-197.05549621582031,-4.3596348762512207,288.74477885659712
52.7323422,-213.62210083007813,-208.39054870605469,-20.926246643066406,299.16371864187187
52.7433901,-161.30648803710938,-330.4603271484375,42.724422454833984,370.20154939710551
52.7599721,-163.05033874511719,-436.83541870117188,145.61180114746094,488.48069831891343
52.7767317,-254.60267639160156,-463.86514282226563,189.20814514160156,561.95472748186114
52.7877127,-320.86911010742188,-422.01266479492188,166.53805541992188,555.68570160792228
52.804698599999995,-319.9971923828125,-417.65301513671875,95.0400390625,534.66330827042589
52.8217928,-368.82510375976563,-467.35284423828125,35.749004364013672,596.42990325270523
52.833127399999995,-408.06182861328125,-510.0772705078125,55.803325653076172,655.5968952137116
52.850051,-379.28823852539063,-603.37347412109375,122.06977844238281,723.0630318067881
52.867073299999994,-335.69189453125,-662.66448974609375,202.28704833984375,769.89176119145282
52.878302999999995,-311.27792358398438,-656.56097412109375,274.656982421875,776.7900079446739
52.8957482,-375.80050659179688,-690.566162109375,297.32708740234375,840.54211191842353
52.9134852,-576.34375,-766.423828125,267.68157958984375,995.60586103817
52.9244449,-774.2711181640625,-853.61651611328125,217.98173522949219,1172.8908550662607
52.941021299999996,-871.92694091796875,-885.005859375,252.85882568359375,1267.8444491154012
52.958555999999994,-823.09906005859375,-940.8092041015625,369.697021484375,1303.5681450871582
52.9698967,-740.2659912109375,-1047.184326171875,531.87542724609375,1388.3372143797667
52.987418899999994,-833.56219482421875,-1143.09619140625,635.634765625,1550.9759478208525
52.9991166,-1123.0418701171875,-1156.1751708984375,641.73822021484375,1734.8752148563469
53.015906799999996,-1337.5360107421875,-1205.0030517578125,622.55584716796875,1904.8912613639641
53.032690699999996,-1389.8515625,-1285.2203369140625,632.14703369140625,1995.7676599258821
53.044314199999995,-1366.3095703125,-1327.94482421875,712.36431884765625,2034.1342681505025
53.061166099999994,-1369.7972412109375,-1347.9991455078125,808.27630615234375,2084.8877105029337
53.077398599999995,-1422.1129150390625,-1272.1414794921875,878.90240478515625,2100.7661754946935
53.0889436,-1597.3702392578125,-1184.94873046875,903.31634521484375,2184.4165341432404
53.1063975,-1739.4942626953125,-1191.9241943359375,897.21282958984375,2291.6183008027092
53.123441799999995,-1811.8642578125,-1211.1065673828125,908.54791259765625,2361.1629583283275
53.1343445,-1787.4503173828125,-1232.90478515625,980.9178466796875,2382.6944135385493
53.152198399999996,-1787.4503173828125,-1189.308349609375,1088.164794921875,2406.9764453500284
53.163812,-1864.1798095703125,-1116.0665283203125,1206.7469482421875,2485.3589388936148
53.1808312,-1987.9935302734375,-1050.6719970703125,1217.2100830078125,2556.879017085605
53.197952,-2113.551025390625,-980.0458984375,1141.3524169921875,2594.2770167713079
53.209142899999996,-2173.7138671875,-937.32147216796875,1097.756103515625,2609.3432088163818
53.226637999999994,-2161.5068359375,-912.90753173828125,1127.401611328125,2603.1800468915467
53.2387848,-2099.60009765625,-882.39007568359375,1264.2940673828125,2604.8747195522492
53.256083999999994,-2117.03857421875,-803.91668701171875,1433.4478759765625,2680.0946210027314
53.273564699999994,-2234.748779296875,-701.90118408203125,1494.4827880859375,2778.5330990775956
53.284952499999996,-2308.862548828125,-619.9400634765625,1414.2655029296875,2777.6462813795051
53.3017423,-2278.34521484375,-537.97894287109375,1320.097412109375,2687.5519415319181
53.318869899999996,-2185.049072265625,-460.37744140625,1218.0819091796875,2543.6411645976063
53.3305526,-2182.43310546875,-308.66213989257813,1166.6383056640625,2493.8587595715503
53.347557099999996,-2189.40869140625,-231.93257141113281,1237.264404296875,2525.4952666411214
53.3589834,-2129.24560546875,-192.69586181640625,1369.7972412109375,2539.1264296206768
53.3756364,-2077.802001953125,-196.18356323242188,1450.886474609375,2541.8144527103868
53.3923048,-2075.186279296875,-197.05549621582031,1470.06884765625,2550.7511401977745
53.403390599999994,-2069.082763671875,-149.971435546875,1382.0042724609375,2492.6954734793258
53.4202486,-2082.16162109375,-9.59119701385498,1201.515380859375,2403.9817424135235
53.4369187,-2065.594970703125,103.75930786132813,1068.1104736328125,2327.7260493550389
53.448423,-1940.0374755859375,147.35565185546875,1103.8594970703125,2236.9543768445369
53.4650834,-1749.9573974609375,102.01545715332031,1232.0328369140625,2142.5832440446675
53.4817792,-1631.3753662109375,74.1137924194336,1364.565673828125,2128.1254469360274
53.4929309,-1590.394775390625,93.296188354492188,1391.595458984375,2115.3244767215278
53.5099345,-1627.0157470703125,211.87825012207031,1286.09228515625,2084.7316374123511
53.526327599999995,-1578.1878662109375,325.228759765625,1176.2294921875,1994.9853396769067
53.5429354,-1363.6937255859375,381.03207397460938,1123.913818359375,1807.7688706521628
53.555125,-1070.726318359375,408.06182861328125,1068.982421875,1567.0650028241896
53.572769199999996,-921.6268310546875,484.7913818359375,999.228271484375,1443.2171832943077
53.5835112,-964.3511962890625,578.95953369140625,914.6513671875,1449.7429064955895
53.6001069,-1051.5439453125,637.37860107421875,869.3111572265625,1505.8877906767461
53.617031399999995,-1007.0756225585938,623.42779541015625,933.83380126953125,1508.2801775649143
53.628573499999995,-877.15850830078125,619.068115234375,1027.1300048828125,1485.8157446045791
53.6453606,-793.45355224609375,651.3294677734375,986.1494140625,1423.4778825179499
53.6623246,-844.02532958984375,700.1573486328125,871.0550537109375,1400.4770531605072
53.673584999999996,-904.188232421875,755.0887451171875,840.53759765625,1447.1416052779989
53.6901947,-1008.8195190429688,800.428955078125,996.612548828125,1628.3856750202754
53.708093399999996,-1072.47021484375,807.40435791015625,1288.7080078125,1860.8768063199061
53.719212199999994,-1191.05224609375,828.33062744140625,1578.1878662109375,2143.6916808015731
53.7363609,-1093.3963623046875,753.34490966796875,1804.016845703125,2239.982352074323
53.7535697,-840.53759765625,535.3631591796875,1880.7464599609375,2128.455875026822
53.764986699999994,-531.0035400390625,345.2830810546875,1812.7362060546875,1920.2077279133568
53.7827902,-367.08123779296875,253.73074340820313,1772.6275634765625,1827.9322755744952
53.7937678,-298.19903564453125,204.90283203125,1810.120361328125,1845.9262059812729
53.8100096,-258.09039306640625,124.68555450439453,1754.3170166015625,1777.5785026920885
53.8266074,-224.9571533203125,30.517444610595703,1545.0545654296875,1561.643571821259
53.838980899999996,-154.33106994628906,-55.803325653076172,1215.4661865234375,1226.4950635394084
53.8554661,-72.369941711425781,-183.97659301757813,986.1494140625,1005.7710783759308
53.8721846,113.35050201416016,-467.35284423828125,1040.2088623046875,1145.9936712485307
53.883489399999995,435.091552734375,-900.7005615234375,1348.8709716796875,1679.2912371085456
53.9000413,708.87664794921875,-1307.0185546875,1729.903076171875,2281.0892699002461
53.9166563,810.0201416015625,-1800.5291748046875,2128.373779296875,2903.1040083885259
53.933608299999996,923.37066650390625,-2565.209228515625,2627.98779296875,3786.7177890376724
53.9449851,900.7005615234375,-3683.01953125,3479.860595703125,5146.3894270279343
53.961662,253.73074340820313,-5413.79443359375,4756.36181640625,7210.8617507152712
53.973580299999995,416.78109741210938,-8252.7890625,4950.80126953125,9632.895047890428
53.9901942,2430.060546875,-10012.3369140625,-1901.6727294921875,10477.04366280256
54.0065454,5941.310546875,-10874.6728515625,-14256.8779296875,18889.580433268737
54.0230081,4822.6279296875,-10055.0615234375,-22037.08203125,24698.076581797959
54.0343507,912.03558349609375,-4498.27099609375,-23875.9765625,24313.134468285054
54.0515428,-3049.128662109375,6914.380859375,-21261.06640625,22564.104081428992
54.063334,1683.69091796875,12001.203125,-16045.2001953125,20107.514537167852
54.0805498,8055.7333984375,7932.79150390625,-8120.255859375,13919.862673635203
54.096682099999995,6875.14404296875,6506.31884765625,-2072.5703125,9689.9606944090337
54.1131701,5730.30419921875,4628.1884765625,794.325439453125,7408.6076758006529
54.1247586,5595.1552734375,3176.429931640625,265.93771362304688,6439.4248587917373
54.141468599999996,3711.79296875,3078.774169921875,-1458.7337646484375,5038.2697057983578
54.1528729,2078.673828125,2356.818603515625,-2054.260009765625,3754.3924943100246
54.1695141,1514.537109375,1224.1854248046875,-1789.194091796875,2644.5544252480527
54.1863263,1002.7160034179688,524.028076171875,-1432.5760498046875,1825.4640359648017
54.203162899999995,524.9000244140625,320.86911010742188,-1074.2139892578125,1237.9065862043856
54.2146142,365.33740234375,139.50831604003906,-517.92462158203125,648.98374512501982
54.2319482,197.92741394042969,-262.45001220703125,-29.645517349243164,330.05170321560428
54.2431274,-119.45399475097656,-660.920654296875,340.051513671875,752.80834220185761
54.2602049,-582.44720458984375,-915.5233154296875,503.97378540039063,1196.418515236491
54.2771604,-1022.7703247070313,-1128.2734375,412.42144775390625,1577.7045152489172
54.293268999999995,-1062.8790283203125,-1129.1453857421875,175.25732421875,1560.575618378783
54.3049737,-798.68511962890625,-937.32147216796875,-22.670101165771484,1231.6587985276744
54.3226375,-462.99322509765625,-759.4483642578125,-107.24701690673828,895.894227627118
54.333719699999996,-262.45001220703125,-480.4317626953125,-20.054319381713867,547.81097400459191
54.3502564,-205.77476501464844,-298.19903564453125,172.64154052734375,401.3365424326779
54.3675936,-266.80966186523438,-341.79537963867188,349.6427001953125,557.01121623074494
54.378850899999996,-283.37625122070313,-333.07611083984375,509.20535278320313,671.216721090261
54.3957914,-242.39569091796875,-247.62725830078125,640.8663330078125,728.549646086004
54.4130616,-209.26246643066406,-242.39569091796875,709.74853515625,778.64589768949975
54.4249033,-264.19387817382813,-289.47976684570313,762.93609619140625,857.71115624629306
54.4418328,-81.0892105102539,-435.96347045898438,781.24658203125,898.32390014477994
54.4532932,20.054319381713867,-364.46548461914063,690.566162109375,781.10107505687154
54.4704018,-159.56263732910156,-299.94287109375,491.76681518554688,597.71277522662683
54.487562,-302.55865478515625,-210.1343994140625,297.32708740234375,473.3937075053629
54.4991079,-326.10067749023438,-44.468276977539063,153.45915222167969,363.13742704042176
54.5159155,-339.17959594726563,12.206977844238281,68.010299682617188,346.14622557231428
54.5327499,-285.1201171875,-27.901662826538086,79.345352172851563,297.26699938764375
54.543714699999995,-221.46945190429688,-136.89253234863281,156.94685363769531,304.00756307431448
54.560166499999994,-206.64669799804688,-232.80450439453125,222.34136962890625,382.53951391763076
54.576923099999995,-231.93257141113281,-249.37110900878906,257.21844482421875,426.77862651196961
54.588407399999994,-299.07095336914063,-264.19387817382813,267.68157958984375,480.51562770150156
54.6050196,-354.874267578125,-253.73074340820313,264.19387817382813,510.01317748085449
54.6214921,-392.36712646484375,-197.92741394042969,291.22360229492188,527.19864344766268
54.637988,-398.47061157226563,-238.90798950195313,400.2144775390625,613.21079880128127
54.6488355,-376.67245483398438,-346.15499877929688,560.6490478515625,758.96823139537184
54.6658737,-441.19503784179688,-436.83541870117188,676.61529541015625,918.30632276546248
54.682566099999995,-584.1910400390625,-552.80169677734375,689.6942138671875,1059.5031835080581
54.693613299999996,-720.211669921875,-636.5067138671875,646.96978759765625,1158.6265802033968
54.710074,-871.0550537109375,-623.42779541015625,571.1121826171875,1213.9061939948654
54.7278551,-991.3809814453125,-577.21563720703125,483.04754638671875,1244.7285142865569
54.7391088,-1043.696533203125,-570.240234375,481.30368041992188,1283.0158265220423
54.755936299999995,-960.863525390625,-664.4083251953125,575.4718017578125,1302.2537892566577
54.7724887,-867.56732177734375,-842.28143310546875,770.783447265625,1433.9519493165717
54.784546,-955.6319580078125,-855.3603515625,927.73028564453125,1582.8952122907733
54.802047599999995,-1053.2877197265625,-805.6605224609375,963.47930908203125,1639.1449835228123
54.8135852,-1100.371826171875,-757.70452880859375,912.03558349609375,1617.635068355326
54.830700799999995,-1104.7314453125,-729.8028564453125,821.355224609375,1558.0976158543788
54.847611799999996,-1123.913818359375,-719.3397216796875,778.63079833984375,1544.9588429497735
54.859142399999996,-1202.3873291015625,-764.679931640625,830.074462890625,1649.0889305859341
54.8765097,-1351.48681640625,-830.074462890625,915.5233154296875,1831.3173318566139
54.8931748,-1607.8333740234375,-817.86749267578125,890.2374267578125,2011.605843648236
54.9044277,-1851.972900390625,-750.7291259765625,784.7342529296875,2146.9060743525583
54.9213136,-1923.4708251953125,-737.65020751953125,762.93609619140625,2196.8020691229617
54.938200599999995,-1831.9185791015625,-768.16766357421875,870.18310546875,2168.6922042700758
54.949126,-1734.2626953125,-761.1922607421875,1067.2386474609375,2173.9547108439565
54.965683,-1715.9522705078125,-711.492431640625,1214.59423828125,2219.4487690885808
54.984034699999995,-1834.5343017578125,-669.639892578125,1232.0328369140625,2309.0774351009932
54.9952614,-2006.303955078125,-603.37347412109375,1151.8155517578125,2390.8145420977844
55.013203,-2094.36865234375,-564.13671875,1051.5439453125,2410.4719368384212
55.0244937,-2034.20556640625,-548.44207763671875,970.4547119140625,2319.6041357949116
55.041539,-1914.7515869140625,-499.6141357421875,953.01617431640625,2196.3897087566252
55.052729299999996,-1810.9923095703125,-387.13555908203125,990.509033203125,2100.1607632001796
55.0692739,-1757.8048095703125,-299.94287109375,1023.6422729492188,2056.1339882014322
55.0860985,-1822.327392578125,-253.73074340820313,987.89324951171875,2088.3461131531549
55.1032988,-1974.0426025390625,-218.85366821289063,886.74969482421875,2175.1014105094682
55.1145059,-2078.673828125,-245.88340759277344,766.423828125,2229.0690922847266
55.1316031,-2027.230224609375,-191.82392883300781,681.84686279296875,2147.4109871059431
55.142879699999995,-1936.5498046875,-155.2030029296875,629.53125,2042.2102518791128
55.159981599999995,-1824.0711669921875,-131.66096496582031,669.639892578125,1947.5594516419812
55.176890799999995,-1727.287353515625,-142.99601745605469,777.75885009765625,1899.7047906263047
55.189181,-1670.612060546875,-182.23274230957031,824.8428955078125,1872.0361191718641
55.2057839,-1696.7698974609375,-175.25732421875,740.2659912109375,1859.4991133005221
55.222865999999996,-1681.9471435546875,-139.50831604003906,663.53643798828125,1813.4743914636003
55.2341512,-1545.926513671875,-76.729576110839844,649.5855712890625,1678.6118157426288
55.251531299999996,-1458.7337646484375,-28.773590087890625,723.69940185546875,1628.6414399301991
55.2632635,-1409.033935546875,27.901662826538086,744.6256103515625,1593.9330079719907
55.279984999999996,-1441.2952880859375,56.675251007080078,656.56097412109375,1584.808033887474
55.2969781,-1511.92138671875,48.827911376953125,553.67364501953125,1610.8522432973787
55.308737,-1497.0986328125,77.60150146484375,538.85089111328125,1593.0117991566265
55.3265775,-1363.6937255859375,52.315616607666016,626.91546630859375,1501.8057473722811
55.3431752,-1149.19970703125,30.517444610595703,769.03961181640625,1383.1172060273852
55.354889,-1025.3861083984375,34.877079010009766,793.45355224609375,1296.9971555515099
55.3726674,-1011.435302734375,81.0892105102539,724.5712890625,1246.8281295400125
55.3847479,-1052.4158935546875,81.0892105102539,699.285400390625,1266.1574721444265
55.4021048,-1154.4312744140625,127.30133819580078,675.743408203125,1343.7061999491159
55.4136046,-1226.80126953125,133.40483093261719,663.53643798828125,1401.113417385553
55.431214,-1188.4364013671875,113.35050201416016,651.3294677734375,1359.9483416628302
55.443066599999995,-1021.0264892578125,24.413955688476563,687.07843017578125,1230.9215662304844
55.460932199999995,-843.15338134765625,-5.2315616607666016,732.41864013671875,1116.8581190711366
55.4779475,-751.60101318359375,28.773590087890625,736.77825927734375,1052.8885058964711
55.4890372,-769.03961181640625,102.01545715332031,703.64508056640625,1047.3516493739025
55.506062299999996,-857.10418701171875,153.45915222167969,670.5118408203125,1098.98290590612
55.5234544,-990.509033203125,199.67127990722656,628.65936279296875,1190.0375453337767
55.5358242,-1043.696533203125,195.3116455078125,675.743408203125,1258.6017026927807
55.5531825,-950.400390625,95.0400390625,820.4832763671875,1259.1609580682641
55.564879999999995,-829.2025146484375,4.3596348762512207,939.937255859375,1253.4264484476137
55.582193,-835.3060302734375,33.133224487304688,1021.8983764648438,1320.2690129657585
55.593578699999995,-819.611328125,70.626083374023438,1108.2191162109375,1380.1812860559053
55.611097799999996,-825.71484375,69.754158020019531,1129.1453857421875,1400.5855732132336
55.6281076,-946.91265869140625,71.498008728027344,1086.4210205078125,1442.9366521934833
55.6395659,-1158.7908935546875,159.56263732910156,1045.4404296875,1568.8219345234418
55.6559418,-1267.7818603515625,168.28190612792969,1055.0316162109375,1657.9147615517454
55.673654,-1220.69775390625,115.0943603515625,1148.3277587890625,1679.8828410880355
55.6848938,-1029.7457275390625,50.571762084960938,1297.4273681640625,1657.1818072156286
55.7020158,-718.46783447265625,-63.650669097900391,1494.4827880859375,1659.4355187031388
55.7133769,-389.7513427734375,-211.87825012207031,1727.287353515625,1783.3452003702198
55.7302578,-70.626083374023438,-394.98291015625,2041.1810302734375,2080.2450676101571
55.7476292,183.10466003417969,-605.9892578125,2483.248046875,2562.6687572565593
55.759235399999994,298.19903564453125,-902.44439697265625,3062.20751953125,3206.3130613151925
55.7758774,382.77593994140625,-1323.5850830078125,3880.947021484375,4118.2696215434062
55.7930241,522.28424072265625,-1972.298828125,5280.3896484375,5660.8531454946251
55.805181,190.95201110839844,-3066.567138671875,7692.1396484375,8283.0736479638235
55.8227632,-994.86865234375,-5329.2177734375,10974.9443359375,12240.903924509212
55.834282099999996,291.22360229492188,-9094.1982421875,11101.3740234375,14353.736728217944
55.850958299999995,5763.43701171875,-10776.1455078125,-6227.30224609375,13715.750488318214
55.8685742,4810.4208984375,-12465.939453125,-20476.33203125,24450.357239171321
55.8797226,3805.08935546875,-11353.361328125,-26580.693359375,29153.22928793975
55.8964663,-383.64785766601563,-557.16131591796875,-24747.03125,24756.27536805817
55.9136555,408.93374633789063,10942.68359375,-19102.17578125,22018.234956953143
55.9244436,10971.45703125,7395.6845703125,-12916.7255859375,18490.830687520123
55.941587,8770.712890625,7457.59130859375,-6367.6826171875,13156.308549476196
55.952940899999994,7306.748046875,5194.06884765625,-2549.514404296875,9320.2436616443665
55.969589899999995,5672.7568359375,4444.2119140625,-1691.538330078125,7402.1950513948359
55.9867442,3786.77880859375,3965.52392578125,-2378.61669921875,5976.8629859618277
55.9982949,2319.32568359375,2445.755126953125,-2810.220703125,4388.4314017502293
56.0159427,1576.4439697265625,857.97613525390625,-2614.908935546875,3171.6001292021924
56.032743399999994,262.45001220703125,611.2208251953125,-1713.33642578125,1837.9316129738827
56.044048599999996,-300.81478881835938,483.04754638671875,-9.59119701385498,569.13659195506125
56.0614888,-326.97262573242188,-176.12924194335938,1457.8619384765625,1504.4248201570383
56.0732028,-710.6204833984375,-680.9749755859375,2073.4423828125,2295.1844596116616
56.0907123,-1274.7572021484375,-855.3603515625,1674.9716796875,2272.0425575260692
56.1076852,-1418.6251220703125,-811.76397705078125,928.60223388671875,1879.8298061754726
56.1197485,-1181.4610595703125,-803.91668701171875,391.49520874023438,1481.6884873020588
56.1371609,-860.5919189453125,-656.56097412109375,301.68673706054688,1123.7017624846258
56.1482512,-650.45751953125,-414.16531372070313,432.47576904296875,884.1171769700112
56.1650753,-633.89093017578125,-272.04119873046875,619.9400634765625,927.442616806642
56.1818149,-606.86114501953125,-202.28704833984375,694.92578125,944.52228174161439
56.1929995,-504.845703125,-127.30133819580078,663.53643798828125,843.41888715417883
56.2103471,-272.91314697265625,-158.69070434570313,623.42779541015625,698.80365019526164
56.2268511,54.931400299072266,-284.24819946289063,652.20135498046875,713.56927139211336
56.238863699999996,248.49919128417969,-194.43971252441406,675.743408203125,745.77999678554215
56.2557626,212.75018310546875,-120.32592010498047,601.62957763671875,649.38364327095371
56.2728259,106.37509155273438,-174.38539123535156,516.1807861328125,555.12929012244308
56.2848707,-38.364788055419922,-287.73590087890625,371.44088745117188,471.415038461489
56.3010015,-115.0943603515625,-217.98173522949219,291.22360229492188,381.54152488559691
56.3177186,-167.40997314453125,-232.80450439453125,235.42027282714844,371.00773742961883
56.3297828,-208.39054870605469,-394.11099243164063,243.26762390136719,507.86733699272321
56.3469045,-230.188720703125,-585.9349365234375,273.78506469726563,686.487333189005
56.3588551,-244.13955688476563,-517.05267333984375,253.73074340820313,625.56125231207238
56.3760085,-319.9971923828125,-402.83026123046875,196.18356323242188,550.59823190640566
56.3928674,-348.77078247070313,-350.5146484375,170.0257568359375,522.88654167240156
56.404665699999995,-285.1201171875,-336.56381225585938,179.61695861816406,476.26771123859567
56.421685,-213.62210083007813,-231.93257141113281,211.00633239746094,379.40847638958206
56.438483899999994,-228.44486999511719,-157.81878662109375,248.49919128417969,372.62001570840454
56.449822299999994,-268.55349731445313,-235.42027282714844,293.83938598632813,462.47731894078362
56.4671862,-258.09039306640625,-316.50949096679688,362.72161865234375,546.219627533659
56.483397999999994,-324.35684204101563,-311.27792358398438,399.34255981445313,601.31172179555688
56.4949581,-462.99322509765625,-335.69189453125,428.98806762695313,714.90036837773152
56.5120746,-575.4718017578125,-397.59869384765625,520.5404052734375,871.90299316493918
56.523097699999994,-600.7576904296875,-467.35284423828125,663.53643798828125,1009.7569450943131
56.5409583,-667.89605712890625,-560.6490478515625,771.65533447265625,1164.4159279249445
56.5582109,-821.355224609375,-621.68389892578125,805.6605224609375,1307.747740441064
56.5700167,-1017.5387573242188,-642.61016845703125,762.06414794921875,1424.4559371391094
56.5873242,-1121.298095703125,-635.634765625,786.4781494140625,1509.9300825549412
56.598366899999995,-1110.8349609375,-649.5855712890625,915.5233154296875,1579.2715618168149
56.615881599999994,-1074.2139892578125,-623.42779541015625,1038.4649658203125,1618.9525613937346
56.6327265,-1128.2734375,-651.3294677734375,1037.5931396484375,1665.4820769986081
56.644252599999994,-1293.0677490234375,-722.82745361328125,882.39007568359375,1724.2725935670665
56.6613076,-1444.782958984375,-781.24658203125,769.03961181640625,1813.6057854588703
56.678306,-1503.2020263671875,-787.35003662109375,851.000732421875,1898.3515635477597
56.6902646,-1388.9796142578125,-728.93096923828125,1074.2139892578125,1901.1944722872579
56.707259699999994,-1206.7469482421875,-716.72393798828125,1248.599365234375,1878.5451219603287
56.7193428,-1118.6822509765625,-718.46783447265625,1263.422119140625,1834.0887271218926
56.736622399999995,-1232.0328369140625,-653.94525146484375,1145.7120361328125,1805.0499640972616
56.7538282,-1445.6549072265625,-584.1910400390625,1008.8195190429688,1857.12522573257
56.7654589,-1537.207275390625,-578.95953369140625,905.0601806640625,1875.4557525544838
56.7826788,-1624.39990234375,-524.028076171875,816.1236572265625,1891.9139227870915
56.793808999999996,-1727.287353515625,-467.35284423828125,780.3746337890625,1952.1590231571904
56.8106377,-1805.7607421875,-453.40200805664063,748.98529052734375,2006.8194249512521
56.827915,-1853.7166748046875,-503.10186767578125,732.41864013671875,2055.6784924028193
56.8394079,-1880.7464599609375,-537.10699462890625,760.3203125,2098.5180837760231
56.856018299999995,-1931.3182373046875,-526.64385986328125,799.5570068359375,2155.6055520567356
56.8731608,-2021.9986572265625,-513.56500244140625,830.9464111328125,2245.5955824086323
56.884770599999996,-2165.86669921875,-452.53009033203125,851.000732421875,2370.6463861198717
56.901853599999995,-2280.9609375,-394.11099243164063,860.5919189453125,2469.5596214123493
56.918244699999995,-2364.666015625,-346.15499877929688,867.56732177734375,2542.4676411800447
56.930084099999995,-2329.788818359375,-363.59353637695313,928.60223388671875,2534.2490616801806
56.9480347,-2252.187255859375,-361.84970092773438,980.9178466796875,2483.0389572963986
56.959185999999995,-2153.65966796875,-270.29736328125,1017.5387573242188,2397.2266794546103
56.9768918,-2146.68408203125,-167.40997314453125,1042.82470703125,2392.4385084573055
56.9883472,-2166.738525390625,-122.06977844238281,1069.8543701171875,2419.554761000411
57.0056223,-2241.72412109375,-143.86795043945313,1102.9876708984375,2502.5200947067647
57.022933699999996,-2275.7294921875,-173.51347351074219,1115.194580078125,2540.2186123515758
57.0345194,-2250.443603515625,-194.43971252441406,1129.1453857421875,2525.326219828607
57.051944399999996,-2151.915771484375,-212.75018310546875,1171.869873046875,2459.5290458397726
57.0634224,-2039.4371337890625,-231.06063842773438,1189.308349609375,2372.1608697048678
57.0802353,-2031.58984375,-134.27674865722656,1132.6331787109375,2329.8595356748328
57.0974862,-2103.087890625,-20.926246643066406,1105.6033935546875,2376.0840572950528
57.109318099999996,-2083.033447265625,16.566612243652344,1184.0767822265625,2396.1094760625097
57.1266574,-2013.2794189453125,-57.54718017578125,1297.4273681640625,2395.8137390782458
57.1379832,-1909.52001953125,-105.50316619873047,1329.6885986328125,2329.2637017741627
57.1549542,-1791.8099365234375,-22.670101165771484,1251.2152099609375,2185.5517115247089
57.1717003,-1638.3507080078125,63.650669097900391,1109.9630126953125,1979.9652369821965
57.183355299999995,-1511.92138671875,142.99601745605469,1096.01220703125,1872.8579493884076
57.199523799999994,-1462.2215576171875,217.10981750488281,1159.662841796875,1878.8417876611754
57.2163727,-1464.8372802734375,247.62725830078125,1197.15576171875,1907.9437713278774
57.2334404,-1456.1180419921875,269.42544555664063,1108.2191162109375,1849.5998033260892
57.245202299999995,-1317.481689453125,296.45516967773438,946.91265869140625,1649.3293342637614
57.2625738,-1123.913818359375,326.97262573242188,749.857177734375,1390.1004122282918
57.274063299999995,-967.83892822265625,374.9285888671875,613.83660888671875,1205.8519893182029
57.2907922,-857.10418701171875,395.85482788085938,659.1767578125,1151.4524003144045
57.307575099999994,-843.15338134765625,417.65301513671875,801.3009033203125,1235.8902876844397
57.318827199999994,-892.85321044921875,402.83026123046875,871.92694091796875,1311.3792987046318
57.335369199999995,-891.98126220703125,381.90402221679688,840.53759765625,1283.7385666044142
57.352154,-759.4483642578125,319.9971923828125,748.98529052734375,1113.6152776130002
57.363818099999996,-578.08758544921875,323.48489379882813,606.86114501953125,898.39199812830225
57.380433,-429.8599853515625,373.18475341796875,496.12643432617188,755.10787707934617
57.3967981,-354.874267578125,454.27395629882813,425.5003662109375,716.48526489115056
57.4080777,-350.5146484375,507.46148681640625,404.5740966796875,737.60279220957875
57.4246231,-392.36712646484375,517.05267333984375,478.68789672851563,806.49707464598282
57.441244399999995,-422.01266479492188,518.79656982421875,531.87542724609375,854.47998233832334
57.4579495,-399.34255981445313,488.27911376953125,617.32427978515625,882.59857207848506
57.468931899999994,-287.73590087890625,439.45120239257813,721.0836181640625,892.11596349547176
57.4859314,-112.47857666015625,424.62841796875,820.4832763671875,930.67369703477311
57.502295999999994,128.17326354980469,463.86514282226563,904.188232421875,1024.2829764594953
57.5137289,338.30764770507813,503.10186767578125,1117.8104248046875,1271.6381952256068
57.529687599999995,508.33343505859375,438.57925415039063,1695.0260009765625,1823.1477689304782
57.546417,626.0435791015625,126.42941284179688,2886.9501953125,2956.7543674746971
57.5630634,686.20654296875,-725.4432373046875,5208.01953125,5302.8873972625233
57.5744306,497.87030029296875,-2010.66357421875,8369.626953125,8622.1399999698679
57.5912984,369.697021484375,-4148.62841796875,12300.2734375,12986.320505645175
57.6080324,-763.80804443359375,-8230.990234375,15193.3271484375,17296.525454742812
57.6191081,1751.7012939453125,-13423.3154296875,7789.79541015625,15618.411157354885
57.635695999999996,3218.282470703125,-16396.5859375,-11489.3818359375,20278.3447904169
57.652741299999995,-1599.114013671875,-15732.177734375,-25885.767578125,30333.670153863572
57.6639511,1052.4158935546875,-10771.7861328125,-28073.431640625,30087.481113993294
57.6804804,3069.182861328125,3718.7685546875,-20371.701171875,20934.5487564403
57.697929099999996,3690.866943359375,8849.1865234375,-18395.916015625,20744.645742313827
57.7093135,7864.78125,7142.82568359375,-12992.583984375,16783.384088067454
57.725584999999995,6781.84814453125,8453.33203125,-9536.265625,14435.81133004293
57.742416199999994,4463.39404296875,6827.18798828125,-7645.927734375,11180.008637269719
57.7700639,2483.248046875,5473.95751953125,-4326.50146484375,7406.0344796143318
57.775753599999994,2182.43310546875,4003.0166015625,-1006.2037353515625,4669.0044045027844
57.7864363,2055.1318359375,2307.11865234375,-18.310466766357422,3089.7732299101631
57.803283,1116.0665283203125,1055.903564453125,215.365966796875,1551.4249362170644
57.8142868,-4.3596348762512207,130.78904724121094,933.83380126953125,942.95829689759887
57.831248099999996,-750.7291259765625,-436.83541870117188,1413.3935546875,1658.9456724237623
57.847853099999995,-1186.692626953125,-852.74456787109375,1459.605712890625,2065.3962152578661
57.859396,-1379.388427734375,-1286.9642333984375,1328.816650390625,2307.5404791616766
57.876434599999996,-1477.916259765625,-1363.6937255859375,896.3409423828125,2201.663946444547
57.8931031,-1517.1529541015625,-1152.6875,150.84336853027344,1911.3333776777163
57.9039952,-1470.06884765625,-800.428955078125,-404.5740966796875,1722.0537531334551
57.9210645,-1055.0316162109375,-418.52493286132813,-480.4317626953125,1232.5053789893848
57.937625499999996,-447.29852294921875,-134.27674865722656,-196.18356323242188,506.55128500979885
57.948686599999995,-140.38023376464844,6.9754157066345215,68.882232666015625,156.52484925133393
57.9651881,-142.99601745605469,34.005149841308594,286.86398315429688,322.32771530721783
57.981551499999995,-183.10466003417969,-130.78904724121094,533.61932373046875,579.122330827485
57.9982141,-234.54835510253906,-313.02178955078125,626.91546630859375,738.93069601404557
58.0091967,-249.37110900878906,-355.7462158203125,619.9400634765625,757.0118905156445
58.026159899999996,-199.67127990722656,-374.05667114257813,619.9400634765625,751.074360865408
58.043359099999996,-133.40483093261719,-459.50552368164063,716.72393798828125,861.76294797091884
58.0547092,-151.71528625488281,-420.268798828125,735.9063720703125,860.930647500439
58.071253399999996,-217.98173522949219,-331.33224487304688,744.6256103515625,843.66130228765985
58.0880957,-308.66213989257813,-371.44088745117188,808.27630615234375,941.56849807162564
58.0995955,-379.28823852539063,-442.93890380859375,773.39923095703125,968.60766610417636
58.1162067,-426.37228393554688,-376.67245483398438,602.50152587890625,828.66371431690243
58.132950099999995,-435.96347045898438,-365.33740234375,474.32827758789063,740.62330509201229
58.144123,-354.874267578125,-351.38656616210938,394.11099243164063,636.185302426708
58.1608509,-341.79537963867188,-279.8885498046875,368.82510375976563,575.494256285427
58.177848,-291.22360229492188,-281.63241577148438,413.29339599609375,578.73952286058454
58.1892467,-348.77078247070313,-320.86911010742188,394.11099243164063,616.37774041719581
58.2056845,-444.6827392578125,-394.11099243164063,288.60781860351563,660.57602583530388
58.222386699999994,-589.422607421875,-473.45632934570313,253.73074340820313,797.47049856906187
58.238785799999995,-728.05902099609375,-543.21051025390625,288.60781860351563,953.12227414072083
58.2497962,-755.960693359375,-674.8714599609375,442.93890380859375,1105.9488821285336
58.2663424,-703.64508056640625,-893.72515869140625,673.12762451171875,1321.7268468046161
58.283029799999994,-692.30999755859375,-1063.7508544921875,803.91668701171875,1502.3784652371507
58.2940847,-844.897216796875,-1102.11572265625,735.034423828125,1571.2370850032651
58.310842199999996,-1123.0418701171875,-1048.9281005859375,590.2945556640625,1646.1837274987763
58.3269768,-1270.3975830078125,-970.4547119140625,499.6141357421875,1674.9049678777931
58.338042599999994,-1279.98876953125,-950.400390625,575.4718017578125,1694.9336114564071
58.3546566,-1153.559326171875,-1046.3123779296875,798.68511962890625,1750.247591492023
58.3705259,-1094.268310546875,-1205.0030517578125,1014.9229736328125,1918.2085738053681
58.3863485,-1210.234619140625,-1197.15576171875,1143.9681396484375,2050.9785117629976
58.4029081,-1395.0831298828125,-1142.224365234375,1075.9578857421875,2099.6711198922303
58.4140624,-1620.040283203125,-1136.9927978515625,948.65655517578125,2194.8194461607009
58.430443399999994,-1790.0660400390625,-1082.933349609375,871.0550537109375,2266.2343157742262
58.446103799999996,-1858.076416015625,-1068.982421875,919.8829345703125,2332.67142978708
58.462401899999996,-1790.93798828125,-1116.9384765625,1062.007080078125,2362.8096572577983
58.473555299999994,-1828.4307861328125,-1068.982421875,1159.662841796875,2414.6843405713303
58.4894712,-1899.9288330078125,-1030.61767578125,1198.0277099609375,2471.2694628391746
58.506254299999995,-2063.85107421875,-1056.7755126953125,1207.618896484375,2614.3066269916521
58.5228903,-2282.704833984375,-978.30206298828125,1155.30322265625,2739.0768192627743
58.5338778,-2423.0849609375,-839.6656494140625,1101.2437744140625,2790.8989557870336
58.5510561,-2504.17431640625,-754.216796875,1087.29296875,2832.3025939207632
58.566888299999995,-2534.691650390625,-704.5169677734375,1129.1453857421875,2862.8613697808532
58.578049199999995,-2637.5791015625,-619.9400634765625,1164.0224609375,2948.9146289558066
58.593878399999994,-2553.8740234375,-539.7227783203125,1221.5697021484375,2881.9794833124097
58.6106081,-2430.932373046875,-560.6490478515625,1264.2940673828125,2796.8194518065607
58.6271954,-2314.966064453125,-551.92974853515625,1379.388427734375,2750.7102285510159
58.638146799999994,-2191.15234375,-502.22991943359375,1558.133544921875,2735.1715904685398
58.654953199999994,-2180.689453125,-399.34255981445313,1628.759521484375,2750.9522987278028
58.6711326,-2277.47314453125,-309.5340576171875,1513.6651611328125,2752.0678547073007
58.6874051,-2372.51318359375,-255.47459411621094,1333.17626953125,2733.3944172413635
58.6979851,-2356.818603515625,-218.85366821289063,1205.875,2656.4309465131178
58.714390099999996,-2247.82763671875,-162.17842102050781,1179.7171630859375,2543.7695472508585
58.731041,-2055.1318359375,-176.12924194335938,1327.0728759765625,2452.6945980093174
58.7476779,-1895.5692138671875,-250.2430419921875,1546.7984619140625,2459.3474147436509
58.7588108,-1816.223876953125,-234.54835510253906,1595.6263427734375,2428.9309434087422
58.7753825,-1866.795654296875,-108.99086761474609,1408.1619873046875,2340.8812884499289
58.7919425,-1892.9534912109375,24.413955688476563,1194.5399169921875,2238.4804163556441
58.8079627,-1776.9871826171875,112.47857666015625,1107.3472900390625,2096.795864682616
58.819083,-1631.3753662109375,171.76960754394531,1109.091064453125,1980.1447858188142
58.836149199999994,-1521.5125732421875,226.70100402832031,1129.1453857421875,1908.23561383399
58.8523729,-1409.033935546875,231.93257141113281,1094.268310546875,1799.0532189658002
58.863340799999996,-1341.8956298828125,211.00633239746094,1041.9527587890625,1711.9792946640903
58.880004199999995,-1305.274658203125,209.26246643066406,949.5284423828125,1627.6169623402982
58.897026999999994,-1286.09228515625,261.57809448242188,838.79376220703125,1557.5722907682023
58.9083371,-1252.087158203125,327.84454345703125,750.7291259765625,1496.2615135734995
58.9248835,-1201.515380859375,376.67245483398438,699.285400390625,1440.3199019217175
58.9416392,-1169.2540283203125,380.16015625,696.66961669921875,1413.1614493663274
58.952779899999996,-1123.0418701171875,333.94802856445313,712.36431884765625,1371.2064945097366
58.969660999999995,-1042.82470703125,326.10067749023438,720.211669921875,1308.6366458822931
58.9860684,-937.32147216796875,341.79537963867188,687.07843017578125,1211.3927492528128
59.0028462,-777.75885009765625,313.89370727539063,663.53643798828125,1069.4478448762677
59.013777,-650.45751953125,316.50949096679688,611.2208251953125,947.02911240322817
59.0304243,-557.16131591796875,333.94802856445313,576.34375,868.40205889990261
59.046833799999995,-483.91946411132813,374.05667114257813,553.67364501953125,825.01572479636764
59.057924099999994,-477.81597900390625,420.268798828125,559.777099609375,847.51659234907049
59.074304,-543.21051025390625,485.663330078125,559.777099609375,918.85631623228619
59.0916862,-555.41748046875,506.58956909179688,578.08758544921875,948.31789267806948
59.108123899999995,-409.8056640625,413.29339599609375,605.1173095703125,839.59458777037389
59.119059199999995,-191.82392883300781,331.33224487304688,518.79656982421875,644.769227729518
59.1360429,-30.517444610595703,358.36196899414063,324.35684204101563,484.31598799310615
59.1526864,-54.059471130371094,479.55984497070313,88.064620971679688,490.56645706173782
59.1640048,-510.0772705078125,657.43292236328125,-154.33106994628906,846.29483541292552
59.180670899999996,-1111.7069091796875,899.82861328125,-306.91830444335938,1462.7995866829804
59.196996299999995,-1525.000244140625,1039.3369140625,-330.4603271484375,1874.8469253197657
59.207930299999994,-1422.1129150390625,917.26715087890625,-197.05549621582031,1703.7062651147553
59.224732499999995,-740.2659912109375,471.71249389648438,204.03091430664063,901.185346437877
59.2411124,-2.6157808303833008,-272.04119873046875,957.37579345703125,995.27969235463809
59.2577013,747.24139404296875,-1383.748046875,2010.66357421875,2552.6253871047697
59.268620999999996,943.42498779296875,-2647.170166015625,3281.93310546875,4320.7227988158538
59.2853953,163.05033874511719,-4147.75634765625,5575.10107421875,6950.6992540493848
59.302211799999995,-941.68109130859375,-6989.36669921875,10101.2734375,12319.648338853638
59.313296799999996,-700.1573486328125,-13471.271484375,17171.73046875,21836.522227909292
59.3303308,8198.7294921875,-14280.419921875,2734.363037109375,16692.102912750674
59.346995,7468.0546875,-13466.0400390625,-20266.19921875,25452.40471788841
59.357909199999995,1637.4788818359375,-12547.029296875,-28581.765625,31257.424838068953
59.374471,-497.87030029296875,1639.22265625,-27289.5703125,27343.291199004529
59.391638699999994,5715.4814453125,13297.7578125,-15169.78515625,20967.104537307936
59.408186099999995,10086.451171875,3811.19287109375,-13717.1552734375,17447.694321568353
59.4191176,4078.874267578125,7904.01806640625,-8388.8095703125,12226.31763417563
59.4358241,6120.92724609375,5984.90673828125,-4138.16552734375,9508.3790916009075
59.452363,4554.07470703125,5859.34912109375,-2563.46533203125,7851.30072463219
59.4636825,2912.236083984375,4627.31640625,-2501.558349609375,6012.5676968256621
59.4807791,2053.387939453125,3309.834716796875,-2567.824951171875,4665.3116575708254
59.4975641,1317.481689453125,2036.8214111328125,-1860.692138671875,3057.21682217808
59.508473699999996,872.79888916015625,939.937255859375,-515.308837890625,1382.3180329720949
59.5250345,360.1058349609375,321.74105834960938,426.37228393554688,644.19472639044113
59.5417412,-647.84173583984375,-56.675251007080078,424.62841796875,776.6725771644966
59.5528815,-1210.234619140625,-296.45516967773438,197.05549621582031,1261.5008401043463
59.569376399999996,-1170.1259765625,-589.422607421875,224.9571533203125,1329.36809499714
59.5865282,-785.606201171875,-959.9915771484375,304.30252075195313,1277.2474136406156
59.6028722,-439.45120239257813,-967.83892822265625,310.406005859375,1107.3307720555015
59.613824199999996,-390.623291015625,-520.5404052734375,339.17959594726563,733.88804821516385
59.6304594,-480.4317626953125,-174.38539123535156,469.09671020507813,693.74106611044635
59.646584499999996,-537.10699462890625,-109.86280059814453,537.97894287109375,768.09836714268772
59.6577693,-503.97378540039063,-140.38023376464844,627.78741455078125,817.1983995768536
59.674699,-442.93890380859375,-181.36080932617188,856.2322998046875,980.92831893845687
59.6911032,-251.98689270019531,-314.765625,976.5582275390625,1056.5229597829741
59.7082018,-54.931400299072266,-324.35684204101563,933.83380126953125,990.08605086181251
59.719978999999995,-92.42425537109375,-333.94802856445313,760.3203125,835.55401163723911
59.7364319,-204.03091430664063,-354.00234985351563,508.33343505859375,652.187978188102
59.7533848,-264.19387817382813,-268.55349731445313,367.95318603515625,526.60130392714927
59.764655999999995,-341.79537963867188,-251.98689270019531,359.23391723632813,556.210825971592
59.7822428,-326.97262573242188,-383.64785766601563,455.1458740234375,679.15723018358324
59.7930353,-169.15382385253906,-483.91946411132813,515.308837890625,726.8660552522158
59.810452299999994,-181.36080932617188,-340.92343139648438,490.02294921875,623.89343641012852
59.8275662,-310.406005859375,-349.6427001953125,436.83541870117188,639.86489926020135
59.8390364,-619.9400634765625,-391.49520874023438,348.77078247070313,811.93302647146368
59.855778199999996,-709.74853515625,-389.7513427734375,231.06063842773438,842.04400774589715
59.8727557,-734.1624755859375,-322.61297607421875,183.10466003417969,822.55759033405627
59.8849363,-809.148193359375,-251.98689270019531,172.64154052734375,864.88339932333929
59.902255499999995,-923.37066650390625,-198.79934692382813,186.59237670898438,962.7830924684522
59.9141373,-723.69940185546875,-404.5740966796875,243.26762390136719,864.060276131686
59.930855799999996,-488.27911376953125,-409.8056640625,422.88458251953125,764.97617307598784
59.948674399999994,-476.94406127929688,-352.25848388671875,554.5455322265625,811.83891528566232
59.9599311,-519.66845703125,-380.16015625,627.78741455078125,899.27420039808715
59.977337899999995,-565.880615234375,-342.66729736328125,703.64508056640625,965.79404988102635
59.9888802,-603.37347412109375,-356.61813354492188,760.3203125,1034.080760891585
60.005643899999995,-656.56097412109375,-386.26364135742188,807.40435791015625,1110.0332024520017
60.0224857,-708.00469970703125,-450.7862548828125,864.07965087890625,1204.6213286595619
60.0333617,-797.81317138671875,-520.5404052734375,934.7056884765625,1334.5946553282811
60.050248499999995,-906.80401611328125,-534.4912109375,947.78460693359375,1416.428621339204
60.0671153,-950.400390625,-589.422607421875,911.1636962890625,1442.532215957516
60.0781522,-1042.82470703125,-639.994384765625,790.8377685546875,1456.8804200410207
60.0951211,-1105.6033935546875,-653.07330322265625,696.66961669921875,1460.8943007807338
60.111831599999995,-1249.4713134765625,-628.65936279296875,668.76800537109375,1550.3682796794249
60.123821799999995,-1411.6497802734375,-643.48211669921875,718.46783447265625,1709.6842883496297
60.141261699999994,-1504.9459228515625,-700.1573486328125,849.2568359375,1864.4891302817093
60.157649199999994,-1562.4931640625,-728.93096923828125,935.57763671875,1961.6398140293095
60.169238,-1670.612060546875,-712.36431884765625,882.39007568359375,2019.1631497422043
60.1868507,-1751.7012939453125,-782.11846923828125,790.8377685546875,2074.9918311419619
60.1987648,-1742.9820556640625,-928.60223388671875,778.63079833984375,2122.8646860479985
60.216017,-1752.5732421875,-1024.51416015625,849.2568359375,2200.5407078667836
60.233075,-1913.879638671875,-1026.258056640625,960.863525390625,2374.7420037908705
60.2443532,-2050.772216796875,-965.22314453125,1029.7457275390625,2489.5177579824003
60.260930699999996,-2179.8173828125,-867.56732177734375,961.73541259765625,2535.5890605679451
60.2780208,-2220.798095703125,-794.325439453125,881.5181884765625,2517.9299835889055
60.2890825,-2164.99462890625,-798.68511962890625,830.074462890625,2452.3709502138358
60.3063301,-2107.447509765625,-804.78857421875,766.423828125,2382.5249505363345
60.323118799999996,-2236.49267578125,-771.65533447265625,750.7291259765625,2482.1252314564663
60.334591499999995,-2373.38525390625,-700.1573486328125,809.148193359375,2603.4397775099205
60.351628399999996,-2399.54296875,-737.65020751953125,946.040771484375,2682.7089720731769
60.3683555,-2358.5625,-728.05902099609375,1107.3472900390625,2705.3844505387578
60.379843799999996,-2398.671142578125,-563.26483154296875,1143.09619140625,2716.1663099850221
60.396721199999995,-2449.242919921875,-386.26364135742188,1081.189453125,2704.9881912812234
60.408352799999996,-2410.006103515625,-296.45516967773438,1033.2333984375,2638.860803880706
60.4252423,-2270.497802734375,-272.04119873046875,1062.8790283203125,2521.6816838910231
60.442048299999996,-2113.551025390625,-281.63241577148438,1120.4261474609375,2408.6862615245686
60.453243,-2056.875732421875,-246.75532531738281,1141.3524169921875,2365.2296524803719
60.4713127,-2068.210693359375,-170.89768981933594,1152.6875,2373.8976315687883
60.488421599999995,-2081.28955078125,-152.58721923828125,1205.875,2410.2247964227504
60.5001246,-2124.885986328125,-49.699836730957031,1268.6536865234375,2475.2964883007935
60.517300799999994,-2139.708740234375,37.49285888671875,1272.1414794921875,2489.5989940846794
60.528428899999994,-2072.5703125,47.084056854248047,1217.2100830078125,2404.0309887441317
60.545951599999995,-1998.45654296875,52.315616607666016,1109.9630126953125,2286.6095791427319
60.563842799999996,-1907.7762451171875,95.0400390625,1130.8892822265625,2219.8093114304538
60.5756154,-1844.9974365234375,156.94685363769531,1261.6783447265625,2240.6427875046897
60.5927662,-1799.6572265625,209.26246643066406,1397.698974609375,2288.2568336179775
60.603975899999995,-1802.2730712890625,253.73074340820313,1370.669189453125,2278.4427885203254
60.6213625,-1786.578369140625,306.91830444335938,1245.1116943359375,2199.1735370487868
60.633238199999994,-1708.10498046875,328.71646118164063,1141.3524169921875,2080.4716955363365
60.6673493,-1368.053466796875,332.20416259765625,1024.51416015625,1741.1373173942441
60.6784512,-1244.23974609375,328.71646118164063,1010.5633544921875,1636.2840068440819
60.695683599999995,-1194.5399169921875,342.66729736328125,1014.0510864257813,1603.9470364857018
60.7124847,-1185.8206787109375,319.12527465820313,1065.4947509765625,1625.82000459545
60.7237977,-1233.776611328125,278.14471435546875,1076.829833984375,1661.0634244793343
60.740346599999995,-1186.692626953125,198.79934692382813,1021.8983764648438,1578.618656618416
60.7576107,-1025.3861083984375,101.14352416992188,1000.97216796875,1436.5207846829308
60.7691976,-776.0150146484375,-58.419105529785156,1089.0367431640625,1338.5115325659704
60.786584,-568.49639892578125,-163.05033874511719,1143.9681396484375,1287.8030412633702
60.8042212,-463.86514282226563,-144.73988342285156,1017.5387573242188,1127.6105831516911
60.815749399999994,-492.63873291015625,-20.926246643066406,778.63079833984375,921.62722891917269
60.8329618,-571.98406982421875,177.87310791015625,505.7176513671875,783.93555956764646
60.8440471,-616.452392578125,367.95318603515625,304.30252075195313,779.74555052575317
60.8606352,-589.422607421875,396.72677612304688,313.89370727539063,776.749898294217
60.8770661,-426.37228393554688,170.0257568359375,570.240234375,732.03552331570825
60.887836699999994,-124.68555450439453,-279.01663208007813,1024.51416015625,1069.1239557881229
60.9043248,275.5289306640625,-741.137939453125,1455.24609375,1656.1832115754403
60.9214493,643.48211669921875,-751.60101318359375,1858.9482421875,2105.8636909026918
60.932901199999996,810.0201416015625,-402.83026123046875,2408.26220703125,2572.5729740822221
60.9500423,580.703369140625,-230.188720703125,3443.239501953125,3499.4430296663809
60.967225199999994,241.52377319335938,-798.68511962890625,5069.38330078125,5137.5946418118665
60.9787368,-47.084056854248047,-2845.09765625,6569.09765625,7158.899468448928
60.995495999999996,-249.37110900878906,-5657.06201171875,7687.7802734375,9548.1151065063314
61.012717699999996,1082.933349609375,-9658.3349609375,8043.5263671875,12615.644861718496
61.0244949,6064.251953125,-13177.4326171875,1069.8543701171875,14545.255944972443
61.0415363,9646.1279296875,-15597.029296875,-12942.01171875,22445.729532624609
61.0531441,5263.8232421875,-12986.48046875,-24709.5390625,28406.299138948598
61.070133999999996,931.218017578125,-2369.8974609375,-25443.701171875,25570.79408808599
61.0880952,-1188.4364013671875,10327.974609375,-22333.537109375,24634.656896896686
61.099160899999994,9454.3037109375,8010.39306640625,-14772.1865234375,19281.279792073045
61.1165813,9570.2705078125,6816.72509765625,-5609.97802734375,13020.356067212679
61.1339907,8092.35400390625,4636.90771484375,-1307.0185546875,9417.8237392092033
61.1452272,5980.546875,3528.6884765625,-364.46548461914063,6953.51841718823
61.1614675,4177.40185546875,2327.173095703125,-1587.779052734375,5038.5973444739848
61.1728969,2247.82763671875,1112.578857421875,-2970.6552734375,3887.8469043907571
61.1892992,170.89768981933594,918.13909912109375,-2415.23779296875,2589.5094173037946
61.2058341,-295.583251953125,249.37110900878906,-558.90521240234375,679.65465149145189
61.2226642,-830.9464111328125,-546.69818115234375,831.81829833984375,1296.6389323565659
61.233762799999994,-1325.3289794921875,-1153.559326171875,864.9515380859375,1958.4016917162685
61.2507783,-1589.5228271484375,-1081.189453125,-323.48489379882813,1949.4091228089442
61.2674369,-1301.7869873046875,-829.2025146484375,-1164.0224609375,1933.1772966239027
61.2789084,-1034.977294921875,-576.34375,-1109.091064453125,1622.7856014944273
61.2955185,-769.9114990234375,-35.749004364013672,-513.56500244140625,926.16991927733022
61.31247,-297.32708740234375,143.86795043945313,113.35050201416016,349.21300143848026
61.324354899999996,-103.75930786132813,258.96231079101563,462.12127685546875,539.79954325713652
61.3410434,-30.517444610595703,129.04519653320313,534.4912109375,550.69486264472175
61.358056399999995,34.877079010009766,-39.236713409423828,272.04119873046875,277.06018141579659
61.369677599999996,-139.50831604003906,-30.517444610595703,-27.901662826538086,145.50734503238664
61.386712499999994,-262.45001220703125,-58.419105529785156,-198.79934692382813,334.38597628446024
61.398370199999995,-280.76046752929688,50.571762084960938,-77.60150146484375,295.64494969007234
61.4153944,-216.23788452148438,108.11894226074219,168.28190612792969,294.56294456017014
61.4326698,-245.011474609375,60.162960052490234,351.38656616210938,432.57684095630503
61.4443887,-258.96231079101563,-115.0943603515625,422.01266479492188,508.3334333311837
61.4614755,-203.15898132324219,-191.82392883300781,398.47061157226563,486.67116172216708
61.4782278,-183.97659301757813,-223.21330261230469,320.86911010742188,432.005267401425
61.4905809,-238.03605651855469,-269.42544555664063,191.82392883300781,407.48945334723663
61.5079005,-394.11099243164063,-175.25732421875,69.754158020019531,436.92590517025951
61.518941299999994,-550.1859130859375,-80.217277526855469,29.645517349243164,556.79278665490233
61.5364504,-753.34490966796875,-24.413955688476563,-8.7192697525024414,753.79083293710585
61.5531581,-988.76519775390625,-104.63123321533203,-107.24701690673828,1000.0531155338083
61.564209,-1090.7806396484375,-341.79537963867188,-184.8485107421875,1157.9272245257052
61.5807724,-1096.8841552734375,-318.25335693359375,-211.00633239746094,1161.4489750312976
61.598502599999996,-1020.154541015625,-224.9571533203125,-150.84336853027344,1055.4973852238286
61.6094909,-889.365478515625,-185.72044372558594,-4.3596348762512207,908.56042397256624
61.6263454,-637.37860107421875,-251.11495971679688,204.90283203125,715.04921136612916
61.6387128,-369.697021484375,-231.06063842773438,463.86514282226563,636.58132006097344
61.6560372,-255.47459411621094,-203.15898132324219,648.71368408203125,726.20264654325081
61.6730738,-227.57293701171875,-217.98173522949219,724.5712890625,790.13228733389519
61.684274499999994,-214.49403381347656,-258.09039306640625,687.95037841796875,765.43717227488719
61.7007754,-134.27674865722656,-353.13043212890625,567.62445068359375,681.85692365726959
61.7182646,-161.30648803710938,-292.09552001953125,476.07211303710938,581.3641137101298
61.730041299999996,-272.04119873046875,-218.85366821289063,422.88458251953125,548.3928446193172
61.7467774,-348.77078247070313,-226.70100402832031,438.57925415039063,604.47180753430337
61.7582478,-420.268798828125,-304.30252075195313,483.04754638671875,708.91524138972852
61.7747975,-588.55072021484375,-464.737060546875,544.954345703125,927.01009951989306
61.7918714,-759.4483642578125,-539.7227783203125,484.7913818359375,1050.2786198500196
61.8031662,-1082.0614013671875,-613.83660888671875,464.737060546875,1328.0183711771529
61.8200888,-1156.1751708984375,-632.14703369140625,493.51065063476563,1407.0904947077231
61.8369248,-1044.5684814453125,-673.99957275390625,570.240234375,1367.688802835451
61.8539025,-959.9915771484375,-784.7342529296875,767.29571533203125,1458.127014592334
61.8651182,-979.17401123046875,-928.60223388671875,1016.6668701171875,1689.5843802078807
61.881847799999996,-1174.485595703125,-1032.361572265625,1172.7418212890625,1954.6125472341737
61.8931615,-1478.7880859375,-1145.7120361328125,1166.6383056640625,2204.657617203407
61.9104922,-1730.7750244140625,-1209.3626708984375,1105.6033935546875,2383.3797680474136
61.9282398,-1846.7413330078125,-1223.3134765625,1085.549072265625,2466.8535021917419
61.9395482,-1711.5926513671875,-1380.2603759765625,1132.6331787109375,2473.3633027159522
61.956300899999995,-1682.819091796875,-1495.354736328125,1271.26953125,2585.3611167996646
61.9735683,-1847.61328125,-1418.6251220703125,1460.4776611328125,2749.393946434081
61.985029999999995,-2004.56005859375,-1258.1905517578125,1614.8087158203125,2865.1198372373979
62.0029263,-2056.003662109375,-1195.411865234375,1640.966552734375,2889.4518188305592
62.013935,-2064.72314453125,-1129.1453857421875,1608.7052001953125,2850.6110549917762
62.030314,-2067.3388671875,-1104.7314453125,1500.5863037109375,2783.1781856236216
62.047645499999994,-2103.959716796875,-1014.9229736328125,1389.8515625,2718.1616026453153
62.0587247,-2335.0205078125,-801.3009033203125,1304.4027099609375,2792.108583010398
62.0759195,-2598.34228515625,-603.37347412109375,1282.6046142578125,2959.8170174217516
62.093847999999994,-2670.71240234375,-584.1910400390625,1385.491943359375,3064.8934455227613
62.104906,-2602.701904296875,-593.78228759765625,1483.1478271484375,3053.9093118281062
62.1228505,-2499.814697265625,-564.13671875,1551.1580810546875,2995.5659149029761
62.1348822,-2439.651611328125,-506.58956909179688,1541.56689453125,2930.0104891421893
62.152746699999994,-2470.169189453125,-422.01266479492188,1467.453125,2904.005714154689
62.1644443,-2593.982666015625,-317.38140869140625,1436.063720703125,2981.9047671064504
62.182258299999994,-2622.75634765625,-268.55349731445313,1502.3302001953125,3034.4633579118836
62.193489,-2500.6865234375,-281.63241577148438,1667.1243896484375,3018.6178354796566
62.2108905,-2433.548095703125,-347.89886474609375,1827.5589599609375,3063.1946895888664
62.2283823,-2401.286865234375,-396.72677612304688,1867.6676025390625,3067.8580504342317
62.239503799999994,-2305.375,-308.66213989257813,1791.8099365234375,2936.0873719717861
62.2564225,-2124.885986328125,-135.148681640625,1639.22265625,2687.0907200550846
62.268066399999995,-1987.12158203125,60.162960052490234,1459.605712890625,2466.3172141149248
62.2843379,-1825.8150634765625,187.46429443359375,1284.348388671875,2240.1549703512592
62.301499199999995,-1757.8048095703125,209.26246643066406,1136.120849609375,2103.4350746629416
62.3186732,-1735.1346435546875,214.49403381347656,1065.4947509765625,2047.4322909839623
62.329408699999995,-1621.7841796875,256.34652709960938,996.612548828125,1920.7118575992547
62.345634999999994,-1429.960205078125,276.40084838867188,872.79888916015625,1697.928596265536
62.3626613,-1270.3975830078125,308.66213989257813,714.9801025390625,1490.093581806836
62.3741117,-1128.2734375,354.874267578125,622.55584716796875,1336.6048325515676
62.3921333,-1123.0418701171875,381.90402221679688,597.26995849609375,1328.0832532426584
62.40324,-1144.840087890625,409.8056640625,598.14190673828125,1355.128499344482
62.420996099999996,-1205.0030517578125,479.55984497070313,599.01385498046875,1428.5753736196521
62.438693199999996,-1248.599365234375,500.486083984375,582.44720458984375,1465.8551910950216
62.450228599999996,-1153.559326171875,470.84054565429688,578.08758544921875,1373.5265541228732
62.467177799999995,-935.57763671875,416.78109741210938,617.32427978515625,1195.8684141244578
62.4781906,-605.9892578125,347.02694702148438,664.4083251953125,963.89268341036643
62.4956471,-368.82510375976563,315.6375732421875,729.8028564453125,876.51083511919956
62.512981599999996,-232.80450439453125,233.67642211914063,837.92181396484375,900.50850847669415
62.5238756,-175.25732421875,136.02059936523438,932.08990478515625,958.12750912725357
62.5408128,-131.66096496582031,106.37509155273438,986.1494140625,1000.5703057029004
62.557489,-101.14352416992188,94.1681137084961,961.73541259765625,971.61342619650532
62.5688707,-50.571762084960938,94.1681137084961,849.2568359375,855.95695577895026
62.5858213,9.59119701385498,106.37509155273438,698.41351318359375,706.53314611592077
62.603441999999994,-0.87192696332931519,181.36080932617188,601.62957763671875,628.37142845884557
62.6145789,-16.566612243652344,235.42027282714844,673.99957275390625,714.12364585671628
62.6321565,17.438539505004883,146.48373413085938,857.10418701171875,869.7063725292619
62.6440236,82.833061218261719,-93.296188354492188,1068.1104736328125,1075.3722512118193
62.6611123,181.36080932617188,-374.9285888671875,1177.973388671875,1249.4336694392723
62.672905799999995,320.86911010742188,-651.3294677734375,1233.776611328125,1431.5696937527944
62.690281999999996,549.31396484375,-946.91265869140625,1402.05859375,1778.8079478883087
62.707758899999995,779.502685546875,-1183.204833984375,1899.056884765625,2369.3913073856129
62.7187717,871.92694091796875,-1502.3302001953125,3051.744384765625,3511.4664188435545
62.7365305,1148.3277587890625,-2701.229736328125,5121.69921875,5903.1433675096514
62.7483855,1467.453125,-5233.3056640625,8154.2607421875,9799.6364779088181
62.765325999999995,1672.35595703125,-9333.978515625,11593.140625,14977.344188079287
62.781639399999996,3506.018310546875,-14407.720703125,8080.14697265625,16886.780491048987
62.7930632,5936.95068359375,-14696.3291015625,-10298.3291015625,18901.985471503944
62.8111791,3366.510009765625,-13447.7294921875,-25713.126953125,29211.978978638625
62.8284166,531.0035400390625,-9476.1025390625,-28581.765625,30116.371134862718
62.839505599999995,-835.3060302734375,346.15499877929688,-27347.98828125,27362.93154029331
62.8567397,2525.1005859375,7836.87939453125,-16700.888671875,18620.217346848913
62.867953899999996,7690.39599609375,6665.009765625,-9893.7548828125,14193.341094815822
62.8847563,6260.435546875,6809.74951171875,-7569.19775390625,11952.34271122901
62.902437899999995,5039.73779296875,4846.169921875,-4189.60888671875,8150.8982668928093
62.913715399999994,4152.98828125,2973.27099609375,-1727.287353515625,5391.7690679430216
62.930502499999996,2368.153564453125,2498.942626953125,-1770.8836669921875,3871.5493693940057
62.9480071,1447.3988037109375,1246.8555908203125,-1834.5343017578125,2648.6087415225657
62.9595121,1161.40673828125,333.94802856445313,-1343.639404296875,1807.1396587664269
62.9769443,163.05033874511719,304.30252075195313,-719.3397216796875,797.89414854797667
62.9935529,-453.40200805664063,409.8056640625,270.29736328125,668.26246924714894
63.005284399999994,-539.7227783203125,39.236713409423828,1074.2139892578125,1202.8199748233958
63.021924899999995,-662.66448974609375,-308.66213989257813,1136.120849609375,1350.9874638539932
63.0380767,-923.37066650390625,-405.446044921875,786.4781494140625,1278.8853594472132
63.049058099999996,-921.6268310546875,-408.93374633789063,299.94287109375,1051.9451271496102
63.065760299999994,-450.7862548828125,-423.75650024414063,25.285881042480469,619.20690796415442
63.0819663,52.315616607666016,-235.42027282714844,-13.078904151916504,241.51746589608032
63.093473499999995,227.57293701171875,73.241867065429688,54.931400299072266,245.29833160905662
63.1101349,84.576911926269531,292.09552001953125,180.48887634277344,353.62307805054422
63.127159999999996,-100.27159881591797,358.36196899414063,348.77078247070313,510.01838501732891
63.13802,-187.46429443359375,197.05549621582031,432.47576904296875,510.890419841335
63.154416499999996,-149.09951782226563,-161.30648803710938,417.65301513671875,471.89457546203096
63.171344399999995,-176.12924194335938,-239.77992248535156,301.68673706054688,423.71076032225471
63.188009699999995,-307.79022216796875,-229.31678771972656,180.48887634277344,424.14295287765736
63.199225,-457.76165771484375,-240.65184020996094,88.936553955078125,524.75589953776307
63.21619,-410.6776123046875,-384.51980590820313,74.9857177734375,567.56888591074039
63.227696599999994,-272.04119873046875,-318.25335693359375,217.98173522949219,472.02505219519043
63.244097399999994,-171.76960754394531,-190.080078125,304.30252075195313,397.78795646902125
63.260529399999996,-49.699836730957031,-88.936553955078125,339.17959594726563,354.15050855171546
63.276804399999996,124.68555450439453,-61.906814575195313,279.01663208007813,311.81600691790283
63.288406699999996,139.50831604003906,30.517444610595703,168.28190612792969,220.70950274045188
63.3049186,-27.029735565185547,84.576911926269531,54.931400299072266,104.40938355590806
63.321892399999996,-201.41513061523438,53.187545776367188,-37.49285888671875,211.66644593313436
63.3329422,-211.87825012207031,-39.236713409423828,-49.699836730957031,221.13793506553242
63.350138599999994,-240.65184020996094,-88.936553955078125,-6.9754157066345215,256.65477835046329
63.367499599999995,-313.89370727539063,-84.576911926269531,79.345352172851563,334.6314366725075
63.3790665,-216.23788452148438,-112.47857666015625,148.22758483886719,285.2747269159766
63.3961483,-86.320770263671875,-80.217277526855469,170.89768981933594,207.58638533950179
63.4079869,-122.94170379638672,-61.906814575195313,156.94685363769531,208.75687076112791
63.4251413,-232.80450439453125,-67.138374328613281,135.148681640625,277.43587497486931
63.441832399999996,-334.8199462890625,-73.241867065429688,103.75930786132813,358.0988152620763
63.452949,-496.99838256835938,-101.14352416992188,128.17326354980469,523.13075826803049
63.469820399999996,-714.108154296875,-105.50316619873047,170.0257568359375,741.61319574214679
63.487217799999996,-761.1922607421875,-170.0257568359375,268.55349731445313,824.889930064163
63.4992838,-655.6890869140625,-304.30252075195313,415.90914916992188,833.97159615747
63.5176501,-558.03326416015625,-430.73193359375,504.845703125,867.06418821816476
63.529140299999995,-517.05267333984375,-538.85089111328125,518.79656982421875,909.31492384257717
63.546468899999994,-581.57525634765625,-556.2894287109375,448.17047119140625,921.16474017371638
63.558405799999996,-700.1573486328125,-591.16650390625,332.20416259765625,974.70906112156263
63.575147599999994,-829.2025146484375,-589.422607421875,281.63241577148438,1055.6100786050577
63.5924985,-902.44439697265625,-578.08758544921875,327.84454345703125,1120.7467112387162
63.6044901,-935.57763671875,-608.60504150390625,457.76165771484375,1206.337990011943
63.620999399999995,-953.88812255859375,-685.3345947265625,607.73309326171875,1322.4694967116775
63.6381971,-987.89324951171875,-743.75372314453125,731.5467529296875,1436.7544413866081
63.6501442,-1048.05615234375,-782.11846923828125,810.0201416015625,1538.2664360212223
63.667650599999995,-1095.1402587890625,-815.251708984375,871.92694091796875,1619.9457169056886
63.6792981,-1137.86474609375,-823.97100830078125,909.4197998046875,1673.5318267663745
63.696282,-1252.9591064453125,-817.86749267578125,930.3460693359375,1761.9187174012409
63.7127299,-1372.4130859375,-814.3797607421875,967.83892822265625,1866.3987420008016
63.7244877,-1481.4039306640625,-837.04986572265625,1011.435302734375,1979.4472599972519
63.7411749,-1520.640625,-885.005859375,1082.933349609375,2065.9932045446458
63.757909299999994,-1532.84765625,-857.97613525390625,1144.840087890625,2096.760313621412
63.768990499999994,-1578.1878662109375,-799.5570068359375,1138.736572265625,2103.9698974203839
63.7864418,-1673.2279052734375,-744.6256103515625,1102.9876708984375,2137.9290738308259
63.803656499999995,-1756.0609130859375,-695.7977294921875,1074.2139892578125,2172.9749436088496
63.8151711,-1830.1746826171875,-708.00469970703125,1094.268310546875,2246.8273541078493
63.8321664,-1962.7076416015625,-732.41864013671875,1122.1700439453125,2376.53612603493
63.8436294,-2137.093017578125,-748.98529052734375,1130.8892822265625,2531.2163281439252
63.859994199999996,-2261.778564453125,-796.0693359375,1153.559326171875,2660.8396759740563
63.876754399999996,-2258.290771484375,-865.823486328125,1210.234619140625,2704.4769090186992
63.8884658,-2216.438232421875,-862.33575439453125,1227.6732177734375,2676.4534221777103
63.905350399999996,-2208.591064453125,-816.1236572265625,1209.3626708984375,2646.9775940928648
63.9217905,-2311.478271484375,-721.0836181640625,1162.2786865234375,2685.8490518038457
63.9380416,-2459.7060546875,-647.84173583984375,1113.45068359375,2776.6211867947918
63.9487112,-2519.868896484375,-634.7628173828125,1123.913818359375,2831.2268296447564
63.965833599999996,-2512.021484375,-627.78741455078125,1149.19970703125,2832.8482032171514
63.982929399999996,-2456.21826171875,-568.49639892578125,1154.4312744140625,2772.8880020905162
63.995169999999995,-2391.695556640625,-472.58441162109375,1094.268310546875,2672.2587444386586
64.0123381,-2362.922119140625,-319.12527465820313,975.686279296875,2576.2774690739107
64.0234546,-2415.23779296875,-209.26246643066406,885.005859375,2580.7750284690228
64.0412844,-2474.52880859375,-186.59237670898438,873.67083740234375,2630.8573263735957
64.058651099999992,-2489.3515625,-199.67127990722656,947.78460693359375,2671.1487197236411
64.069766899999991,-2537.307373046875,-177.87310791015625,1020.154541015625,2740.4895247729833
64.0871078,-2548.642578125,-140.38023376464844,957.37579345703125,2726.1426982021585
64.0982069,-2487.607666015625,-115.0943603515625,864.07965087890625,2635.9196222319551
64.1149642,-2442.267333984375,-151.71528625488281,842.28143310546875,2587.880459233917
64.1324692,-2452.73046875,-225.82908630371094,895.468994140625,2620.8300685131394
64.144012899999993,-2531.203857421875,-262.45001220703125,1026.258056640625,2743.9166487986918
64.1603478,-2570.440673828125,-229.31678771972656,1178.84521484375,2837.151297932503
64.1777886,-2546.02685546875,-186.59237670898438,1241.6240234375,2838.7848948786386
64.1896079,-2512.021484375,-130.78904724121094,1203.2591552734375,2788.4028237665352
64.207268599999992,-2439.651611328125,-59.291034698486328,1136.9927978515625,2692.2421944947409
64.2187831,-2240.852294921875,-43.596347808837891,1168.382080078125,2527.5356247235345
64.2356823,-1970.554931640625,-57.54718017578125,1277.373046875,2349.0594537904085
64.252492,-1757.8048095703125,-33.133224487304688,1385.491943359375,2238.4287981142456
64.2634978,-1602.601806640625,18.310466766357422,1454.3741455078125,2164.2254917088876
64.280976799999991,-1499.71435546875,54.059471130371094,1445.6549072265625,2083.742710894554
64.2977358,-1401.1866455078125,115.96628570556641,1363.6937255859375,1958.68138607897
64.3086601,-1286.9642333984375,204.90283203125,1320.9693603515625,1855.5921318029107
64.3264694,-1144.840087890625,267.68157958984375,1325.3289794921875,1771.6684675116085
64.3383472,-1003.5879516601563,267.68157958984375,1357.59033203125,1709.3547655164687
64.3548816,-885.005859375,231.93257141113281,1337.5360107421875,1620.5032146964681
64.3707652,-778.63079833984375,170.89768981933594,1257.3187255859375,1488.731781825717
64.3873627,-625.171630859375,161.30648803710938,1116.0665283203125,1289.3656761179861
64.398100599999992,-503.97378540039063,212.75018310546875,947.78460693359375,1094.32530717446
64.4149616,-468.22479248046875,271.16928100585938,745.49755859375,921.15896843262317
64.4314693,-477.81597900390625,295.583251953125,582.44720458984375,809.27270728795077
64.442724,-325.228759765625,59.291034698486328,570.240234375,659.138147791765
64.45890709999999,-95.0400390625,-291.22360229492188,541.4666748046875,622.11731649478907
64.4753807,228.44486999511719,-486.53524780273438,390.623291015625,664.44726010830368
64.4910479,627.78741455078125,-567.62445068359375,217.10981750488281,873.756961482545
64.5078935,1056.7755126953125,-630.4031982421875,124.68555450439453,1236.8222039114949
64.519076099999992,1452.63037109375,-601.62957763671875,202.28704833984375,1585.2486220266362
64.5360196,1827.5589599609375,-548.44207763671875,525.77197265625,1979.1909033458164
64.5530102,2185.049072265625,-751.60101318359375,1277.373046875,2640.2699544005332
64.564144,2347.227294921875,-1459.605712890625,2761.392578125,3907.072277505632
64.581049499999992,2056.875732421875,-2789.29443359375,5250.744140625,6291.3603653113751
64.5982003,1342.767578125,-5106.87646484375,8781.1767578125,10246.573927317615
64.6101377,2673.328125,-9724.6015625,10770.0419921875,14754.943691074377
64.62812,9458.6640625,-11208.62109375,-3256.647216796875,15023.490398877262
64.6394256,8309.4638671875,-12996.943359375,-19194.599609375,24625.19808267774
64.656500999999992,2061.2353515625,-7400.916015625,-27362.8125,28420.868335696956
64.668113699999992,-5945.669921875,9957.40625,-22975.275390625,25736.437385980345
64.6846845,7256.17626953125,11042.0830078125,-17258.921875,21735.916716193122
64.701743,9745.52734375,9379.318359375,-9198.8291015625,16357.425620617722
64.719141,6129.646484375,7226.53076171875,-3451.958740234375,10085.203618061396
64.7307295,5669.26904296875,4735.435546875,-240.65184020996094,7390.72896325982
64.7480985,3440.623779296875,3756.261474609375,142.12409973144531,5095.8406093619315
64.7599304,2139.708740234375,1771.755615234375,-361.84970092773438,2801.5007869374954
64.7768643,918.13909912109375,484.7913818359375,-589.422607421875,1193.9100047228405
64.788127199999991,-31.389369964599609,374.9285888671875,-402.83026123046875,551.20682022243045
64.8043612,144.73988342285156,279.01663208007813,804.78857421875,863.99338193276617
64.8213978,-387.13555908203125,-182.23274230957031,1394.211181640625,1458.3921051922803
64.8388749,-1970.554931640625,-292.09552001953125,658.30487060546875,2098.0399982106042
64.8505393,-2226.029541015625,-469.9686279296875,-193.56777954101563,2283.3191879342639
64.8674064,-1491.8670654296875,-673.12762451171875,-440.3231201171875,1694.8901409543664
64.8792661,-739.39404296875,-755.960693359375,-311.27792358398438,1102.3039809384784
64.896467,-362.72161865234375,-556.2894287109375,-194.43971252441406,691.97666358042329
64.9132209,-376.67245483398438,-92.42425537109375,122.06977844238281,406.60227744140042
64.924233399999991,-369.697021484375,-0.87192696332931519,368.82510375976563,522.21509468268891
64.9409556,-377.54437255859375,-47.084056854248047,603.37347412109375,713.31354321467529
64.9589361,-286.86398315429688,-111.60665130615234,606.86114501953125,680.46119564699529
64.970254799999992,-191.82392883300781,-38.364788055419922,462.12127685546875,501.82103498956371
64.9868944,-95.0400390625,-40.108638763427734,382.77593994140625,396.43250639482591
64.9985447,60.162960052490234,-170.89768981933594,390.623291015625,430.59512030646738
65.0154503,171.76960754394531,-279.01663208007813,506.58956909179688,603.31423865654222
65.033008299999992,40.108638763427734,-153.45915222167969,572.85601806640625,594.4093133009867
65.044552799999991,-44.468276977539063,-204.03091430664063,517.05267333984375,557.62846829948887
65.061883999999992,-155.2030029296875,-162.17842102050781,459.50552368164063,511.40506319065366
65.0730687,-203.15898132324219,-113.35050201416016,394.11099243164063,457.65203195726366
65.0906509,-218.85366821289063,-124.68555450439453,293.83938598632813,387.02067173360223
65.107524099999992,-228.44486999511719,-213.62210083007813,161.30648803710938,351.91084619972736
65.1192525,-273.78506469726563,-245.88340759277344,115.96628570556641,385.8303917540257
65.1366506,-397.59869384765625,-221.46945190429688,136.89253234863281,475.26098607919988
65.1541021,-537.97894287109375,-220.59751892089844,137.76446533203125,597.548036759369
65.1661572,-519.66845703125,-401.95834350585938,148.22758483886719,673.49627471455119
65.1834733,-566.75250244140625,-475.2001953125,129.04519653320313,750.78378205507829
65.1947912,-672.25567626953125,-313.02178955078125,81.0892105102539,745.97975513505367
65.211821,-642.61016845703125,-182.23274230957031,102.88738250732422,675.82720754143122
65.2233761,-497.87030029296875,-195.3116455078125,164.794189453125,559.6236232167945
65.2410252,-398.47061157226563,-253.73074340820313,276.40084838867188,547.31667928835532
65.2584129,-303.43057250976563,-181.36080932617188,358.36196899414063,503.37377396364781
65.269614199999992,-204.90283203125,-170.89768981933594,445.5546875,519.33627883408576
65.2870465,-95.9119644165039,-190.080078125,531.87542724609375,572.90576112171675
65.29834679999999,-81.0892105102539,-211.87825012207031,576.34375,619.38677020100238
65.315514,-72.369941711425781,-268.55349731445313,648.71368408203125,705.82422266341962
65.3324295,-93.296188354492188,-359.23391723632813,723.69940185546875,813.32282047191882
65.3440662,-164.794189453125,-473.45632934570313,770.783447265625,919.47003390741338
65.377485,-702.77313232421875,-467.35284423828125,646.96978759765625,1063.4277890851647
65.3940987,-942.55303955078125,-480.4317626953125,585.06298828125,1208.9332534220107
65.405247899999992,-1028.873779296875,-598.14190673828125,605.1173095703125,1335.1112135933677
65.4208834,-1001.8440551757813,-712.36431884765625,681.84686279296875,1405.7274195088294
65.4370203,-1015.794921875,-762.06414794921875,803.04473876953125,1502.4852549566106
65.448612,-1114.3226318359375,-729.8028564453125,877.15850830078125,1594.9088330628681
65.4652199,-1228.5450439453125,-667.89605712890625,863.20770263671875,1643.3306441560355
65.4819922,-1315.73779296875,-601.62957763671875,789.09393310546875,1647.9664207129561
65.4984362,-1366.3095703125,-534.4912109375,691.4381103515625,1621.9030047889742
65.510318099999992,-1479.6600341796875,-449.914306640625,605.1173095703125,1660.7178142026903
65.5282016,-1620.9122314453125,-447.29852294921875,616.452392578125,1790.9343882445471
65.5400573,-1780.474853515625,-471.71249389648438,670.5118408203125,1960.1503793280176
65.5571293,-1889.4656982421875,-451.65817260742188,719.3397216796875,2071.5997115521914
65.568062799999993,-1919.983154296875,-462.12127685546875,738.52215576171875,2108.38951853239
65.5845745,-1901.6727294921875,-537.97894287109375,715.85205078125,2101.957342972185
65.6015876,-1903.41650390625,-589.422607421875,683.59075927734375,2106.5872219426542
65.618053199999991,-1928.702392578125,-625.171630859375,719.3397216796875,2151.3210179687653
65.629466,-2034.20556640625,-649.5855712890625,826.5867919921875,2289.8033595750194
65.6465144,-2253.059326171875,-680.10302734375,912.90753173828125,2524.3249823579922
65.657787599999992,-2498.942626953125,-746.3695068359375,961.73541259765625,2779.6972312434118
65.674296599999991,-2716.052490234375,-739.39404296875,916.395263671875,2960.308254180005
65.6910457,-2829.403076171875,-680.10302734375,851.87261962890625,3032.1195318335353
65.7077029,-2707.333251953125,-657.43292236328125,893.72515869140625,2925.8530454922352
65.718865499999993,-2624.500244140625,-603.37347412109375,943.42498779296875,2853.4385902555046
65.7355943,-2686.406982421875,-512.69305419921875,993.99676513671875,2909.9254650474104
65.7524444,-2740.466552734375,-457.76165771484375,1070.726318359375,2977.6093616787766
65.7634778,-2762.2646484375,-408.06182861328125,1141.3524169921875,3016.5055583825251
65.7798703,-2580.90380859375,-413.29339599609375,1116.0665283203125,2842.0908493615511
65.796758,-2546.898681640625,-483.04754638671875,1304.4027099609375,2901.981091662456
65.8084312,-2395.183349609375,-479.55984497070313,1369.7972412109375,2800.575905984947
65.825446,-2280.9609375,-371.44088745117188,1373.284912109375,2688.2452605926132
65.8426461,-2268.75390625,-259.834228515625,1302.658935546875,2629.0071159647059
65.8537309,-2224.28564453125,-204.03091430664063,1311.378173828125,2590.1328068756225
65.8710518,-2195.51220703125,-208.39054870605469,1403.8023681640625,2614.2611883429458
65.8880672,-2143.196533203125,-215.365966796875,1583.4193115234375,2673.3669025581962
65.899134699999991,-1993.22509765625,-173.51347351074219,1678.4593505859375,2611.566389542088
65.915922999999992,-1889.4656982421875,-88.936553955078125,1612.1929931640625,2485.3886180375375
65.933004799999992,-1777.859130859375,15.694684982299805,1477.916259765625,2311.9831061658647
65.9447897,-1690.6663818359375,123.81362915039063,1381.13232421875,2186.59761420237
65.96156169999999,-1614.8087158203125,212.75018310546875,1316.6097412109375,2094.3569513700832
65.9731813,-1488.3792724609375,221.46945190429688,1355.846435546875,2025.497749592259
65.9907997,-1358.462158203125,220.59751892089844,1390.7235107421875,1956.5772624547756
66.0079409,-1330.560546875,257.21844482421875,1360.2060546875,1920.0815629724229
66.0198838,-1304.4027099609375,347.89886474609375,1278.244873046875,1859.1422767813333
66.0369836,-1293.9395751953125,442.93890380859375,1177.973388671875,1805.0196124094844
66.0483716,-1327.0728759765625,533.61932373046875,1130.017333984375,1822.8579692111018
66.0659455,-1382.876220703125,666.1522216796875,1158.7908935546875,1923.2529108830727
66.082450999999992,-1473.5565185546875,774.2711181640625,1289.5799560546875,2105.678285222139
66.0937524,-1470.06884765625,742.88177490234375,1518.896728515625,2240.5407874499629
66.1102081,-1402.9305419921875,552.80169677734375,1667.996337890625,2248.5585615747123
66.1272051,-1151.8155517578125,283.37625122070313,1665.3804931640625,2044.6205887739732
66.1391467,-984.405517578125,121.19784545898438,1530.2318115234375,1823.5549176760367
66.1562606,-882.39007568359375,147.35565185546875,1447.3988037109375,1701.5549449790039
66.1732092,-782.99041748046875,218.85366821289063,1463.96533203125,1674.5642464073585
66.184862,-708.00469970703125,170.89768981933594,1521.5125732421875,1686.8542277644776
66.201539799999992,-639.1224365234375,-66.266448974609375,1582.5474853515625,1708.0179374116403
66.212898,-460.37744140625,-507.46148681640625,1601.7298583984375,1742.1260254191604
66.2298125,-223.21330261230469,-873.67083740234375,1476.17236328125,1729.8004962150276
66.247593999999992,17.438539505004883,-1074.2139892578125,1268.6536865234375,1662.4445776346229
66.258936699999992,279.01663208007813,-1222.441650390625,1167.51025390625,1713.2699911465504
66.276314599999992,607.73309326171875,-1438.679443359375,1267.7818603515625,2011.5687656221864
66.28811739999999,719.3397216796875,-1679.331298828125,1598.2420654296875,2427.3403029074684
66.3049384,837.92181396484375,-2164.122802734375,2257.4189453125,3237.5115082866996
66.3219732,953.88812255859375,-3026.45849609375,3295.011962890625,4574.5445035029152
66.3333074,712.36431884765625,-4303.83154296875,4758.10546875,6455.2301682255074
66.3507212,326.10067749023438,-6629.2607421875,6930.07568359375,9595.8005721307763
66.368203,1273.013427734375,-10991.51171875,7159.39208984375,13179.180101460328
66.3798841,6049.42919921875,-10820.61328125,-6636.236328125,14061.32632511778
66.3963921,4500.88720703125,-13019.61328125,-22102.4765625,26043.95872058587
66.413305999999992,2095.240478515625,-10746.5,-28581.765625,30607.100828978266
66.424801399999993,-1983.6337890625,535.3631591796875,-28581.765625,28655.51854292204
66.4416779,-2355.07470703125,18032.322265625,-19528.548828125,26684.738006949137
66.4531311,11314.99609375,13605.548828125,-12485.994140625,21657.334674326688
66.4697777,9694.9560546875,9276.4306640625,-4561.0498046875,14172.068094964854
66.4861718,5662.2939453125,6763.53759765625,880.646240234375,8864.6799918818961
66.5028423,5820.1123046875,3405.746826171875,1629.6314697265625,6937.4719754589132
66.514268,3408.362548828125,3313.322509765625,-617.32427978515625,4793.3423187151984
66.530968,1526.744140625,1893.8253173828125,-1604.3455810546875,2914.0087074582643
66.547428099999991,1006.2037353515625,-50.571762084960938,-1163.1505126953125,1538.8055677502546
66.5588465,-198.79934692382813,-190.080078125,-267.68157958984375,383.80339301400204
66.575923,-482.17559814453125,-376.67245483398438,720.211669921875,945.02925624995987
66.59258419999999,-550.1859130859375,-1068.982421875,1207.618896484375,1704.0455851831214
66.603252099999992,-1046.3123779296875,-1442.167236328125,873.67083740234375,1984.4184694450139
66.620436099999992,-1175.3575439453125,-1472.6846923828125,194.43971252441406,1894.2207793956841
66.6373961,-902.44439697265625,-1433.4478759765625,-301.68673706054688,1720.5213134649914
66.6491872,-757.70452880859375,-987.02130126953125,-451.65817260742188,1323.7531140737412
66.6659098,-454.27395629882813,-354.874267578125,-138.63638305664063,592.89174380111569
66.682596,-74.1137924194336,-54.931400299072266,248.49919128417969,265.07010588615822
66.6943392,10.463123321533203,149.09951782226563,400.2144775390625,427.21396418696156
66.7114807,-53.187545776367188,319.9971923828125,318.25335693359375,454.43626325162177
66.7287312,-24.413955688476563,336.56381225585938,170.89768981933594,378.25555030712
66.7403281,100.27159881591797,222.34136962890625,142.99601745605469,282.73298213305537
66.7576812,164.794189453125,140.38023376464844,217.98173522949219,307.21290956434467
66.7700244,136.02059936523438,106.37509155273438,340.051513671875,381.38208597817442
66.7874259,61.034889221191406,163.05033874511719,532.74737548828125,560.473404147594
66.7987534,93.296188354492188,221.46945190429688,728.93096923828125,767.5241069848729
66.8158407,121.19784545898438,174.38539123535156,816.99554443359375,844.14507168172861
66.8322136,-35.749004364013672,80.217277526855469,781.24658203125,786.16730080966192
66.8432564,-64.522598266601563,-231.06063842773438,576.34375,624.27902614277207
66.8608623,-66.266448974609375,-240.65184020996094,310.406005859375,398.31700808491149
66.8781623,-260.7061767578125,-139.50831604003906,20.926246643066406,296.42568822989961
66.889766999999992,-531.0035400390625,-129.9171142578125,-149.09951782226563,566.63381678640212
66.9073003,-734.1624755859375,-184.8485107421875,-163.05033874511719,774.43458435620914
66.9187598,-731.5467529296875,-164.794189453125,-108.99086761474609,757.757735574436
66.9350627,-729.8028564453125,-149.09951782226563,-60.162960052490234,747.30345727344729
66.9512372,-730.6748046875,-177.00117492675781,-40.980567932128906,752.92396234852879
66.967563099999992,-532.74737548828125,-185.72044372558594,34.877079010009766,565.26830792779344
66.9786654,-333.07611083984375,-95.0400390625,137.76446533203125,372.76179061891236
66.9947956,-295.583251953125,-68.882232666015625,216.23788452148438,372.65673684312549
67.0117406,-327.84454345703125,-149.971435546875,306.04635620117188,472.9036353196646
67.0227932,-401.95834350585938,-190.080078125,362.72161865234375,573.81871584304122
67.0396289,-445.5546875,-213.62210083007813,356.61813354492188,609.36842278652944
67.0563593,-374.9285888671875,-316.50949096679688,389.7513427734375,626.62254493091689
67.0678175,-232.80450439453125,-418.52493286132813,461.24935913085938,664.91505321476291
67.0848333,-191.82392883300781,-429.8599853515625,542.33856201171875,718.12752525182827
67.1013584,-365.33740234375,-441.19503784179688,557.16131591796875,799.09524521357662
67.1183169,-625.171630859375,-426.37228393554688,497.87030029296875,905.818816570729
67.1299664,-859.719970703125,-456.88973999023438,381.90402221679688,1045.8094208408595
67.1477167,-930.3460693359375,-550.1859130859375,297.32708740234375,1121.0047924028679
67.1586031,-916.395263671875,-680.9749755859375,333.07611083984375,1189.3052140921225
67.1755136,-898.08477783203125,-815.251708984375,494.38259887695313,1309.8113494881175
67.1923942,-1038.4649658203125,-939.06536865234375,653.07330322265625,1544.9135869751733
67.2039025,-1241.6240234375,-1034.977294921875,771.65533447265625,1791.1616822054436
67.22085899999999,-1383.748046875,-1056.7755126953125,775.14306640625,1905.8803516644223
67.2382161,-1440.42333984375,-1066.36669921875,762.93609619140625,1947.8266919931809
67.2493583,-1326.200927734375,-1084.6771240234375,781.24658203125,1882.9975002741728
67.2669602,-1253.8309326171875,-1021.8983764648438,818.73944091796875,1812.9265212699156
67.2787675,-1300.0430908203125,-935.57763671875,848.38494873046875,1812.5050547654405
67.29490539999999,-1416.88134765625,-959.9915771484375,855.3603515625,1913.3159468726694
67.3123159,-1595.6263427734375,-1021.8983764648438,871.0550537109375,2085.4343969948764
67.3234173,-1779.6029052734375,-1051.5439453125,885.8778076171875,2248.8909843319821
67.340264699999992,-1821.4554443359375,-1140.48046875,906.80401611328125,2332.5284904884707
67.356916099999992,-1834.5343017578125,-1145.7120361328125,906.80401611328125,2345.3071648943546
67.368343799999991,-1872.899169921875,-1114.3226318359375,953.01617431640625,2378.5932937399148
67.3846824,-1888.59375,-1103.8594970703125,1028.0018310546875,2417.0394921190627
67.4017341,-1950.5006103515625,-1140.48046875,1129.1453857421875,2525.889473576568
67.417834,-2090.880859375,-1197.15576171875,1211.1065673828125,2696.6171036086894
67.4288863,-2205.103271484375,-1218.0819091796875,1192.796142578125,2787.2866040526187
67.4452712,-2247.82763671875,-1084.6771240234375,1017.5387573242188,2695.299365642576
67.462189999999993,-2185.9208984375,-942.55303955078125,807.40435791015625,2513.6742437644016
67.4736719,-2089.136962890625,-887.62164306640625,664.4083251953125,2365.1223760187572
67.4903504,-2000.200439453125,-892.85321044921875,685.3345947265625,2295.1409891610087
67.5079014,-2047.2845458984375,-932.96185302734375,750.7291259765625,2371.7896305676691
67.5190174,-2178.945556640625,-958.24774169921875,750.7291259765625,2495.92401604398
67.5357343,-2271.36962890625,-949.5284423828125,748.98529052734375,2573.2670322836639
67.5530653,-2190.280517578125,-885.005859375,770.783447265625,2484.8885768559244
67.5646352,-1972.298828125,-732.41864013671875,823.09906005859375,2259.1794515957135
67.5822151,-1737.75048828125,-649.5855712890625,878.90240478515625,2052.853528892354
67.5942468,-1605.217529296875,-650.45751953125,946.91265869140625,1973.9457652799729
67.6119113,-1659.2769775390625,-625.171630859375,979.17401123046875,2025.542248508212
67.6230921,-1804.8887939453125,-510.0772705078125,952.14422607421875,2103.4212625255404
67.6406009,-1810.9923095703125,-393.23907470703125,943.42498779296875,2079.5145642171924
67.657903699999991,-1709.8487548828125,-311.27792358398438,936.4495849609375,1974.1870568562072
67.669892699999991,-1607.8333740234375,-190.95201110839844,944.296875,1874.37654096094
67.686869,-1540.6949462890625,-44.468276977539063,986.1494140625,1829.81119573409
67.697924,-1534.5914306640625,8.7192697525024414,997.48443603515625,1830.3065548877228
67.7142288,-1607.8333740234375,3.4877078533172607,1000.1002197265625,1893.499609777298
67.730627099999992,-1714.2083740234375,-20.054319381713867,1022.7703247070313,1996.2393800341849
67.7471439,-1709.8487548828125,-70.626083374023438,1085.549072265625,2026.5704025579319
67.7583266,-1570.3404541015625,-43.596347808837891,1143.09619140625,1942.8172034799479
67.7752854,-1418.6251220703125,49.699836730957031,1151.8155517578125,1828.0170611926046
67.7919289,-1298.2991943359375,115.96628570556641,1141.3524169921875,1732.5456176411626
67.8031015,-1254.702880859375,139.50831604003906,1138.736572265625,1700.1361329306565
67.8192876,-1262.55029296875,129.04519653320313,1192.796142578125,1741.67980489326
67.835567,-1248.599365234375,93.296188354492188,1304.4027099609375,1808.0848938527745
67.8526834,-1215.4661865234375,95.0400390625,1400.314697265625,1856.68303998958
67.8641232,-1182.3330078125,102.01545715332031,1403.8023681640625,1838.2000934947707
67.8808722,-1116.9384765625,70.626083374023438,1338.4078369140625,1744.6704966816778
67.897603699999991,-1058.519287109375,69.754158020019531,1300.0430908203125,1677.9275198092594
67.9086442,-1000.1002197265625,144.73988342285156,1331.4324951171875,1671.485139749785
67.9260298,-885.005859375,226.70100402832031,1459.605712890625,1721.9400551292372
67.9429625,-670.5118408203125,211.87825012207031,1661.892822265625,1804.5404606860548
67.9540655,-370.5689697265625,95.9119644165039,1876.3868408203125,1915.0321257477826
67.9709295,-42.724422454833984,-90.680404663085938,2050.772216796875,2053.2206401772628
67.9884984,253.73074340820313,-266.80966186523438,2090.009033203125,2122.1933099239054
67.9994356,314.765625,-231.93257141113281,1841.509765625,1882.5589853322692
68.0281464,183.97659301757813,-91.552330017089844,1491.8670654296875,1505.9537034131233
68.0337955,49.699836730957031,20.926246643066406,1260.806396484375,1261.959092437455
68.045391999999993,27.029735565185547,-41.852493286132813,1280.8607177734375,1281.8293241044516
68.062126499999991,174.38539123535156,-333.94802856445313,1558.133544921875,1603.0320315792819
68.073189,387.13555908203125,-636.5067138671875,2042.9249267578125,2174.5245444170496
68.0899775,464.737060546875,-752.47296142578125,2730.00341796875,2869.6889648956194
68.1069862,443.81082153320313,-875.4146728515625,3686.50732421875,3814.9253133282009
68.1187733,242.39569091796875,-1075.0859375,5174.0146484375,5290.08440634284
68.1363275,132.53289794921875,-1947.012939453125,7651.1591796875,7896.116839836719
68.1535038,-31.389369964599609,-4150.37255859375,10520.6708984375,11309.77868134052
68.165371999999991,884.13397216796875,-8730.6044921875,10474.458984375,13664.532143293462
68.1823428,3476.372802734375,-11210.365234375,-376.67245483398438,11743.054913007329
68.1937337,7022.5,-13353.5615234375,-15168.9130859375,21394.60296006814
68.2103499,4015.2236328125,-10531.1337890625,-23993.685546875,26508.937093496377
68.2275956,1826.68701171875,-2302.759033203125,-25050.4609375,25222.313093469318
68.2395078,2223.413818359375,6360.70703125,-24890.02734375,25785.957886370776
68.2566566,7047.78564453125,7524.7294921875,-16584.921875,19528.248001848773
68.268199,9177.03125,6957.97705078125,-6811.49365234375,13380.1267923213
68.285665299999991,7809.849609375,5057.17626953125,-2631.4755859375,9669.2009236311751
68.3020136,5843.654296875,3962.0361328125,-1192.796142578125,7160.2226569323066
68.3128763,4005.632568359375,3273.2138671875,-1342.767578125,5344.3471127831463
68.330625799999993,2691.638427734375,2377.744873046875,-1695.0260009765625,3971.3601260706232
68.3471986,1545.0545654296875,1660.14892578125,-1831.9185791015625,2915.3411029217914
68.358512199999993,528.38775634765625,1034.977294921875,-1344.5113525390625,1777.0994342378062
68.3753866,-154.33106994628906,619.068115234375,-170.0257568359375,660.28188558996612
68.3919232,-269.42544555664063,355.7462158203125,895.468994140625,1000.5049526369619
68.403054,-330.4603271484375,93.296188354492188,1213.7222900390625,1261.3603782893274
68.4203837,-491.76681518554688,-6.1034889221191406,811.76397705078125,949.12201930629533
68.43688259999999,-562.39288330078125,-170.0257568359375,137.76446533203125,603.467945365137
68.448089299999992,-558.03326416015625,-114.22243499755859,-251.11495971679688,622.50029040923243
68.4655811,-493.51065063476563,180.48887634277344,-340.051513671875,625.91055968401747
68.4822573,-257.21844482421875,389.7513427734375,-164.794189453125,495.20153718359933
68.4938313,-142.12409973144531,564.13671875,177.87310791015625,608.34886346906944
68.5104951,-169.15382385253906,487.40716552734375,510.94918823242188,726.11833339112582
68.5275389,-272.91314697265625,206.64669799804688,633.01898193359375,719.65093974249635
68.538948699999992,-439.45120239257813,-46.212127685546875,442.93890380859375,625.65788777627233
68.5558614,-529.2596435546875,-169.15382385253906,144.73988342285156,574.17629720568516
68.5733437,-559.777099609375,-101.14352416992188,-2.6157808303833008,568.8473046767017
68.584693899999991,-497.87030029296875,-85.448844909667969,73.241867065429688,510.43188781799029
68.6026011,-348.77078247070313,-148.22758483886719,305.1744384765625,486.56337049954277
68.614043299999992,-133.40483093261719,-193.56777954101563,538.85089111328125,587.89932560445811
68.6314927,-64.522598266601563,-208.39054870605469,669.639892578125,704.27790836368467
68.6481397,-147.35565185546875,-283.37625122070313,667.89605712890625,740.33838953412942
68.659379399999992,-240.65184020996094,-405.446044921875,472.58441162109375,667.55960756061859
68.6766459,-369.697021484375,-379.28823852539063,129.9171142578125,545.35668342396752
68.6897801,-428.98806762695313,-307.79022216796875,-120.32592010498047,541.51999970234249
68.706459,-410.6776123046875,-289.47976684570313,-156.94685363769531,526.39049338689051
68.7232303,-318.25335693359375,-318.25335693359375,-20.926246643066406,450.56443068396919
68.7344198,-255.47459411621094,-367.08123779296875,163.05033874511719,476.02659205485384
68.7518812,-322.61297607421875,-412.42144775390625,272.04119873046875,590.06524783756151
68.7634238,-473.45632934570313,-456.01779174804688,251.98689270019531,703.99610530241694
68.7813123,-578.08758544921875,-469.09671020507813,126.42941284179688,755.1300394019936
68.797960899999993,-612.96466064453125,-482.17559814453125,0.87192696332931519,779.88444201800257
68.8092477,-632.14703369140625,-537.97894287109375,-3.4877078533172607,830.08636856872522
68.8251176,-628.65936279296875,-551.057861328125,127.30133819580078,845.62579884085267
68.8418781,-554.5455322265625,-606.86114501953125,362.72161865234375,898.53668221427347
68.8536711,-537.97894287109375,-678.35919189453125,561.52093505859375,1031.93909544584
68.871280099999993,-605.9892578125,-737.65020751953125,661.79254150390625,1161.6024178814159
68.8884095,-776.0150146484375,-798.68511962890625,650.45751953125,1289.6480946332613
68.8998895,-909.4197998046875,-819.611328125,569.3682861328125,1350.180486720735
68.9172913,-917.26715087890625,-855.3603515625,525.77197265625,1359.9472505716808
68.9288553,-832.69024658203125,-885.005859375,578.95953369140625,1346.0321539744498
68.945812699999991,-834.43408203125,-811.76397705078125,726.315185546875,1372.1423907337851
68.9628298,-804.78857421875,-826.5867919921875,911.1636962890625,1470.084914324384
68.9740308,-907.67596435546875,-880.646240234375,1014.9229736328125,1621.5677904778577
68.9912077,-1072.47021484375,-853.61651611328125,1043.696533203125,1722.8337040261886
69.0087097,-1172.7418212890625,-870.18310546875,1028.873779296875,1786.3715375498625
69.0204265,-1140.48046875,-815.251708984375,985.2774658203125,1713.5059770118869
69.037192699999991,-1123.913818359375,-851.000732421875,939.06536865234375,1693.879654604742
69.0482688,-1133.5050048828125,-797.81317138671875,963.47930908203125,1688.0852560109952
69.0655575,-1266.909912109375,-746.3695068359375,1015.794921875,1787.167448629966
69.0826333,-1367.1815185546875,-748.11334228515625,1081.189453125,1896.794535823874
69.0939028,-1479.6600341796875,-791.70965576171875,1130.017333984375,2023.1503085238446
69.111422699999991,-1556.3896484375,-851.87261962890625,1159.662841796875,2119.6352526982619
69.1281121,-1550.2861328125,-810.0201416015625,1120.4261474609375,2077.22759352583
69.139596799999993,-1518.02490234375,-670.5118408203125,1050.6719970703125,1964.1530944006668
69.1569334,-1514.537109375,-608.60504150390625,988.76519775390625,1908.3708676531596
69.168145799999991,-1523.25634765625,-609.4769287109375,962.60736083984375,1902.2052881981547
69.1855611,-1570.3404541015625,-584.1910400390625,969.582763671875,1935.8044964973642
69.2029657,-1668.8681640625,-517.05267333984375,932.96185302734375,1980.6267278902992
69.2140502,-1729.0311279296875,-431.60385131835938,892.85321044921875,1993.2429308120284
